openalex_id,theme,slice,manifest,rank,title,year,type,cited_by,has_abstract,decision,score,reason,final
W2625073173,A1,india,A1_india_q1,1,"Comparing urban governance in Delhi, Hyderabad, Kolkata, and Mumbai",2009,book-chapter,1,True,borderline,3,stub abstract (possible book review) | manual: comparative urban governance in four Indian metros,include
W4231959608,A1,india,A1_india_q1,2,"A Comparative Overview of Urban Governance in Delhi, Hyderabad, Kolkata, and Mumbai",2012,book-chapter,3,True,include,6,rules,include
W4246338484,A1,india,A1_india_q1,3,"Thinking the Delhi, Hyderabad, Kolkata, and Mumbai Experience: Emerging Modes of Urban Governance and State Intervention",2012,book-chapter,1,True,include,3,rules,include
W2741749344,A1,india,A1_india_q1,4,"A comparative overview of urban governance in Delhi, Hybderabad, Kolkata, and Mumbai",2009,article,4,False,include,3,no abstract; core (and context) in title,include
W7121181499,A1,india,A1_india_q1,5,Contrasting Models of Urban Governance: A Comparative Study of Noida and Gurugram,2026,article,0,True,include,6,rules,include
W4236809888,A1,india,A1_india_q1,6,"Assessing Urban Governance through the Prism of Healthcare Services in Delhi, Hyderabad and Mumbai",2012,book-chapter,2,True,include,5,rules,include
W2202981127,A1,india,A1_india_q1,7,Institutional structure for Urban governance in Ahmedabad and Hyderabad,2005,dissertation,0,False,include,3,no abstract; core (and context) in title,include
W2493086812,A1,india,A1_india_q1,8,Urban Governance in India—Spotlight on Mumbai,2008,book-chapter,8,False,include,3,no abstract; core (and context) in title,include
W3201255975,A1,india,A1_india_q1,9,Participatory Urban Governance and Slum Development in Hyderabad and Kolkata,2012,book-chapter,1,True,include,5,rules,include
W2620068598,A1,india,A1_india_q1,10,Urban governance in India,2017,article,137,True,include,5,rules,include
W2183662269,A1,india,A1_india_q1,11,"The Redress of Urban Governance and Marginality in Dhaka, Bangladesh",2012,book-chapter,3,True,include,3,rules,include
W2892268530,A1,india,A1_india_q1,12,"Outsourced urban governance as a state rescaling strategy in Hyderabad, India",2018,article,22,False,include,3,no abstract; core (and context) in title,include
W3178031697,A1,india,A1_india_q1,13,"Urban governance and electricity losses: An exploration of spatial unevenness in Karachi, Pakistan",2021,article,22,True,include,6,rules,include
W1596009649,A1,india,A1_india_q1,14,"Primary Education in Delhi, Hyderabad and Kolkata: Governance by Resignation, Privatisation by Default",2012,book-chapter,4,True,borderline,1,core concept mentioned once | manual: education service governance; urban governance only as framing,exclude
W1607554412,A1,india,A1_india_q1,15,"Supporting decentralised urban governance : training women municipal councillors in Mumbai, India",2003,preprint,5,True,include,6,rules,include
W4407909339,A1,india,A1_india_q1,16,"Housing adequacy in Delhi, Dhaka and Karachi: Strategies for promoting sustainable and inclusive housing",2025,article,7,True,include,2,rules,include
W2582583590,A1,india,A1_india_q1,17,Reforming Urban Governance in Bangladesh,2017,book,23,False,include,3,no abstract; core (and context) in title,include
W3007576890,A1,india,A1_india_q1,18,Metropolitan and Peri-Urban Governance in India: Case Study of Chennai Metropolitan Area,2020,article,5,True,include,3,rules,include
W2795989092,A1,india,A1_india_q1,19,Revitalizing Urban Governance and Finance in South Asia,2015,article,0,False,include,3,no abstract; core (and context) in title,include
W7118831997,A1,india,A1_india_q1,20,Water service provision in rapidly urbanising villages: a comparison of rural and urban governance in Mumbai and Chennai regions in India,2026,article,1,True,borderline,4,"stub abstract (possible book review) | manual: rural vs urban governance and water services, Mumbai/Chennai",include
W2797228865,A1,india,A1_india_q1,21,"Transforming Urban Governance to Manage Uncertainty and Climate Change in Mumbai, India",2018,report,4,True,include,5,rules,include
W3198836228,A1,india,A1_india_q1,22,"From Polarisation to Urban De-integration: Water and Sanitation in Delhi, Kolkata and Hyderabad",2012,book-chapter,1,True,include,3,rules,include
W7217973362,A1,india,A1_india_q1,23,Urban Governance - Greater Noida - Looking Towards the Future,2025,article,0,True,include,3,rules,include
W2551414598,A1,india,A1_india_q1,24,Participatory Urban Governance in Bangladesh,2016,article,7,True,include,3,rules,include
W3019376610,A1,india,A1_india_q1,25,"Relational strategy of institutional reforms and urban governance: an assessment for Dhaka, Bangladesh",2007,article,0,False,include,3,no abstract; core (and context) in title,include
W2586314883,A1,india,A1_india_q2,1,Integrated Property Tax The Potential Own Source Revenue of Municipal Finance in Nepal,2017,article,1,True,borderline,3,"stub abstract (possible book review) | manual: property tax as municipal own-source revenue, Nepal",include
W2332967603,A1,india,A1_india_q2,2,Pragmatic Municipal Finance Reform in India,2012,article,0,True,include,6,rules,include
W2168020096,A1,india,A1_india_q2,3,Implementing property tax reforms in Bangalore: an actor-network perspective,2004,article,66,False,borderline,3,no abstract; context terms missing | manual: property tax reform in Bangalore,include
W2786188552,A1,india,A1_india_q2,4,PROPERTY TAX REFORMS IN MUNICIPAL CORPORATION OF DELHI (MCD) – FISCAL AND DISTRIBUTIONAL IMPLICATIONS,2018,article,0,False,include,3,no abstract; core (and context) in title,include
W4298198794,A1,india,A1_india_q2,5,Property Tax in India,2022,preprint,0,False,borderline,3,no abstract; context terms missing | manual: property tax in India (municipal finance),include
W4385964804,A1,india,A1_india_q2,6,"Application of Geospatial Platform for Enhancing Property Tax in Shakarpur Municipal Corporation Region, Delhi",2023,article,0,True,include,6,rules,include
W3083021186,A1,india,A1_india_q2,7,Land‐based financing of cities in India: A study of Bengaluru and Hyderabad and directions for reforms,2020,article,13,True,include,2,rules,include
W4220843321,A1,india,A1_india_q2,8,Designing Geographic Information System Based Property Tax Assessment in India,2022,article,24,True,include,6,rules,include
W3123242944,A1,india,A1_india_q2,9,Capitalisation of Property Tax: Some Empirical Evidence for Greater Mumbai,2005,conference-abstract,0,True,borderline,6,"flag: \b(patients?|clinical|randomi[sz]ed|prev | manual: property tax capitalisation, Greater Mumbai (flag is a false positive)",include
W2217054908,A1,india,A1_india_q2,10,Capitalisation of Property Tax: Some Empirical Evidence for Greater Mumbai,2005,preprint,0,True,borderline,6,"flag: \b(patients?|clinical|randomi[sz]ed|prev | manual: same paper, repository copy (merged by title)",include
W7164581538,A1,india,A1_india_q2,11,A Review of Property Tax in India,2026,article,0,True,include,6,rules,include
W3068969267,A1,india,A1_india_q2,12,What Ails Property Tax in India? Issues and Directions for Reforms,2020,article,12,True,include,6,rules,include
W4301491751,A1,india,A1_india_q2,13,How much do you love Pakistan: A property tax revenue simulation for a municipal revolution in Punjab,2014,preprint,1,True,include,5,rules,include
W2941808897,A1,india,A1_india_q2,14,Financing capital expenditure through municipal bond market in Navi Mumbai Municipal Corporation,2019,article,0,True,include,6,rules,include
W7204878294,A1,india,A1_india_q2,15,Land and Property Tax as Benefit Taxes,2026,book-chapter,0,True,include,6,rules,include
W4414283972,A1,india,A1_india_q2,16,Application of GIS for Property Tax Assessment: A Case Study of Shillong Municipal Board,2025,article,2,True,include,6,rules,include
W3045365723,A1,india,A1_india_q2,17,Property Tax Reform for Municipal Fund Mobilisation from Value Capture of Real Estate Development,2020,article,0,True,include,5,rules,include
W7149681620,A1,india,A1_india_q2,18,Evaluating the Long-Term Impact of Gender-Based Property Tax Discounts on Female Economic Empowerment and Municipal Revenue,2026,article,0,False,include,3,no abstract; core (and context) in title,include
W3009305815,A1,india,A1_india_q2,19,Assessing the Performance of Kolkata Municipal Corporation: Implications for Service Delivery,2020,preprint,1,True,include,4,rules,include
W3044592952,A1,india,A1_india_q2,20,Towards Sustainable Cities: Lessons from Urban Decentralization in India and Bangladesh,2020,preprint,0,True,include,5,rules,include
W3156129128,A1,india,A1_india_q2,21,Digital Data Creation for Property Tax Management,2020,preprint,1,True,include,6,rules,include
W2791379372,A1,india,A1_india_q2,22,A comparative analysis of property tax assessment methods,2012,article,0,True,include,6,rules,include
W2605658202,A1,india,A1_india_q2,23,Augmenting Revenues From User Charges in Indian Cities: A Case for Delhi,2017,article,0,True,include,3,rules,include
W1574976479,A1,india,A1_india_q2,24,Municipal Affairs in India: A Critical Appraisal of Selected Issues,2000,preprint,3,True,include,3,rules,include
W209260259,A1,india,A1_india_q2,25,"Information and Communication Technology Platform Design for Public Administration Reform: Tensions and Synergies in Bangalore, India",2014,book-chapter,2,False,borderline,0,no abstract; core only in OpenAlex keyword tags | manual: ICT platform for public administration reform (C8 rather than A1),exclude
W166487056,A1,india,A1_india_q3,1,Decentralization and Local Government in Sri Lanka,2003,book-chapter,2,True,include,6,core in title; context terms missing,include
W2969879478,A1,india,A1_india_q3,2,"City Profile: Dhaka, Bangladesh",2019,article,47,True,include,2,rules,include
W4206292611,A1,india,A1_india_q3,3,Decentralization in Local Government Empowerment of Bangladesh,2021,reference-entry,11,False,borderline,3,"no abstract; context terms missing | manual: decentralisation and local government, Bangladesh",include
W2942400011,A1,india,A1_india_q3,4,Metropolitan governance and local decentralisation in India: case of Chennai and Kolkata metropolitan regions,2019,article,5,False,include,3,no abstract; core (and context) in title,include
W2347019457,A1,india,A1_india_q3,5,The Capacity of Local Government in South Asia,2015,article,1,True,include,6,rules,include
W4362646541,A1,india,A1_india_q3,6,Decentralization in Local Government Empowerment of Bangladesh,2022,reference-entry,0,False,borderline,3,"no abstract; context terms missing | manual: decentralisation and local government, Bangladesh (second edition entry)",include
W2119083365,A1,india,A1_india_q3,7,Democratic Decentralization and Empowerment of Local Government Associations in Kerala,2009,article,7,True,include,6,core in title; context terms missing,include
W2765966533,A1,india,A1_india_q3,8,Decentralisation and Local Government Reform in India,1985,article,0,False,borderline,3,no abstract; context terms missing | manual: decentralisation and local government reform in India,include
W1596345304,A1,india,A1_india_q3,9,"Decentralization, Local Government Elections and Voter Turnout in Pakistan",2008,article,17,True,include,6,core in title; context terms missing,include
W88702055,A1,india,A1_india_q3,10,Communicative Planning and Democratic Decentralisation in India- Case of Kolkata City,2008,dissertation,0,True,include,4,rules,include
W7147549033,A1,india,A1_india_q3,11,"Local government system in Pakistan, India, and Bangladesh: Review of research priorities and gaps",2026,article,0,True,include,6,rules,include
W2099993827,A1,india,A1_india_q3,12,Dimension of decentralization process and rural local government in India : a comparison with Bangladesh,2014,article,7,True,include,6,core in title; context terms missing,include
W2554180967,A1,india,A1_india_q3,13,Financial Implications of Decentralisation: Issues Concerning Resource Mobilisation by Urban Local Bodies,2000,article,1,True,include,6,rules,include
W7220550975,A1,india,A1_india_q3,14,Decentralization of Local Government in Bangladesh: Issues and Practices,2017,article,0,True,include,6,core in title; context terms missing,include
W2045365607,A1,india,A1_india_q3,15,Decentralization for Development: Experiment in Local Government Administration in Bangladesh,1987,article,7,True,include,6,core in title; context terms missing,include
W2756226481,A1,india,A1_india_q3,16,Towards an Appropriate Public Local Government Unit for Sri Lanka,2017,book-chapter,0,False,borderline,3,no abstract; context terms missing | manual: local government units in Sri Lanka,include
W4234455940,A1,india,A1_india_q3,17,Decentralization for Development: Experiment in Local Government Administration in Bangladesh,1987,article,3,False,borderline,3,no abstract; context terms missing | manual: decentralisation and local government in Bangladesh,include
W2229324664,A1,india,A1_india_q3,18,Democratic decentralisation and local government,2015,article,0,True,include,6,core in title; context terms missing,include
W3209341161,A1,india,A1_india_q3,19,THE ROLE OF LOCAL GOVERNMENT SYSTEM IN SOUTH ASIA: A CASE STUDY OF PAKISTAN,2021,article,1,True,include,6,core in title; context terms missing,include
W2965215439,A1,india,A1_india_q3,20,Fiscal Decentralization and Municipal Performance in Nepal,2016,article,7,True,include,6,rules,include
W3209626387,A1,india,A1_india_q3,21,Decentralisation and Democratisation in Local Government Focusing Key Development Programs in Bangladesh,2021,article,5,True,include,6,core in title; context terms missing,include
W7218141094,A1,india,A1_india_q3,22,Decentralization And Local Government,2024,article,0,True,include,6,core in title; context terms missing,include
W2476247510,A1,india,A1_india_q3,23,Fiscal decentralization in Nepal : a municipal perspective,2014,article,4,False,include,3,no abstract; core (and context) in title,include
W4412870682,A1,india,A1_india_q3,24,The Informal Economy and Municipal Revenue: A Hidden Fiscal Resource for Indian Urban Local Bodies?,2025,article,0,True,include,6,rules,include
W4404641313,A1,india,A1_india_q3,25,Local Government in Sri Lankan and Pakistan: A Comparative Analysis of Decentralization and Governance,2024,article,1,True,include,6,rules,include
W4231959608,A1,india,A1_india_q4,1,"A Comparative Overview of Urban Governance in Delhi, Hyderabad, Kolkata, and Mumbai",2012,book-chapter,3,True,include,6,rules,include
W4285188090,A1,india,A1_india_q4,2,Finances of Dhaka City Corporations and Kolkata Municipal Corporation,2022,book-chapter,1,False,include,3,no abstract; core (and context) in title,include
W2130788994,A1,india,A1_india_q4,3,Tobacco associated mortality in Mumbai (Bombay) India. Results of the Bombay Cohort Study,2005,article,167,True,exclude,1,"flag, core not in title: \b(patients?|clinical|randomi[sz]ed|prev",exclude
W2027894409,A1,india,A1_india_q4,4,"Women's Reservations and Electoral Politics in Urban Local Bodies: An Analysis of Chennai Municipal Corporation Elections, 2001",2003,article,9,False,include,3,no abstract; core (and context) in title,include
W1977851888,A1,india,A1_india_q4,5,"Tuberculosis Management Practices of Private Practitioners in Pune Municipal Corporation, India",2014,article,35,True,borderline,3,flag: \b(patients?|clinical|randomi[sz]ed|prev | manual: tuberculosis clinical study; municipal corporation only as location,exclude
W2243140457,A1,india,A1_india_q4,6,"Municipal Corporation Building, Mumbai",1893,article,0,True,include,4,rules,include
W608042492,A1,india,A1_india_q4,7,Role of women councillors in urban local bodies : a case study of the Kolkata and the Howrah Municipal Corporation,2010,book,3,False,include,3,no abstract; core (and context) in title,include
W2793706898,A1,india,A1_india_q4,8,Income and disbursement of Urban Local Bodies: A Study of Kurnool Municipal Corporation,2018,article,0,True,include,3,rules,include
W2107658191,A1,india,A1_india_q4,9,"Remote Sensing and GIS Techniques for Evaluation of Groundwater Quality in Municipal Corporation of Hyderabad (Zone-V), India",2007,article,251,True,include,3,rules,include
W365258540,A1,india,A1_india_q4,10,Finances of Bangalore Municipal Corporation,1979,article,0,False,include,3,no abstract; core (and context) in title,include
W2606837565,A1,india,A1_india_q4,11,"Arsenic in groundwater of the Kolkata Municipal Corporation (KMC), India: Critical review and modes of mitigation",2017,article,76,False,include,3,no abstract; core (and context) in title,include
W2015816260,A1,india,A1_india_q4,12,Urban Local Bodies and Management of Environment: Role of Kolhapur Municipal Corporation (KMC) in Maharashtra,2009,article,0,True,include,5,rules,include
W2327424680,A1,india,A1_india_q4,13,"Coverage of birth registration in municipal corporation area of Ahmedabad, India",2016,article,0,True,include,5,rules,include
W4386947020,A1,india,A1_india_q4,14,"Mortality among registered tuberculosis patients in Pune Municipal Corporation area, India",2023,article,0,False,borderline,3,flag: \b(patients?|clinical|randomi[sz]ed|prev | manual: tuberculosis mortality; municipal corporation only as location,exclude
W4298418445,A1,india,A1_india_q4,15,Women in the Calcutta Municipal Corporation,2008,book-chapter,0,True,borderline,3,stub abstract (possible book review) | manual: women councillors in the Calcutta Municipal Corporation,include
W1991995671,A1,india,A1_india_q4,16,"Mumbai Human Development Report 2009 , (Municipal Corporation of Greater Mumbai), 2009",2010,article,15,False,include,3,no abstract; core (and context) in title,include
W4401388725,A1,india,A1_india_q4,17,Olga Teli versus Bombay municipal Corporation & ORS,2024,preprint,0,False,include,3,no abstract; core (and context) in title,include
W2954318468,A1,india,A1_india_q4,18,"INVESTIGATING THE SPATIAL VARIATION OF DEPRIVATION IN KOLKATA MUNICIPAL CORPORATION AREA, INDIA",2019,article,0,False,include,3,no abstract; core (and context) in title,include
W2184399793,A1,india,A1_india_q4,19,Gender Related Educational Development Index (GEDI) of Kolkata Municipal Corporation (KMC) India,2015,article,0,True,include,6,rules,include
W2322428737,A1,india,A1_india_q4,20,Financial Health of Urban Local Bodies of Rajasthan with Special Reference to Jodhpur Municipal Corporation,2013,article,1,True,include,6,rules,include
W2907633963,A1,india,A1_india_q4,21,Progress after the 74th amendment in Kerala local government institutions,2002,article,0,False,borderline,3,no abstract; context terms missing | manual: 74th Amendment and Kerala local government,include
W2800725432,A1,india,A1_india_q4,22,"Using analytic hierarchy process with GIS for Dengue risk mapping in Kolkata Municipal Corporation, West Bengal, India",2018,article,50,False,include,3,no abstract; core (and context) in title,include
W4295067630,A1,india,A1_india_q4,23,"Integrated Influencing Mechanism of Potential Drivers on Seasonal Variability of LST in Kolkata Municipal Corporation, India",2022,article,30,True,include,4,rules,include
W3207591915,A1,india,A1_india_q4,24,"Improving Sustainability in Indian Cities Through Expansion of Edible Green Spaces: Exploring Million Plus Cities of Bengaluru, Hyderabad and Ahmedabad",2021,book-chapter,0,False,exclude,0,core concept missing,exclude
W786884812,A1,india,A1_india_q4,25,Urban risk communication in Ahmedabad - India: between slum dwellers and the municipal corporation.,2007,dissertation,0,True,include,6,rules,include
W1496698723,A1,landmarks,A1_landmarks,1,Applications of case study research,1993,article,7892,True,exclude,1,"core mentioned once, not in keyword tags",exclude
W2069072514,A1,landmarks,A1_landmarks,2,From Managerialism to Entrepreneurialism: The Transformation in Urban Governance in Late Capitalism,1989,article,4713,True,include,5,rules,include
W1665009454,A1,landmarks,A1_landmarks,3,What a Waste : A Global Review of Solid Waste Management,2012,book,3104,True,exclude,1,"core mentioned once, not in keyword tags",exclude
W3125866593,A1,landmarks,A1_landmarks,4,The real-time city? Big data and smart urbanism,2013,article,2611,False,borderline,0,no abstract; core only in OpenAlex keyword tags | manual: smart urbanism / big data (C1/C4),exclude
W2477465903,A1,landmarks,A1_landmarks,5,New State Spaces,2004,book,2295,True,borderline,1,core concept mentioned once | manual: rescaling of urban governance (Brenner),include
W1969085745,A1,landmarks,A1_landmarks,6,Smart cities of the future,2012,article,2287,True,borderline,1,core concept mentioned once | manual: smart city technical vision,exclude
W2124222250,A1,landmarks,A1_landmarks,7,THE DANGERS OF DECENTRALIZATION,1995,article,1897,True,include,6,core in title; context terms missing,include
W1513313904,A1,landmarks,A1_landmarks,8,New State Spaces: Urban Governance and the Rescaling of Statehood,2004,article,1885,True,include,4,rules,include
W4244456534,A1,landmarks,A1_landmarks,9,From Managerialism to Entrepreneurialism: The Transformation in Urban Governance in Late Capitalism,1989,article,1781,True,include,5,rules,include
W2163043615,A1,landmarks,A1_landmarks,10,Governing the smart city: a review of the literature on smart urban governance,2015,article,1774,True,include,4,rules,include
W2127100403,A1,landmarks,A1_landmarks,11,"The informational city: Information technology, economic restructuring, and the urban-regional process",1989,article,1762,True,exclude,1,"core mentioned once, not in keyword tags",exclude
W2095842624,A1,landmarks,A1_landmarks,12,"Liberalism, Neoliberalism, and Urban Governance: A State–Theoretical Perspective",2002,article,1460,True,include,3,rules,include
W2027882651,A1,landmarks,A1_landmarks,13,"Federalism, Chinese Style: The Political Basis for Economic Success in China",1995,article,1360,True,borderline,3,"context terms missing | manual: provincial federalism in China, not local/urban governance",exclude
W2016802582,A1,landmarks,A1_landmarks,14,"Making a city: Urbanity, vitality and urban design",1998,article,1291,True,borderline,1,core concept mentioned once | manual: urban design,exclude
W2002115192,A1,landmarks,A1_landmarks,15,Rethinking Sustainable Cities: Multilevel Governance and the 'Urban' Politics of Climate Change,2004,article,1251,True,borderline,1,core concept mentioned once | manual: multilevel urban governance of climate change,include
W1482339355,A1,landmarks,A1_landmarks,16,Government by experiment? Global cities and the governing of climate change,2012,article,1198,True,borderline,1,core concept mentioned once | manual: urban climate governance (also A14),include
W2128580910,A1,landmarks,A1_landmarks,17,Globalisation as Reterritorialisation: The Re-scaling of Urban Governance in the European Union,1999,article,1134,True,include,4,rules,include
W2163587156,A1,landmarks,A1_landmarks,18,The Spreading of Disorder,2008,article,1122,True,exclude,1,"core mentioned once, not in keyword tags",exclude
W245352281,A1,landmarks,A1_landmarks,19,Spaces of Neoliberalism,2002,book,1059,True,borderline,1,core concept mentioned once | manual: neoliberal urban governance (edited volume),include
W2099436484,A1,landmarks,A1_landmarks,20,Collaborative Planning in Perspective,2003,article,991,True,borderline,1,core concept mentioned once | manual: personal review of collaborative planning,exclude
W1494416504,A1,landmarks,A1_landmarks,21,The Political Economy of Democratic Decentralization,1999,book,967,True,include,6,rules,include
W2133685200,A1,landmarks,A1_landmarks,22,Cities and the Governing of Climate Change,2010,review,916,True,include,2,rules,include
W1591209570,A1,landmarks,A1_landmarks,23,Decentralized Authoritarianism in China,2008,book,847,True,include,5,rules,include
W4211158020,A1,landmarks,A1_landmarks,24,"Environmental decentralization, digital finance and green technology innovation",2022,article,824,False,borderline,3,"no abstract; context terms missing | manual: environmental decentralisation and green innovation, firm level",exclude
W2914374206,A1,landmarks,A1_landmarks,25,A Survey of Blockchain Technology Applied to Smart Cities: Research Issues and Challenges,2019,article,780,True,borderline,1,core concept mentioned once | manual: blockchain for smart cities,exclude
W2168707163,A1,landmarks,A1_landmarks,26,"Roads, Railroads, and Decentralization of Chinese Cities",2017,article,761,True,include,6,core in title; context terms missing,include
W1134140799,A1,landmarks,A1_landmarks,27,Urban living labs for sustainability and low carbon cities in Europe: towards a research agenda,2015,article,752,False,borderline,0,"no abstract; core only in OpenAlex keyword tags | manual: urban living labs, no abstract",exclude
W4243459145,A1,landmarks,A1_landmarks,28,Fast Policy,2015,book,732,True,borderline,1,"core concept mentioned once | manual: policy mobility, not urban governance",exclude
W1983137693,A1,landmarks,A1_landmarks,29,Building Institutional Capacity through Collaborative Approaches to Urban Planning,1998,article,704,True,borderline,1,core concept mentioned once | manual: urban governance capacity and collaborative planning,include
W4234721561,A1,landmarks,A1_landmarks,30,Adaptation to Climate Change,2010,book,702,True,borderline,1,core concept mentioned once | manual: climate adaptation (generic),exclude
W2140493602,A1,landmarks,A1_landmarks,31,Revisiting the urban politics of climate change,2013,article,658,True,exclude,0,core concept missing,exclude
W2049142303,A1,landmarks,A1_landmarks,32,Representative Government in Modern Europe,1995,article,649,True,borderline,3,context terms missing | manual: European national government textbook,exclude
W1230600452,A1,landmarks,A1_landmarks,33,Rethinking Decentralization in Developing Countries,1998,book,634,True,include,6,rules,include
W2148226521,A1,landmarks,A1_landmarks,34,Urban Transitions: On Urban Resilience and Human-Dominated Ecosystems,2010,article,616,False,borderline,0,no abstract; core only in OpenAlex keyword tags | manual: urban resilience ecology,exclude
W1516772677,A1,landmarks,A1_landmarks,35,"The homevoter hypothesis: how home values influence local government taxation, school finance, and land-use policies",2002,book-review,590,True,exclude,0,type book-review,exclude
W2000093815,A1,landmarks,A1_landmarks,36,My city – my brand: the different roles of residents in place branding,2013,article,588,True,borderline,1,core concept mentioned once | manual: place branding,exclude
W2164061616,A1,landmarks,A1_landmarks,37,The Livehoods Project: Utilizing Social Media to Understand the Dynamics of a City,2021,conference-paper,577,True,exclude,1,"core mentioned once, not in keyword tags",exclude
W2119033893,A1,landmarks,A1_landmarks,38,Selective Incivility as Modern Discrimination in Organizations,2011,article,574,True,exclude,1,"core mentioned once, not in keyword tags",exclude
W2045832720,A1,landmarks,A1_landmarks,39,Resilience of and through urban ecosystem services,2014,article,566,False,borderline,0,no abstract; core only in OpenAlex keyword tags | manual: ecosystem services,exclude
W1995980461,A1,landmarks,A1_landmarks,40,Does decentralization increase government responsiveness to local needs?,2003,article,566,False,borderline,3,no abstract; context terms missing | manual: decentralisation and local government responsiveness (Bolivia),include
W2032751183,A1,landmarks,A1_landmarks,41,The environment and the entrepreneurial city: searching for the urban ‘sustainability fix’ in Manchester and Leeds,2004,article,562,True,include,3,rules,include
W2059028256,A1,landmarks,A1_landmarks,42,Du gouvernement des villes à la gouvernance urbaine,1995,article,556,True,include,3,rules,include
W3008607642,A1,landmarks,A1_landmarks,43,Building Resilience to Climate Change in Informal Settlements,2020,article,539,True,exclude,0,core concept missing,exclude
W3136881915,A1,landmarks,A1_landmarks,44,A systematic review of a digital twin city: A new pattern of urban governance toward smart cities,2021,review,538,True,borderline,4,flag: \b(sensor network|wireless|5g|6g|edge co | manual: digital twin city review (C13),exclude
W3082431408,A1,landmarks,A1_landmarks,45,"A survey on blockchain for big data: Approaches, opportunities, and future directions",2022,article,535,False,borderline,0,no abstract; core only in OpenAlex keyword tags | manual: blockchain big data survey,exclude
W4239107312,A1,landmarks,A1_landmarks,46,World Development Report 1981,1981,book,534,True,exclude,1,"core mentioned once, not in keyword tags",exclude
W2110613307,A1,landmarks,A1_landmarks,47,"Analyzing the decentralization of health systems in developing countries: decision space, innovation and performance",1998,article,526,False,borderline,3,no abstract; context terms missing | manual: health-system decentralisation,exclude
W2596195754,A1,landmarks,A1_landmarks,48,Urban living labs: governing urban sustainability transitions,2016,review,523,False,borderline,0,no abstract; core only in OpenAlex keyword tags | manual: urban living labs and sustainability transitions,exclude
W2095162523,A1,landmarks,A1_landmarks,49,Models of Urban Governance,1999,article,515,True,include,6,rules,include
W4300242732,A1,landmarks,A1_landmarks,50,Inventing Local Democracy,2000,book,513,True,include,5,rules,include
W4254087421,A1,landmarks,A1_landmarks,51,European Cities,2002,book,512,True,include,2,rules,include
W2149686728,A1,landmarks,A1_landmarks,52,E-government evaluation: a framework and case study,2003,article,501,False,exclude,0,core concept missing,exclude
W2034882398,A1,landmarks,A1_landmarks,53,Social Cohesion and Multilevel Urban Governance,2000,article,499,False,include,3,no abstract; core (and context) in title,include
W2991061618,A1,landmarks,A1_landmarks,54,"Environmental decentralization, local government competition, and regional green development: Evidence from China",2019,article,498,False,borderline,3,"no abstract; context terms missing | manual: environmental decentralisation, regional green development",exclude
W4245283280,A1,landmarks,A1_landmarks,55,"Urban governance and the production of new state spaces in western Europe, 1960–2000",2004,article,491,True,include,6,rules,include
W2123566363,A1,landmarks,A1_landmarks,56,Managing cities: the new urban context,1995,book-review,481,True,exclude,0,type book-review,exclude
W1779394378,A1,landmarks,A1_landmarks,57,Selling City Futures: The Financialization of Urban Redevelopment Policy,2010,article,473,True,include,3,rules,include
W1501190759,A1,landmarks,A1_landmarks,58,"Decentralization, Local Government, and the Welfare State",2007,article,463,True,include,6,core in title; context terms missing,include
W2093610179,A1,landmarks,A1_landmarks,59,"“This is no longer the city I once knew”. Evictions, the urban poor and the right to the city in millennial Delhi",2009,article,461,True,exclude,1,"core mentioned once, not in keyword tags",exclude
W2053364086,A1,landmarks,A1_landmarks,60,Relationality/territoriality: Toward a conceptualization of cities in the world,2009,article,458,False,borderline,0,no abstract; core only in OpenAlex keyword tags | manual: relational urban theory (A15),exclude
W2135146089,A1,landmarks,A1_landmarks,61,Do Political Parties Matter? Evidence from U.S. Cities*,2009,article,439,True,borderline,1,core concept mentioned once | manual: partisanship and city government in US cities,include
W2146830943,A1,landmarks,A1_landmarks,62,"Urban Transformation in China, 1949 – 2000: A Review and Research Agenda",2002,article,432,True,borderline,1,core concept mentioned once | manual: China urbanisation review,exclude
W2049842115,A1,landmarks,A1_landmarks,63,China's Changing Urban Governance in the Transition Towards a More Market-oriented Economy,2002,article,431,True,include,6,rules,include
W2128534216,A1,landmarks,A1_landmarks,64,China's Local Political Budget Cycles,2009,article,429,True,include,2,rules,include
W3031802354,A1,landmarks,A1_landmarks,65,Blockchain for 5G and beyond networks: A state of the art survey,2020,article,427,False,exclude,0,core concept missing,exclude
W2070217518,A1,landmarks,A1_landmarks,66,"Decentralisation, participation and accountability in Sahelian forestry: legal instruments of political-administrative control",1999,article,423,True,include,6,rules,include
W2133166304,A1,landmarks,A1_landmarks,67,Let Many Civil Societies Bloom: The Rise of Consultative Authoritarianism in China,2013,article,421,True,borderline,2,context terms missing | manual: civil society in China,exclude
W2072800432,A1,landmarks,A1_landmarks,68,City branding and the Olympic effect: A case study of Beijing,2009,article,420,False,exclude,0,core concept missing,exclude
W129912261,A1,landmarks,A1_landmarks,69,An Enhanced Fear Appeal Rhetorical Framework: Leveraging Threats to the Human Asset Through Sanctioning RhetoriC1,2015,article,415,True,exclude,1,"core mentioned once, not in keyword tags",exclude
W1503263161,A1,landmarks,A1_landmarks,70,"Resilience, ecology and adaptation in the experimental city",2011,article,410,True,include,2,rules,include
W2804780916,A1,landmarks,A1_landmarks,71,Impacts of urbanization on land use /cover changes and its probable implications on local climate and groundwater level,2018,article,406,True,exclude,1,"core mentioned once, not in keyword tags",exclude
W1983617101,A1,landmarks,A1_landmarks,72,"Decentralization of health systems in Ghana, Zambia, Uganda and the Philippines: a comparative analysis of decision space",2002,article,406,True,include,6,core in title; context terms missing,include
W3121266168,A1,landmarks,A1_landmarks,73,The Essential Role of Organizational Law,2000,article,405,True,borderline,1,core concept mentioned once | manual: organisational law,exclude
W2587562756,A1,landmarks,A1_landmarks,74,Urban Governance and the Politics of Climate change,2017,article,404,False,include,3,no abstract; core (and context) in title,include
W2116855395,A1,landmarks,A1_landmarks,75,Social Innovation and Civil Society in Urban Governance: Strategies for an Inclusive City,2005,article,398,True,include,4,rules,include
W1996012883,A1,landmarks,A1_landmarks,76,Adaptive urban governance: new challenges for the second generation of urban adaptation strategies to climate change,2010,article,396,False,include,3,no abstract; core (and context) in title,include
W2048179989,A1,landmarks,A1_landmarks,77,"Authenticating Queer Space: Citizenship, Urbanism and Governance",2004,article,392,True,borderline,1,core concept mentioned once | manual: queer space,exclude
W1549356971,A1,landmarks,A1_landmarks,78,"Taking sustainable cities seriously: economic development, the environment, and quality of life in American cities",2003,book-review,390,True,exclude,0,type book-review,exclude
W1526821310,A1,landmarks,A1_landmarks,79,The reform of intergovernmental fiscal relations in developing and emerging market economies,1994,book,389,True,include,3,rules,include
W1978839234,A1,landmarks,A1_landmarks,80,"‘Policies in Motion’, Urban Management and State Restructuring: The Trans‐Local Expansion of Business Improvement Districts",2006,article,387,True,exclude,1,"core mentioned once, not in keyword tags",exclude
W2920981382,A1,landmarks,A1_landmarks,81,Integration of BIM and GIS in sustainable built environment: A review and bibliometric analysis,2019,article,386,False,borderline,0,no abstract; core only in OpenAlex keyword tags | manual: BIM and GIS,exclude
W1974289285,A1,landmarks,A1_landmarks,82,"Decentralisation in Africa: goals, dimensions, myths and challenges",2003,article,384,True,include,6,core in title; context terms missing,include
W2059072403,A1,landmarks,A1_landmarks,83,Transforming governance: Challenges of institutional adaptation and a new politics of space1,2006,article,379,True,include,3,rules,include
W1970276993,A1,landmarks,A1_landmarks,84,The Myth of the “Weak” American State,2008,article,370,True,exclude,0,core concept missing,exclude
W2013642330,A1,landmarks,A1_landmarks,85,Democratic decentralisation of natural resources: institutional choice and discretionary power transfers in Sub‐Saharan Africa,2003,article,368,True,include,6,rules,include
W2041421969,A1,landmarks,A1_landmarks,86,Heavy metal contamination of urban soil in an old industrial city (Shenyang) in Northeast China,2012,article,367,False,exclude,0,core concept missing,exclude
W2513207166,A1,landmarks,A1_landmarks,87,Political uncertainty and cash holdings: Evidence from China,2016,article,365,False,borderline,0,no abstract; core only in OpenAlex keyword tags | manual: corporate cash holdings,exclude
W2011897221,A1,landmarks,A1_landmarks,88,Comparative Urban Governance,2005,article,361,True,include,6,rules,include
W2123448714,A1,landmarks,A1_landmarks,89,A Sociological Institutionalist Approach to the Study of Innovation in Governance Capacity,2005,article,358,True,borderline,1,core concept mentioned once | manual: governance capacity in urban governance transformation,include
W3040649972,A1,landmarks,A1_landmarks,90,"Blockchain for smart cities: A review of architectures, integration trends and future research directions",2020,article,356,False,borderline,0,no abstract; core only in OpenAlex keyword tags | manual: blockchain smart cities,exclude
W1054714245,A1,landmarks,A1_landmarks,91,Institutionalizing the urban governance of climate change adaptation: Results of an international survey,2015,article,350,True,include,6,rules,include
W2066171484,A1,landmarks,A1_landmarks,92,The Compact City and Transport Energy Consumption,1995,article,348,True,include,2,rules,include
W2011916953,A1,landmarks,A1_landmarks,93,A strategic planning process for public and non-profit organizations,1988,article,348,False,borderline,0,no abstract; core only in OpenAlex keyword tags | manual: strategic planning for organisations,exclude
W2076628299,A1,landmarks,A1_landmarks,94,Facing the challenge of shrinking cities in East Germany: The case of Leipzig,2004,article,342,False,exclude,0,core concept missing,exclude
W1511299198,A1,landmarks,A1_landmarks,95,Reinventing Government in the Information Age: International Practice in IT-Enabled Public Sector Reform,2002,article,341,True,borderline,2,context terms missing | manual: IT-enabled public sector reform (generic),exclude
W1971398141,A1,landmarks,A1_landmarks,96,The Effect of Information on Voter Turnout: Evidence from a Natural Experiment,2004,article,340,True,borderline,2,context terms missing | manual: voter information experiment; decentralisation only as referendum topic,exclude
W2512938266,A1,landmarks,A1_landmarks,97,Measuring Local Autonomy in 39 Countries (1990–2014),2016,article,336,True,borderline,3,context terms missing | manual: local autonomy index (decentralisation),include
W2098583604,A1,landmarks,A1_landmarks,98,Urban Regime Theory in Comparative Perspective,1994,article,333,True,borderline,1,core concept mentioned once | manual: urban regime theory,include
W2169814542,A1,landmarks,A1_landmarks,99,Urban Politics Reconsidered,2011,article,331,True,borderline,1,core concept mentioned once | manual: urban politics and governance,include
W3108852469,A1,landmarks,A1_landmarks,100,"Smart cities, big data and urban policy: Towards urban analytics for the long run",2020,article,329,True,borderline,1,core concept mentioned once | manual: urban analytics (C4),exclude
W4318938565,A1,recent,A1_recent_q1,1,Neoliberal Urban Governance,2023,book,20,False,include,3,no abstract; core (and context) in title,include
W4376503498,A1,recent,A1_recent_q1,2,Urban Governance,2023,book-chapter,0,False,include,3,no abstract; core (and context) in title,include
W4407509168,A1,recent,A1_recent_q1,3,Urban Governance,2025,book-chapter,0,True,include,6,rules,include
W4410431306,A1,recent,A1_recent_q1,4,Urban Governance,2024,book-chapter,0,False,include,3,no abstract; core (and context) in title,include
W7213975458,A1,recent,A1_recent_q1,5,Urban governance,2026,book-chapter,0,False,include,3,no abstract; core (and context) in title,include
W4316089097,A1,recent,A1_recent_q1,6,Urban Governance,2022,reference-entry,0,False,include,3,no abstract; core (and context) in title,include
W7160761409,A1,recent,A1_recent_q1,7,Urban Governance,2026,book-chapter,0,False,include,3,no abstract; core (and context) in title,include
W4382248938,A1,recent,A1_recent_q1,8,Urban Governance,2023,book-chapter,0,False,include,3,no abstract; core (and context) in title,include
W7213973270,A1,recent,A1_recent_q1,9,Urban governance,2026,book-chapter,0,False,include,3,no abstract; core (and context) in title,include
W7213977578,A1,recent,A1_recent_q1,10,Urban governance,2026,book-chapter,0,False,include,3,no abstract; core (and context) in title,include
W4410239445,A1,recent,A1_recent_q1,11,Urban Governance,2025,book,0,False,include,3,no abstract; core (and context) in title,include
W7128300326,A1,recent,A1_recent_q1,12,Urban Governance,2026,book-chapter,0,False,include,3,no abstract; core (and context) in title,include
W4297236445,A1,recent,A1_recent_q1,13,Innovating urban governance: A research agenda,2022,article,61,True,include,6,rules,include
W4410427078,A1,recent,A1_recent_q1,14,Reflexive Urban Governance,2025,book,4,True,include,3,rules,include
W7214111280,A1,recent,A1_recent_q1,15,Urban Governance Prof.,2024,article,0,True,borderline,3,stub abstract (possible book review) | manual: stub record without content,exclude
W7131084071,A1,recent,A1_recent_q1,16,Entrepreneurial Urban Governance,2025,reference-entry,0,False,include,3,no abstract; core (and context) in title,include
W4385416688,A1,recent,A1_recent_q1,17,Smart Urban Governance,2023,book-chapter,0,True,include,5,rules,include
W4403417609,A1,recent,A1_recent_q1,18,Gender and urban governance,2024,book-chapter,2,True,include,6,rules,include
W7128993934,A1,recent,A1_recent_q1,19,Urbanisation and Urban Governance,2026,book-chapter,1,True,include,3,rules,include
W4400906880,A1,recent,A1_recent_q1,20,Power and urban governance,2024,book-chapter,1,True,include,5,rules,include
W4410427310,A1,recent,A1_recent_q1,21,Reflexive urban governance: conclusions,2025,book-chapter,0,True,include,6,rules,include
W4388859724,A1,recent,A1_recent_q1,22,Enabling Urban Governance Comparisons,2023,book-chapter,0,False,include,3,no abstract; core (and context) in title,include
W7163696959,A1,recent,A1_recent_q1,23,Conclusion: Changing Urban Governance,2026,book-chapter,0,False,include,3,no abstract; core (and context) in title,include
W4307852355,A1,recent,A1_recent_q1,24,Networking Australia's Urban Governance,2022,book-chapter,0,True,include,6,rules,include
W7208758689,A1,recent,A1_recent_q1,25,Empowering Inclusive Urban Governance,2026,book-chapter,0,True,include,4,rules,include
W4386916535,A1,recent,A1_recent_q2,1,Property taxes and municipal finance,2023,book-chapter,0,True,include,6,rules,include
W4406671359,A1,recent,A1_recent_q2,2,Municipal Finance and Biodiversity Conservation,2025,preprint,0,False,include,3,no abstract; core (and context) in title,include
W4404500331,A1,recent,A1_recent_q2,3,The Role of Property Tax in Municipal Budget,2024,article,2,True,include,6,rules,include
W4406347420,A1,recent,A1_recent_q2,4,The Role of Property Tax in Municipal Budget,2025,preprint,0,False,include,3,no abstract; core (and context) in title,include
W7163726035,A1,recent,A1_recent_q2,5,Real Property Tax as Revenue for the Municipal Budget,2026,dissertation,0,True,include,3,rules,include
W7172437458,A1,recent,A1_recent_q2,6,Sustainable Municipal Finance for Suthra Punjab: A Comparative Study of the Excise & Taxation Department and Municipal Committees,2026,preprint,0,False,include,3,no abstract; core (and context) in title,include
W7215537461,A1,recent,A1_recent_q2,7,Article Sustainable Municipal Finance for Suthra Punjab: A Comparative Study of the Excise & Taxation Department and Municipal Committees,2026,article,0,True,include,5,rules,include
W7214145578,A1,recent,A1_recent_q2,8,"IMI municipal property tax rates, Portugal, all 308 municipalities (2023-2025)",2026,dataset,0,True,exclude,0,type dataset,exclude
W7214152027,A1,recent,A1_recent_q2,9,"IMI municipal property tax rates, Portugal, all 308 municipalities (2023-2025)",2026,dataset,0,True,exclude,0,type dataset,exclude
W7116087499,A1,recent,A1_recent_q2,10,Progressive Property Taxation: The Right Approach to Addressing Calgary’s Municipal Fiscal Gap & Affordable Housing Crisis,2025,report,0,True,include,6,rules,include
W4392162012,A1,recent,A1_recent_q2,11,The Property Tax,2024,book-chapter,0,True,include,6,rules,include
W7161360379,A1,recent,A1_recent_q2,12,Why do some pay more ? determinants of municipal property tax rates in Poland,2025,article,0,True,borderline,3,"stub abstract (possible book review) | manual: municipal property tax rates, Poland",include
W7135792328,A1,recent,A1_recent_q2,13,Property tax in CZ,2026,dissertation,0,True,include,6,rules,include
W7115586239,A1,recent,A1_recent_q2,14,Why Do Some Pay More? Determinants of Municipal Property Tax Rates in Poland,2025,article,0,True,include,6,rules,include
W4298198794,A1,recent,A1_recent_q2,15,Property Tax in India,2022,preprint,0,False,borderline,3,no abstract; context terms missing | manual: property tax in India (municipal finance),include
W4409323670,A1,recent,A1_recent_q2,16,Hotel property tax issues,2023,article,0,True,include,3,rules,include
W4414283972,A1,recent,A1_recent_q2,17,Application of GIS for Property Tax Assessment: A Case Study of Shillong Municipal Board,2025,article,2,True,include,6,rules,include
W4210546109,A1,recent,A1_recent_q2,18,8. Local Government Responses to Property Tax Caps: An Analysis of Indiana Municipal Governments,2022,book-chapter,0,False,include,3,no abstract; core (and context) in title,include
W4385964804,A1,recent,A1_recent_q2,19,"Application of Geospatial Platform for Enhancing Property Tax in Shakarpur Municipal Corporation Region, Delhi",2023,article,0,True,include,6,rules,include
W7134108915,A1,recent,A1_recent_q2,20,The Fiscal Fracture: Property Tax Erosion and the Municipal Consequences of the Boomer Asset Mirage,2026,preprint,0,False,include,3,no abstract; core (and context) in title,include
W4312202932,A1,recent,A1_recent_q2,21,A review of Ireland’s Local Property Tax,2022,article,2,True,include,6,rules,include
W7204878294,A1,recent,A1_recent_q2,22,Land and Property Tax as Benefit Taxes,2026,book-chapter,0,True,include,6,rules,include
W4298144129,A1,recent,A1_recent_q2,23,Challenges of Property Tax in Slovakia,2022,article,4,True,include,6,rules,include
W7149681620,A1,recent,A1_recent_q2,24,Evaluating the Long-Term Impact of Gender-Based Property Tax Discounts on Female Economic Empowerment and Municipal Revenue,2026,article,0,False,include,3,no abstract; core (and context) in title,include
W4386602405,A1,recent,A1_recent_q2,25,Property tax incentives to divorce strategically,2023,article,0,True,include,6,rules,include
W4213190465,A1,recent,A1_recent_q3,1,Decentralisation and Local Government,2022,book-chapter,4,True,include,5,rules,include
W4224437461,A1,recent,A1_recent_q3,2,Local Government and Decentralization,2022,book-chapter,6,False,borderline,3,no abstract; context terms missing | manual: local government and decentralisation,include
W4403490714,A1,recent,A1_recent_q3,3,Decentralization and Local Government,2024,book,5,True,borderline,3,flag: \b(patients?|clinical|randomi[sz]ed|prev | manual: abstract belongs to another book (bad metadata),exclude
W7218141094,A1,recent,A1_recent_q3,4,Decentralization And Local Government,2024,article,0,True,include,6,core in title; context terms missing,include
W4410127389,A1,recent,A1_recent_q3,5,Decentralisation and Local Government in Korea,2025,book-chapter,0,True,include,6,core in title; context terms missing,include
W4226053298,A1,recent,A1_recent_q3,6,The Impact of Budget Decentralization on Local Government Performance (Study at Municipal – City Governments in Jambi Province),2022,article,0,True,include,6,rules,include
W4323545716,A1,recent,A1_recent_q3,7,"Fiscal decentralization, local government debt, and corporate innovation",2023,article,40,False,borderline,3,no abstract; context terms missing | manual: fiscal decentralisation and corporate innovation,exclude
W4400832319,A1,recent,A1_recent_q3,8,"Decentralization, Supervision, and Chinese Local Government Debt",2024,article,9,True,include,6,rules,include
W7103899129,A1,recent,A1_recent_q3,9,Local Government Finances in North Macedonia: Advancing Fiscal Decentralization and Strengthening Municipal Capacities,2025,article,0,False,include,3,no abstract; core (and context) in title,include
W4392235070,A1,recent,A1_recent_q3,10,After Three Decades of Democratic Decentralisation: Finances of the Urban Local Bodies in Andhra Pradesh,2024,preprint,0,True,include,6,rules,include
W4321225743,A1,recent,A1_recent_q3,11,"Privatisation, decentralisation and local government in Peninsular Malaysia",2023,book-chapter,1,True,include,6,core in title; context terms missing,include
W4408333749,A1,recent,A1_recent_q3,12,Chapter 1: Local Government: Concepts and Decentralization,2025,book-chapter,0,False,borderline,3,no abstract; context terms missing | manual: local government and decentralisation concepts,include
W4362646541,A1,recent,A1_recent_q3,13,Decentralization in Local Government Empowerment of Bangladesh,2022,reference-entry,0,False,borderline,3,"no abstract; context terms missing | manual: decentralisation and local government, Bangladesh (second edition entry)",include
W4385768665,A1,recent,A1_recent_q3,14,"Implementation of Local Government and Decentralization within City: A Qualitative Study in Jakarta, Indonesia",2023,article,6,True,include,4,rules,include
W4391841824,A1,recent,A1_recent_q3,15,Decentralization and Local Government Performance: Empirical Evidence From Ghana,2024,article,16,True,include,5,rules,include
W4413901581,A1,recent,A1_recent_q3,16,Local Government Financial Performance and Decentralization in Indonesia,2025,article,4,True,include,6,rules,include
W4380318499,A1,recent,A1_recent_q3,17,Decentralization of Local Government with Central Government Pressure : A Study of Sylhet City Corporation,2023,preprint,0,False,include,3,no abstract; core (and context) in title,include
W4365457796,A1,recent,A1_recent_q3,18,Fiscal decentralization in Poland: 2004-2019 municipal and city dataset,2023,data-paper,3,True,include,5,rules,include
W4319788952,A1,recent,A1_recent_q3,19,Local government spending efficiency and fiscal decentralization: evidence from Italian municipalities,2023,article,37,True,include,6,rules,include
W7220283226,A1,recent,A1_recent_q3,20,Decentralization of education management in local government organizations,2024,article,0,True,include,6,core in title; context terms missing,include
W4403846036,A1,recent,A1_recent_q3,21,DECENTRALIZATION DYNAMICS: ASSESSING LOCAL GOVERNMENT PERFORMANCE IN LINGGA,2024,article,0,True,include,6,rules,include
W4403490713,A1,recent,A1_recent_q3,22,"Local government, political systems and decentralization: concluding remarks",2024,book-chapter,0,True,include,6,core in title; context terms missing,include
W4414478924,A1,recent,A1_recent_q3,23,"Local government competition, fiscal decentralization, and environmental governance efficiency",2025,article,5,False,borderline,3,no abstract; context terms missing | manual: fiscal decentralisation and environmental efficiency,exclude
W4414241040,A1,recent,A1_recent_q3,24,Local government finance in Ireland: The four pillars of fiscal decentralisation,2025,article,1,True,include,6,rules,include
W4412870682,A1,recent,A1_recent_q3,25,The Informal Economy and Municipal Revenue: A Hidden Fiscal Resource for Indian Urban Local Bodies?,2025,article,0,True,include,6,rules,include
W4402192994,A1,recent,A1_recent_q4,1,A review of E-Governance of Municipal Corporation in Urban Local Bodies,2024,article,1,True,include,6,rules,include
W7204446077,A1,recent,A1_recent_q4,2,Role of Urban Local Bodies in Improving Sustainable Urban Development: A Case Study of Patna Municipal Corporation Area,2026,article,0,True,include,6,rules,include
W7212042208,A1,recent,A1_recent_q4,3,ROLE OF URBAN LOCAL BODIES,2026,article,0,True,include,6,rules,include
W7107856778,A1,recent,A1_recent_q4,4,"74th CONSTITUTIONAL AMENDMENT ACT AND ITS IMPLICATION ON URBAN LOCAL BODIES: STUDY ON URBAN LOCAL GOVERNANCE IN DIBRUGARH MUNICIPAL CORPORATION OF ASSAM, INDIA",2025,article,0,True,include,6,rules,include
W4382887046,A1,recent,A1_recent_q4,5,74TH AMENDMENT AND MUNICIPALITIES IN MAHARASHTRA CONSTITUTING CIVIC BODIES ACCORDING TO NEW STATUTES,2023,article,0,True,include,6,rules,include
W4391312695,A1,recent,A1_recent_q4,6,Role of Urban Local Bodies in Ensuring Primary Healthcare,2024,book-chapter,2,True,include,5,rules,include
W7171849095,A1,recent,A1_recent_q4,7,Smart Waste Segregation Monitoring System For Urban Local Bodies,2026,article,0,True,include,3,rules,include
W7153737646,A1,recent,A1_recent_q4,8,Smart Waste Segregation Monitoring System for Urban Local Bodies,2026,other,0,True,include,4,rules,include
W7218126228,A1,recent,A1_recent_q4,9,Municipal Corporation Election In Tamil Nadu:,2024,article,0,True,include,6,rules,include
W4382887092,A1,recent,A1_recent_q4,10,URBAN LOCAL GOVERNMENTS IN MAHARASHTRA COMPOSITION OF CIVIC STRUCTURE AND THE 74TH AMENDMENT,2023,article,0,True,include,6,rules,include
W7217688836,A1,recent,A1_recent_q4,11,ORGANISATIONAL & ADMINISTRATIVE STRUCTURE OF MUNICIPAL CORPORATION FARIDABAD,2026,article,0,True,include,6,rules,include
W4376650182,A1,recent,A1_recent_q4,12,Supports for Multi-hazard Risk Reduction in Urban Local Bodies,2023,article,1,True,include,5,rules,include
W4404903402,A1,recent,A1_recent_q4,13,An Overview of Accounting Reforms in Indian Urban Local Bodies,2024,article,0,True,include,5,rules,include
W4392652122,A1,recent,A1_recent_q4,14,Structure and Functioning of Urban Local Bodies in Infrastructure and its Challenges,2024,article,0,True,include,6,rules,include
W7124957471,A1,recent,A1_recent_q4,15,FINANCIAL SUSTAINABILITY OF URBAN LOCAL BODIES: A COMPARATIVE EVALUATION OF LUCKNOW AND VARANASI,2026,article,0,True,include,6,rules,include
W7220597502,A1,recent,A1_recent_q4,16,A Historical Overview of Women's Political Participation in Urban Local Bodies,2025,article,0,True,include,6,rules,include
W4293548317,A1,recent,A1_recent_q4,17,"FINANCING THE SOCIOECONOMIC INFRASTRUCTURE FACILITIES IN MUNICIPAL CORPORATION: A CASE STUDY OF BHIWANDI- NIZAMPUR MUNICIPAL CORPORATION, INDIA",2022,article,0,True,include,6,rules,include
W4321274833,A1,recent,A1_recent_q4,18,Financing the Infrastructure of Municipal Corporation on Sustainable Basis: A Case Study of Vasai Virar Municipal Corporation,2023,article,0,True,include,6,rules,include
W323831373,A1,recent,A1_recent_q4,19,Civic Center for Municipal Corporation of Delhi,2023,dissertation,1,True,include,4,rules,include
W4392235070,A1,recent,A1_recent_q4,20,After Three Decades of Democratic Decentralisation: Finances of the Urban Local Bodies in Andhra Pradesh,2024,preprint,0,True,include,6,rules,include
W4401388725,A1,recent,A1_recent_q4,21,Olga Teli versus Bombay municipal Corporation & ORS,2024,preprint,0,False,include,3,no abstract; core (and context) in title,include
W7129049977,A1,recent,A1_recent_q4,22,Urban Local Bodies in India: An Analysis of Public Service Delivery Mechanisms,2026,article,0,True,include,6,rules,include
W7117247072,A1,recent,A1_recent_q4,23,The Impact of Women's Empowerment on Political Involvement in Urban Local Bodies,2025,article,0,True,include,6,rules,include
W4400048247,A1,recent,A1_recent_q4,24,An Evaluation Of Financial Performance Of Municipal Corporation In Himachal Pradesh With Special Reference To Shimla Municipal Corporation,2023,article,0,True,include,6,rules,include
W4214879893,A1,recent,A1_recent_q4,25,Determinants of Own Revenues in Urban Local Bodies: Evidence from an Indian State,2022,article,4,True,include,3,rules,include
W4312514990,A9,india,A9_india,1,"PUBLICNESS OF PUBLIC SPACES IN METROPOLITAN CITY OF A DEVELOPING COUNTRY: THE CASE OF LAHORE, PAKISTAN",2022,article,1,True,include,6,rules,include
W2955220964,A9,india,A9_india,2,"Everyday Urbanism, An Alternate Approach to Urban Public Space : Promoting Sustainable Lifestyles in Chennai, India",2012,dissertation,0,True,include,6,rules,include
W3181114874,A9,india,A9_india,3,"Safe in the City? Negotiating safety, public space and the male gaze in Kolkata, India",2021,article,55,True,include,6,rules,include
W2955343688,A9,india,A9_india,4,"Streets as Public Spaces: Lessons from Street Vending in Ahmedabad, India",2019,article,45,True,include,6,rules,include
W4299993025,A9,india,A9_india,5,Public Space and Life in an Indian City: The Politics of Space in Bangalore.,2014,dissertation,5,True,include,6,rules,include
W4281643606,A9,india,A9_india,6,Publicness of Newly Redeveloped Public Spaces of Dhaka South City Corporation Area,2022,article,1,True,include,6,rules,include
W2049763581,A9,india,A9_india,7,Dhaka and the contestation over the public space,2009,article,7,True,include,5,rules,include
W4366270278,A9,india,A9_india,8,Access to Public Spaces in Indian Cities: An Opportunistic Model,2023,book-chapter,0,True,include,6,rules,include
W2766546903,A9,india,A9_india,9,Ruptured space and spatial estrangement: (Un)making of public space in Kathmandu,2017,article,11,True,include,6,rules,include
W2891408190,A9,india,A9_india,10,The Street Vendors Act and the right to public space in Mumbai,2018,article,17,True,include,5,rules,include
W4285415740,A9,india,A9_india,11,The Mundane and (Extra)Ordinary Public Spaces in India: Examining the Impact of the COVID-19 Pandemic Through an Everyday Lens in Chennai City,2021,book-chapter,0,True,include,6,rules,include
W2964393930,A9,india,A9_india,12,Public space and citizenship in Mumbai,2019,article,4,True,include,5,rules,include
W3215464889,A9,india,A9_india,13,PUBLIC VS PRIVATE SECTOR OWNED URBAN PUBLIC SPACE PERFORMANCE IN TERMS OF USER PERCEPTION IN CITY OF COLOMBO,2021,conference-paper,2,True,include,6,rules,include
W2954324003,A9,india,A9_india,14,"Women’s Safety and Public Spaces: Lessons from the Sabarmati Riverfront, India",2019,article,55,True,include,6,rules,include
W4312836576,A9,india,A9_india,15,Informality and the Production of Publicness in India,2022,book-chapter,1,False,borderline,3,no abstract; context terms missing | manual: publicness in India,include
W1584679655,A9,india,A9_india,16,Designing Indian streets as social public spaces : contextual design and planning in Bangalore,2014,dissertation,0,True,borderline,3,stub abstract (possible book review) | manual: thesis on Indian streets as public space,include
W4383816347,A9,india,A9_india,17,"Unpacking Urban Environmental Visions and Contestations of Street Vendors in Kolkata, West Bengal",2023,article,2,False,borderline,0,no abstract; core only in OpenAlex keyword tags | manual: street vendors' contestation of urban space (also A10),include
W2901390278,A9,india,A9_india,18,"The Politics of Illegality: Mumbai Hawkers, Public Space and the Everyday Life of the Law",2012,book-chapter,10,True,borderline,4,"stub abstract (possible book review) | manual: hawkers and public space, Mumbai",include
W4290039801,A9,india,A9_india,19,Park Politics in a Postcolonial Indian City: Planning (and) Public Space in Bangalore,2022,article,2,True,include,5,rules,include
W3167123494,A9,india,A9_india,20,Public space and livelihood security in the urban economy: the case of street vendors in Mumbai,2014,article,0,False,include,3,no abstract; core (and context) in title | manual override: public space and street vending,include
W2170388076,A9,india,A9_india,21,"Guardians of the Bourgeois City: Citizenship, Public Space, and Middle–Class Activism in Mumbai",2009,article,142,True,include,5,rules,include
W2890816948,A9,india,A9_india,22,"The Slow Boil: Street Food, Rights and Public Space in Mumbai",2018,article,4,True,borderline,4,"stub abstract (possible book review) | manual: book review (South Asia, pp. 685-686) of Anjaria 2016; the book itself is W2971954793",exclude
W4413581285,A9,india,A9_india,23,"Rethinking ‘Aesthetic Environments’ in Cities: Politics, Resistance, and Informal Street Vending in Kolkata, West Bengal",2025,conference-paper,0,True,borderline,1,"core concept mentioned once | manual: streets, vending and urban aesthetics",include
W4399441939,A9,india,A9_india,24,CRAFTING INDIAN MARKETS: THE ART OF BLURRING THE BOUNDARIES OF PUBLICNESS CASE OF DELHI,2024,article,0,True,include,6,rules,include
W7160870685,A9,india,A9_india,25,Public Spaces and Street Vendors in Mumbai A Theoretical Understanding of Urban Reciprocity,2024,conference-paper,0,True,include,6,rules,include
W4224253765,A9,india,A9_india,26,Simulating the “city of joy”: state choreography and the re-appropriation of public spaces in Kolkata,2022,article,8,True,include,4,rules,include
W7119150781,A9,india,A9_india,27,"Street vending as urban inhabitation: materialities, epistemes, and city-making in Karachi and Mumbai",2026,article,1,True,borderline,1,core concept mentioned once | manual: street vending as urban inhabitation,include
W7165162535,A9,india,A9_india,28,"Hawkers, Footpaths and the City: Informality, Urban Space, and Life in Kolkata",2026,article,0,True,include,3,rules,include
W3047234866,A9,india,A9_india,29,To Whom Does the City Belong? Obstacles to Right to the City for the Urban Poor in Bangladesh,2020,article,35,True,include,6,rules,include
W4392164286,A9,india,A9_india,30,"Reclaiming Public Spaces in Post-pandemic India (Kolkata): Activist Theatre, Gender and a Resurgence of the Marginal",2024,article,0,True,include,3,rules,include
W2971954793,A9,india,A9_india,31,"The Slow Boil: Street Food, Rights and Public Space in Mumbai",2016,article,69,False,include,3,no abstract; core (and context) in title | manual override: street food and public space,include
W7219447621,A9,india,A9_india,32,ENTRE CALLES Y RASCACIELOS: ESTUDIO DEL ESPACIO PÚBLICO EN MUMBAI,2025,dissertation,0,True,exclude,0,core concept missing,exclude
W4382120162,A9,india,A9_india,33,"Commoning and Territoriality in the Public Space “Plasma” of Historical Cities: Investigating Emplaced Network Dynamics in Bhaktapur, Kathmandu Valley, Nepal",2023,conference-paper,0,False,include,3,"no abstract; core (and context) in title | manual override: public space commoning, Kathmandu",include
W2596810273,A9,india,A9_india,34,"Reclaiming Traffic Influenced Urban Residual Spaces for the Public in Colombo, Sri Lanka",2017,article,6,True,exclude,0,core concept missing,exclude
W4386155199,A9,india,A9_india,35,Understanding vitality of public space: A review with an example of capital city Kathmandu in Nepal,2023,article,14,False,include,3,no abstract; core (and context) in title | manual override: public space vitality,include
W1924685162,A9,india,A9_india,36,Spaces for engagement in the city of Mumbai : rethinking parks and public spaces in congested cities,2015,dissertation,0,False,include,3,"no abstract; core (and context) in title | manual override: parks and public spaces, Mumbai",include
W3007872607,A9,india,A9_india,37,Defending Frivolous Fun: Feminist Acts of Claiming Public Spaces in South Asia,2020,article,36,True,include,4,rules,include
W7213349494,A9,india,A9_india,38,The City Through Her Eyes: Gender-Based Harassment in Public Spaces in Urban India,2026,preprint,0,False,include,3,no abstract; core (and context) in title | manual override: harassment in public spaces,include
W2182975348,A9,india,A9_india,39,"Global Flows or Rural–Urban Connections? Temporality, Public Spaces and Heterotopias in Globalising Mumbai",2017,book-chapter,4,False,include,3,"no abstract; core (and context) in title | manual override: public spaces, Mumbai",include
W4317036532,A9,india,A9_india,40,"Space, the right to the city and informality",2023,book-chapter,0,True,include,6,rules,include
W7213122096,A9,india,A9_india,41,The City Through Her Eyes: Gender-Based Harassment in Public Spaces in Urban India,2026,report,0,True,borderline,6,flag: \b(patients?|clinical|randomi[sz]ed|prev | manual: harassment in public spaces (flag was 'victimization' wording),include
W4401181410,A9,india,A9_india,42,Assessing the Degree of Publicness in Streets,2024,conference-paper,1,True,include,6,rules,include
W3086011530,A9,india,A9_india,43,Informal laneway encroachment: Reassessing public/private interface transformation in urban villages,2020,article,30,False,borderline,0,no abstract; core only in OpenAlex keyword tags | manual: public/private interface of lanes,include
W4296834042,A9,india,A9_india,44,'Delhi is a hopeful place for me!': young middle-class women reclaiming the Indian city,2022,article,2,True,borderline,1,"core concept mentioned once | manual: women's claims to public space, Delhi",include
W4414399574,A9,india,A9_india,45,‘No Place for us on Footpaths’: Exploring Walkability Challenges of Older Men in India and Bangladesh,2025,article,1,True,exclude,1,"core mentioned once, not in keyword tags | manual override: footpaths as public space",include
W1238650037,A9,india,A9_india,46,On Design and Politics of Co-producing Public Space: The Long Marches and the Reincarnation of the ‘Forecourt’ of the Pakistani Nation,2013,article,5,True,include,6,rules,include
W7168385685,A9,india,A9_india,47,"Decoding the role of graffiti and street art as a safety tool in public spaces of Bengaluru, India",2026,conference-paper,0,True,include,3,rules,include
W7131298314,A9,india,A9_india,48,Street Vending and the Right to the City,2026,book,0,True,include,6,rules,include
W4401767863,A9,india,A9_india,49,"Streets in Motion: The Making of Infrastructure, Property, and Political Culture in Twentieth‐century Calcutta. Ritajyoti Bandyopadhyay. Cambridge University Press, Cambridge, UK, 2022, pp. xiv + 305. ISBN 978‐1‐009‐10011‐3 (hbk).",2024,book-review,0,True,exclude,0,type book-review,exclude
W2567448509,A9,india,A9_india,50,"Regulating Access and Mobility of Single Women in a “World Class”-city: Gender and Inequality in Delhi, India",2016,book-chapter,7,True,include,2,rules,include
W2049844255,A9,landmarks,A9_landmarks,1,"Code of the Street: Decency, Violence, and the Moral Life of the Inner City",2001,article,3634,True,borderline,1,"core concept mentioned once | manual: street-culture criminology, not public space as such",exclude
W4230180911,A9,landmarks,A9_landmarks,2,Notes Toward a Performative Theory of Assembly,2015,book,2667,True,borderline,1,core concept mentioned once | manual: public assembly and public space (theory),include
W2153492338,A9,landmarks,A9_landmarks,3,Systematic Social Observation of Public Spaces: A New Look at Disorder in Urban Neighborhoods,1999,article,2500,True,include,5,rules,include
W1978289341,A9,landmarks,A9_landmarks,4,Sex in Public,1998,article,2012,False,borderline,0,no abstract; core only in OpenAlex keyword tags | manual: queer publics and publicness,include
W1538435250,A9,landmarks,A9_landmarks,5,The social life of small urban spaces,1980,book,1947,False,borderline,0,no abstract; core only in OpenAlex keyword tags | manual: classic study of small urban public spaces,include
W1573302411,A9,landmarks,A9_landmarks,6,The right to the city: social justice and the fight for public space,2003,book-review,1521,True,exclude,0,type book-review,exclude
W4206913056,A9,landmarks,A9_landmarks,7,Present Pasts,2003,book,1372,True,exclude,1,"core mentioned once, not in keyword tags | manual override: urban memory/heritage, not public space (A13)",exclude
W1599035031,A9,landmarks,A9_landmarks,8,Fixing broken windows: restoring order and reducing crime in our communities,1997,book-review,1314,True,exclude,0,type book-review,exclude
W2016802582,A9,landmarks,A9_landmarks,9,"Making a city: Urbanity, vitality and urban design",1998,article,1291,True,borderline,1,core concept mentioned once | manual: urban vitality and design of public life,include
W1533737351,A9,landmarks,A9_landmarks,10,Present Pasts: Urban Palimpsests and the Politics of Memory,2003,article,1283,True,exclude,1,"core mentioned once, not in keyword tags | manual override: urban memory/heritage, not public space (A13)",exclude
W2145688382,A9,landmarks,A9_landmarks,11,The Global Epidemic of Obesity: An Overview,2007,article,1258,True,exclude,2,"flag, core not in title: \b(patients?|clinical|randomi[sz]ed|prev | manual override: obesity epidemiology",exclude
W1975406400,A9,landmarks,A9_landmarks,12,Rethinking Civil Society: Toward Democratic Consolidation,1994,article,1203,True,borderline,1,core concept mentioned once | manual: civil society/democratisation,exclude
W1551116468,A9,landmarks,A9_landmarks,13,Life between buildings: Using public space,1980,article,1152,True,include,6,rules,include
W2164067400,A9,landmarks,A9_landmarks,14,"Boots of Leather, Slippers of Gold: The History of a Lesbian Community.",1994,article,1028,True,borderline,1,"core concept mentioned once | manual: community history, public space marginal",exclude
W2111255034,A9,landmarks,A9_landmarks,15,"Streetscape greenery and health: Stress, social cohesion and physical activity as mediators",2013,article,1004,False,exclude,0,core concept missing | manual override: health study of streetscape greenery,exclude
W4280596958,A9,landmarks,A9_landmarks,16,Public places urban spaces: the dimensions of urban design,2022,book-review,979,True,exclude,0,type book-review,exclude
W4247994973,A9,landmarks,A9_landmarks,17,Variations on a Theme Park: The New American City and the End of Public Space,1994,article,903,False,include,3,"no abstract; core (and context) in title | manual override: end of public space, theme-park city",include
W2127262410,A9,landmarks,A9_landmarks,18,"Semiotic Landscapes: Language, Image, Space",2010,article,894,True,include,2,rules,include
W3157547930,A9,landmarks,A9_landmarks,19,Urban planning and quality of life: A review of pathways linking the built environment to subjective well-being,2021,article,886,True,include,2,rules,include
W2089285733,A9,landmarks,A9_landmarks,20,Linguistic Landscape as Symbolic Construction of the Public Space: The Case of Israel,2006,article,882,True,include,5,rules,include
W1982083802,A9,landmarks,A9_landmarks,21,The Right to the City: Social Justice and the Fight for Public Space,2004,article,860,True,borderline,5,"stub abstract (possible book review) | manual: book review (Annals, pp. 427-428) of Mitchell 2003",exclude
W2098247491,A9,landmarks,A9_landmarks,22,The City and the Car,2000,article,851,True,borderline,1,core concept mentioned once | manual: automobility (A8),exclude
W1981970169,A9,landmarks,A9_landmarks,23,"City of Walls: Crime, Segregation, and Citizenship in São Paulo",2000,book,846,True,include,3,rules,include
W2076362506,A9,landmarks,A9_landmarks,24,The Right to the City: Social Justice and the Fight for Public Space,2004,article,791,False,include,3,no abstract; core (and context) in title | manual override: book review (Contemporary Sociology) of Mitchell 2003,exclude
W1971165965,A9,landmarks,A9_landmarks,25,Variations on a Theme Park: The New American City and the End of Public Space,1994,book-review,759,False,exclude,0,type book-review,exclude
W2063046680,A9,landmarks,A9_landmarks,26,The Annihilation of Space by Law: The Roots and Implications of Anti‐Homeless Laws in the United States,1997,article,699,True,include,2,rules,include
W2170523061,A9,landmarks,A9_landmarks,27,Urban open space in the 21st century,2002,article,698,False,borderline,0,no abstract; core only in OpenAlex keyword tags | manual: urban open space use,include
W1979558360,A9,landmarks,A9_landmarks,28,Collective culture and urban public space,2008,article,688,True,include,6,rules,include
W1497153616,A9,landmarks,A9_landmarks,29,The new urbanism: toward an architecture of community,1994,book-review,681,True,exclude,0,type book-review,exclude
W1559689324,A9,landmarks,A9_landmarks,30,How To Study Public Life,2013,book,659,True,include,5,rules,include
W2098229919,A9,landmarks,A9_landmarks,31,"How to make a city climate-proof, addressing the urban heat island effect",2011,article,659,False,borderline,0,no abstract; core only in OpenAlex keyword tags | manual: urban heat island technical,exclude
W2033146706,A9,landmarks,A9_landmarks,32,"Gender, Identity and Place: Understanding Feminist Geographies",2001,article,641,True,exclude,0,core concept missing,exclude
W3046368070,A9,landmarks,A9_landmarks,33,"The impact of COVID-19 on public space: an early review of the emerging questions – design, perceptions and inequities",2020,article,637,True,include,6,rules,include
W2554047350,A9,landmarks,A9_landmarks,34,Vulnerability in Resistance,2016,book,613,True,borderline,1,"core concept mentioned once | manual: protest, vulnerability and public assembly",include
W2096584907,A9,landmarks,A9_landmarks,35,Linguistic Landscape,2008,book,606,True,exclude,1,"core mentioned once, not in keyword tags | manual override: linguistic landscape (sociolinguistics)",exclude
W2165770116,A9,landmarks,A9_landmarks,36,A World of Strangers: Order and Action in Urban Public Space.,1975,article,601,False,include,3,no abstract; core (and context) in title | manual override: book review (Contemporary Sociology) of Lofland 1973,exclude
W1980237393,A9,landmarks,A9_landmarks,37,Concrete and Clay,2002,book,600,True,borderline,1,core concept mentioned once | manual: urban nature/infrastructure (A7/A14),exclude
W1999627027,A9,landmarks,A9_landmarks,38,Writing Rome: textual approaches to the city,1997,book-review,581,True,exclude,0,type book-review,exclude
W1978035589,A9,landmarks,A9_landmarks,39,Advancing sustainable urban transformation,2013,article,577,False,borderline,0,no abstract; core only in OpenAlex keyword tags | manual: sustainability transitions,exclude
W1966331280,A9,landmarks,A9_landmarks,40,Zoning and Property Taxation in a System of Local Governments,1975,article,574,True,exclude,1,"core mentioned once, not in keyword tags | manual override: local public finance model (A1)",exclude
W3173584553,A9,landmarks,A9_landmarks,41,How can vegetation protect us from air pollution? A critical review on green spaces' mitigation abilities for air-borne particles from a public health perspective - with implications for urban planning,2021,article,568,True,exclude,1,"flag, core not in title: \b(thermal comfort|microclimate|air qual | manual override: air-pollution vegetation review",exclude
W2113795003,A9,landmarks,A9_landmarks,42,It all used to be better? Different generations on continuity and change in urban children's daily use of space,2005,article,550,True,exclude,1,"core mentioned once, not in keyword tags | manual override: children's use of urban public space",include
W4211179209,A9,landmarks,A9_landmarks,43,Urban sprawl and public health,2002,article,545,True,exclude,1,"core mentioned once, not in keyword tags | manual override: public health and sprawl",exclude
W2950589030,A9,landmarks,A9_landmarks,44,Social infrastructure and the public life of cities: Studying urban sociality and public spaces,2019,article,539,True,include,6,rules,include
W2137042736,A9,landmarks,A9_landmarks,45,Where Does Community Grow?,1997,article,530,True,borderline,1,core concept mentioned once | manual: use of outdoor public spaces in public housing,include
W2084995582,A9,landmarks,A9_landmarks,46,"Accessibility and usability: Green space preferences, perceptions, and barriers in a rapidly urbanizing city in Latin America",2012,article,518,False,borderline,0,no abstract; core only in OpenAlex keyword tags | manual: access to and use of green public space,include
W2115195350,A9,landmarks,A9_landmarks,47,Acoustic comfort evaluation in urban open public spaces,2004,article,516,False,include,3,no abstract; core (and context) in title | manual override: acoustic engineering,exclude
W1993029256,A9,landmarks,A9_landmarks,48,The conscience of the eye: the design and social life of cities,1991,book-review,513,True,exclude,0,type book-review,exclude
W2156544967,A9,landmarks,A9_landmarks,49,Healthy Places: Exploring the Evidence,2003,article,505,True,borderline,1,core concept mentioned once | manual: public health and place,exclude
W571814998,A9,landmarks,A9_landmarks,50,The Cultural Geography Reader,2008,book,474,True,exclude,1,"core mentioned once, not in keyword tags | manual override: general reader",exclude
W1943640755,A9,landmarks,A9_landmarks_p2,1,Cities within the City: Do‐It‐Yourself Urbanism and the Right to the City,2013,article,471,True,include,4,rules,include
W2067524849,A9,landmarks,A9_landmarks_p2,2,ROUTINE ACTIVITIES AND CRIME PREVENTION IN THE DEVELOPINGMETROPOLIS*,1987,article,465,True,exclude,0,core concept missing,exclude
W2106223989,A9,landmarks,A9_landmarks_p2,3,"It's Mine, Don't Touch!",2008,conference-paper,461,True,borderline,1,core concept mentioned once | manual: interactive display use in public space (HCI),include
W2124465616,A9,landmarks,A9_landmarks_p2,4,The Public Realm,2017,book,460,True,include,6,rules,include
W2973100169,A9,landmarks,A9_landmarks_p2,5,Changing the urban design of cities for health: The superblock model,2019,article,457,True,exclude,1,"flag, core not in title: \b(patients?|clinical|randomi[sz]ed|prev | manual override: health impact model of superblocks",exclude
W1519651309,A9,landmarks,A9_landmarks_p2,6,Defensible Space: People and Design in the Violent City,1973,book,455,False,borderline,0,"no abstract; core only in OpenAlex keyword tags | manual: crime-prevention design (defensible space), not public space per se",exclude
W2056589086,A9,landmarks,A9_landmarks_p2,7,City: Rediscovering the Center,1991,article,452,True,exclude,0,core concept missing,exclude
W2416178186,A9,landmarks,A9_landmarks_p2,8,Car free cities: Pathway to healthy urban living,2016,article,450,False,borderline,0,no abstract; core only in OpenAlex keyword tags | manual: health and car-free cities,exclude
W2054295250,A9,landmarks,A9_landmarks_p2,9,Racial and Socioeconomic Disparities in Heat-Related Health Effects and Their Mechanisms: a Review,2014,article,447,False,exclude,0,core concept missing | manual override: heat-health epidemiology,exclude
W417234214,A9,landmarks,A9_landmarks_p2,10,The ugly laws: disability in public,2010,book-review,444,True,exclude,0,type book-review,exclude
W2031542882,A9,landmarks,A9_landmarks_p2,11,The Future of Public Space:Beyond Invented Streets and Reinvented Places,2001,article,440,True,include,6,rules,include
W608927256,A9,landmarks,A9_landmarks_p2,12,The one and the many: contemporary collaborative art in a global context,2012,book-review,429,True,exclude,0,type book-review,exclude
W8604946,A9,landmarks,A9_landmarks_p2,13,Loose Space : Possibility and Diversity in Urban Life,2006,article,423,True,include,3,rules,include
W2052535574,A9,landmarks,A9_landmarks_p2,14,Children's Independent Spatial Mobility in the Urban Public Realm,2000,article,423,True,include,6,rules,include
W2169254203,A9,landmarks,A9_landmarks_p2,15,Evaluating restoration in urban green spaces: Does setting type make a difference?,2014,article,422,False,borderline,0,no abstract; core only in OpenAlex keyword tags | manual: restorative green space psychology,exclude
W624303654,A9,landmarks,A9_landmarks_p2,16,"Walkable City: How Downtown Can Save America, One Step at a Time",2012,book,420,True,borderline,1,core concept mentioned once | manual: walkability and street life (practitioner book),include
W2888403634,A9,landmarks,A9_landmarks_p2,17,"Principles for public space design, planning to do better",2018,article,403,True,include,6,rules,include
W2402984290,A9,landmarks,A9_landmarks_p2,18,"Living in cities, naturally",2016,article,403,True,exclude,1,"core mentioned once, not in keyword tags | manual override: urban nature and stress",exclude
W642358081,A9,landmarks,A9_landmarks_p2,19,Insurgent Public Space,2010,book,401,True,include,6,rules,include
W2162134050,A9,landmarks,A9_landmarks_p2,20,Requirements and design space for interactive public displays,2010,conference-paper,399,True,include,3,rules,include
W2035829157,A9,landmarks,A9_landmarks_p2,21,"Cast in Stone: Monuments, Geography, and Nationalism",1995,article,399,True,borderline,1,core concept mentioned once | manual: monuments and public space politics,include
W609001872,A9,landmarks,A9_landmarks_p2,22,The sustainable development paradox : urban political economy in the United States and Europe,2007,article,396,True,borderline,1,core concept mentioned once | manual: urban sustainability politics,exclude
W2163232119,A9,landmarks,A9_landmarks_p2,23,Domestication by Cappuccino or a Revenge on Urban Space? Control and Empowerment in the Management of Public Spaces,2003,article,391,True,include,6,rules,include
W2013275119,A9,landmarks,A9_landmarks_p2,24,CHILDREN SHOULD BE SEEN AND NOT HEARD: THE PRODUCTION AND TRANSGRESSION OF ADULTS' PUBLIC SPACE,1996,article,377,True,include,6,rules,include
W3047122769,A9,landmarks,A9_landmarks_p2,25,Senses of place: architectural design for the multisensory mind,2020,article,376,True,exclude,1,"flag, core not in title: \b(thermal comfort|microclimate|air qual | manual override: multisensory architecture",exclude
W2118286956,A9,landmarks,A9_landmarks_p2,26,Semantic differential analysis of the soundscape in urban open public spaces,2009,article,376,False,include,3,no abstract; core (and context) in title | manual override: soundscape engineering,exclude
W4248051342,A9,landmarks,A9_landmarks_p2,27,The Public Realm: Exploring the City's Quintessential Social Territory,1999,article,371,False,include,3,no abstract; core (and context) in title | manual override: book review (Contemporary Sociology) of Lofland 1998,exclude
W92216486,A9,landmarks,A9_landmarks_p2,28,Exploring the effect of the environment on physical activity,2002,article,368,False,exclude,0,core concept missing | manual override: physical-activity epidemiology,exclude
W588878060,A9,landmarks,A9_landmarks_p2,29,"Celebrating the third place : inspiring stories about the ""great good places"" at the heart of our communities",2001,article,367,True,exclude,0,core concept missing,exclude
W1514599418,A9,landmarks,A9_landmarks_p2,30,On the plaza: the politics of public space and culture,2000,book-review,366,True,exclude,0,type book-review,exclude
W2093331601,A9,landmarks,A9_landmarks_p2,31,Democracy and the Public Space in Latin America,2009,book,363,True,include,4,rules,include
W2055153148,A9,landmarks,A9_landmarks_p2,32,'Bold Walk and Breakings': Women's spatial confidence versus fear of violence,1997,article,357,True,borderline,1,core concept mentioned once | manual: women's fear and use of urban space,include
W275667357,A9,landmarks,A9_landmarks_p2,33,Children's Geographies,2004,book,355,True,borderline,1,core concept mentioned once | manual: general children's geographies reader,exclude
W2004616576,A9,landmarks,A9_landmarks_p2,34,Prevalence and structural correlates of gender based violence among a prospective cohort of female sex workers,2009,article,353,True,exclude,1,"flag, core not in title: \b(patients?|clinical|randomi[sz]ed|prev | manual override: epidemiology of violence",exclude
W2012689303,A9,landmarks,A9_landmarks_p2,35,Policing and public health: Law enforcement and harm minimization in a street-level drug market,1999,article,352,True,exclude,1,"core mentioned once, not in keyword tags | manual override: drug-market policing",exclude
W4292199346,A9,landmarks,A9_landmarks_p2,36,Situating Legal Consciousness: Experiences and Attitudes of Ordinary Citizens about Law and Street Harassment,2000,article,350,True,borderline,1,core concept mentioned once | manual: street harassment and public speech,include
W1983624504,A9,landmarks,A9_landmarks_p2,37,Medicinal and magic plants from a public market in northeastern Brazil,2006,article,348,False,exclude,0,core concept missing | manual override: ethnobotany,exclude
W204012524,A9,landmarks,A9_landmarks_p2,38,"Out in the Country: Youth, Media, and Queer Visibility in Rural America",2009,article,345,True,borderline,1,core concept mentioned once | manual: rural queer media,exclude
W3199144102,A9,landmarks,A9_landmarks_p2,39,"New urban models for more sustainable, liveable and healthier cities post covid19; reducing air pollution, noise and heat island effects and increasing green space and physical activity",2021,article,343,True,exclude,1,"flag, core not in title: \b(thermal comfort|microclimate|air qual | manual override: environmental-health planning models",exclude
W139139059,A9,landmarks,A9_landmarks_p2,40,"Space, Difference, Everyday Life",2008,book,342,True,include,2,rules,include
W1495156805,A9,landmarks,A9_landmarks_p2,41,White flight: Atlanta and the making of modern conservatism,2006,book-review,342,True,exclude,0,type book-review,exclude
W1506843591,A9,landmarks,A9_landmarks_p2,42,Maximum City: Bombay Lost and Found,2004,book,338,True,exclude,0,core concept missing,exclude
W1514552622,A9,landmarks,A9_landmarks_p2,43,"Hopeful girls, troubled boys: race and gender disparity in urban education",2004,book-review,335,True,exclude,0,type book-review,exclude
W4232701806,A9,landmarks,A9_landmarks_p2,44,Pervasive Games,2009,reference-entry,333,True,exclude,1,"flag, core not in title: \b(sensor network|wireless|5g|6g|edge co | manual override: pervasive games",exclude
W2024354472,A9,landmarks,A9_landmarks_p2,45,The spatial syntax of urban segregation,2007,article,333,False,exclude,0,core concept missing | manual override: space syntax of segregation (A12),exclude
W1528174827,A9,landmarks,A9_landmarks_p2,46,Publics and the City,2007,book,333,True,borderline,1,core concept mentioned once | manual: publics and the city,include
W4212829170,A9,landmarks,A9_landmarks_p2,47,On the Plaza,2000,book,333,True,borderline,1,core concept mentioned once | manual: plaza as public space,include
W2113892502,A9,landmarks,A9_landmarks_p2,48,The Place-shaping Continuum: A Theory of Urban Design Process,2013,article,327,True,include,3,rules,include
W1567386205,A9,landmarks,A9_landmarks_p2,49,Ambient television: visual culture and public space,2001,book-review,327,True,exclude,0,type book-review,exclude
W1967972384,A9,landmarks,A9_landmarks_p2,50,Lively Streets,2007,article,324,True,include,2,rules,include
W4389094097,A9,recent,A9_recent,1,How public are hybrid public spaces? Assessing publicness of privately owned public spaces in Hamburg,2023,article,11,True,include,6,rules,include
W4410565988,A9,recent,A9_recent,2,"The end of publicness in Yorubaland? Exploring the privatisation of public space in Ile-Ife, Nigeria",2025,article,1,False,borderline,3,no abstract; context terms missing | manual: privatisation of public space,include
W4412436323,A9,recent,A9_recent,3,Managing and navigating Manchester's Privately Owned Public Spaces: Understanding publicness,2025,article,3,True,include,6,rules,include
W7165138768,A9,recent,A9_recent,4,"How public are they? Privately owned public spaces in Shanghai, China",2026,article,0,True,include,6,"core in title; context terms missing | manual override: POPS, Shanghai",include
W7167074488,A9,recent,A9_recent,5,Public spaces in an industrial town: what the Covid-19 lockdowns tell us about publicness and everyday urbanism in Vietnam,2026,article,0,True,include,6,rules,include
W4390105957,A9,recent,A9_recent,6,"PRIVATISATION OF PUBLIC SPACE – CASE STUDY ZAGREB, CROATIA",2023,article,0,True,include,4,rules,include
W7167128156,A9,recent,A9_recent,7,Public spaces in an industrial town: what the Covid-19 lockdowns tell us about publicness and everyday urbanism in Vietnam,2026,article,0,True,include,6,rules,include
W4416950495,A9,recent,A9_recent,8,A Critical Review of the Literature on Privately Owned Public Spaces: From Intrinsic Critiques to Systematic Assessment,2025,article,2,True,include,5,rules,include
W7171348847,A9,recent,A9_recent,9,"Interpreting public space through a publicness–typology approach: An exploratory study of public spaces in Shanghai, China",2026,article,0,True,include,6,rules,include
W4391507970,A9,recent,A9_recent,10,Assessing the publicness of three streets in ethnically-diverse neighbourhoods,2024,article,2,True,include,6,rules,include
W4388862193,A9,recent,A9_recent,11,Public space and its publicness in people-oriented urban regeneration: A case study of Shanghai,2023,article,21,True,include,6,rules,include
W4415043189,A9,recent,A9_recent,12,A ‘space-order’ publicness model: interpreting public space development in Shanghai’s people-oriented urban regeneration,2025,article,2,True,include,6,rules,include
W7124159641,A9,recent,A9_recent,13,"Private developments, public edges: intermediary spaces and privately-owned public spaces in urban megaprojects in Bangkok",2026,article,0,True,include,5,rules,include
W7167098793,A9,recent,A9_recent,14,Public spaces in an industrial town: what the Covid-19 lockdowns tell us about publicness and everyday urbanism in Vietnam,2026,article,0,True,include,6,rules,include
W7207261412,A9,recent,A9_recent,15,Public Space for Public Good: Making Privately Owned Public Spaces in Vancouver More Inclusive and Supportive,2023,article,0,True,include,6,rules,include
W4387972348,A9,recent,A9_recent,16,"Elton Chan. The Last Urban Frontier. Commodification of Public Space and the Right to the City in Insurgent Hong Kong. Lund University, 2023. PhD Thesis.",2023,article,0,True,include,6,rules,include
W4396571345,A9,recent,A9_recent,17,Insights about the publicness of public space from the Kamppi area of Helsinki,2024,article,2,True,include,6,rules,include
W4406099941,A9,recent,A9_recent,18,Exploring the Impact of the Publicness of Public Space in Hong Kong: A Structural Equation Modelling Approach,2025,article,7,True,include,6,rules,include
W7126896309,A9,recent,A9_recent,19,Reimagining Privately Owned Public Spaces in NYC vs Auckland,2024,dissertation,0,True,include,3,rules,include
W4226371194,A9,recent,A9_recent,20,"Privatization of public space: stakeholder analysis in shifting the function of public space case study in Kediri city, Indonesia",2022,article,1,True,include,6,rules,include
W4312514990,A9,recent,A9_recent,21,"PUBLICNESS OF PUBLIC SPACES IN METROPOLITAN CITY OF A DEVELOPING COUNTRY: THE CASE OF LAHORE, PAKISTAN",2022,article,1,True,include,6,rules,include
W4390942946,A9,recent,A9_recent,22,Post-Public: Contextualizing the Privatization of Public Space,2022,conference-paper,1,True,include,6,core in title; context terms missing | manual override: privatisation of public space,include
W7135001818,A9,recent,A9_recent,23,Morphological Influence On Publicness In Bandung’s Public Spaces: A Case Study Of Alun-Alun And Cihampelas Walk Mall,2025,dissertation,0,True,include,6,rules,include
W4401181410,A9,recent,A9_recent,24,Assessing the Degree of Publicness in Streets,2024,conference-paper,1,True,include,6,rules,include
W7126708936,A9,recent,A9_recent,25,Digital Perceptions: Comparing the Perceptional Difference between Public Spaces and POPS (Privately Owned Public Spaces) Through Online Reviews,2023,dissertation,0,True,include,4,rules,include
W4416177029,A9,recent,A9_recent,26,Mending Privately Owned Public Spaces,2025,book,0,True,include,4,rules,include
W4407721118,A9,recent,A9_recent,27,Designing for sociability and the erosion of publicness: how COVID-19 changed public space,2025,article,2,True,include,5,rules,include
W4405883846,A9,recent,A9_recent,28,Evaluating publicness of public space and its transforming pattern: A case of the inner courtyard at Khulna new market,2024,article,2,True,include,6,rules,include
W4210910760,A9,recent,A9_recent,29,Do welfare states need privately owned public spaces? The relevance of and need for such spaces in German cities,2022,article,11,True,include,6,rules,include
W4405123552,A9,recent,A9_recent,30,Citizen Oversight of Public Spaces: Evaluating Public Participation in Managing Privately Owned Public Spaces,2024,article,4,True,include,6,rules,include
W4388772695,A9,recent,A9_recent,31,Chapter 5. Segregated Public Space and the Right to the City,2023,book-chapter,0,True,include,6,rules,include
W4281643606,A9,recent,A9_recent,32,Publicness of Newly Redeveloped Public Spaces of Dhaka South City Corporation Area,2022,article,1,True,include,6,rules,include
W7127045585,A9,recent,A9_recent,33,Public Space Privatization: A Catalyst for Urban Spaces Gentrification,2026,article,1,True,include,6,rules,include
W4385626213,A9,recent,A9_recent,34,Segregated Public Space and the Right to the City,2023,book-chapter,0,False,include,3,no abstract; core (and context) in title | manual override: segregated public space,include
W4382813902,A9,recent,A9_recent,35,Use or Misuse of Urban Streets? Exploration of Everyday Urbanism in Traditional City Centres,2023,article,5,True,include,6,rules,include
W4382789181,A9,recent,A9_recent,36,Urban Planning Criteria for Defining Privately Owned Public Spaces (POPS),2023,article,1,True,include,6,rules,include
W4311260560,A9,recent,A9_recent,37,Compendium of Dimensions for Evaluating Publicness of Public Spaces,2022,article,0,True,include,6,rules,include
W7128427833,A9,recent,A9_recent,38,Publicness and the City,2026,book-chapter,0,False,include,3,no abstract; core (and context) in title | manual override: publicness and the city,include
W4387718849,A9,recent,A9_recent,39,Evaluating the Publicness Dimension of Public Space with Bibliometric Analysis,2023,article,6,True,include,6,rules,include
W7141683532,A9,recent,A9_recent,40,Defining the ideal public space: A perspective from the publicness,2026,article,0,False,borderline,3,no abstract; context terms missing | manual: ideal public space/publicness,include
W7164205373,A9,recent,A9_recent,41,The digital city and the struggle for urban public spaces: A pragmatic rethinking of public space and digital rights in a postliberal urban future,2026,article,1,True,include,6,rules,include
W4225625903,A9,recent,A9_recent,42,Evolution of city squares and transformation of publicness,2022,article,4,True,include,6,rules,include
W4296371893,A9,recent,A9_recent,43,Defining the ideal public space: A perspective from the publicness,2022,article,75,True,include,6,rules,include
W4400562152,A9,recent,A9_recent,44,Beyond the public space tableau: Insurgent heritage and the right to the city in Bogotá,2023,article,0,True,include,6,rules,include
W7169659753,A9,recent,A9_recent,45,Designing Publicness,2026,article,0,True,include,6,rules,include
W4414457694,A9,recent,A9_recent,46,Urban park commercialization and the transformation of public space in Cairo,2025,article,4,True,include,5,rules,include
W7135337675,A9,recent,A9_recent,47,"Privately Owned Public Places - the Good, the Bad, & the Ugly!",2026,conference-abstract,0,True,include,6,rules,include
W4318619317,A9,recent,A9_recent,48,Urban mobility infrastructures as public spaces: The uses of Sé subway station in downtown São Paulo,2023,article,20,True,include,6,rules,include
W4403014504,A9,recent,A9_recent,49,Grassroots Collectives Recover Public Space,2024,book-chapter,0,False,borderline,3,no abstract; context terms missing | manual: grassroots recovery of public space,include
W4399441939,A9,recent,A9_recent,50,CRAFTING INDIAN MARKETS: THE ART OF BLURRING THE BOUNDARIES OF PUBLICNESS CASE OF DELHI,2024,article,0,True,include,6,rules,include
W7204175336,B5,india,B5_india,1,Digital Public Infrastructure and Evidence-Based Governance: Aadhaar and Direct Benefit Transfer (DBT) in Contemporary India,2026,article,0,True,include,6,rules,include
W7167943279,B5,india,B5_india,2,India Stack as Digital Public Infrastructure: A Strategic and Empirical Analysis of Financial Inclusion,2026,article,0,True,include,6,rules,include
W2568118306,B5,india,B5_india,3,India’s Aadhaar scheme and the promise of inclusive social protection,2017,article,85,True,include,6,rules,include
W2771451103,B5,india,B5_india,4,Impact of Aadhaar in Welfare Programmes,2017,preprint,66,False,include,3,no abstract; core (and context) in title | manual override: Aadhaar and welfare,include
W3132295091,B5,india,B5_india,5,Biometric Identification Systems for Welfare Distributions: A Case Study of Aadhaar,2020,dissertation,0,True,include,6,rules,include
W3085619039,B5,india,B5_india,6,Biometric Infrastructures and the Indian Public Distribution System,2020,article,27,True,include,6,rules,include
W7204199979,B5,india,B5_india,7,Digital Public Infrastructure and Evidence-Based Governance: Aadhaar and Direct Benefit Transfer (DBT) in Contemporary India,2026,article,0,True,include,6,rules,include
W1972431889,B5,india,B5_india,8,"The Unique Identity (UID) Project, Biometrics and Re-Imagining Governance in India",2014,article,54,True,include,6,rules,include
W3094080533,B5,india,B5_india,9,"Digital identity, datafication and social justice: understanding Aadhaar use among informal workers in south India",2020,article,35,True,include,6,rules,include
W3089366762,B5,india,B5_india,10,Biometric IDs and the remaking of the Indian (welfare) state,2019,article,2,True,borderline,5,stub abstract (possible book review) | manual: Aadhaar and the welfare state,include
W3207819680,B5,india,B5_india,11,Seeing Like an Infrastructure: Low-resolution Citizens and the Aadhaar Identification Project,2021,article,56,True,include,6,rules,include
W7164888938,B5,india,B5_india,12,"The Legal Status of Digital Identity in India: Aadhaar, Digital Citizenship, and the Future of Governance",2026,book-chapter,0,True,include,6,rules,include
W7164596685,B5,india,B5_india,13,"The Legal Status of Digital Identity in India: Aadhaar, Digital Citizenship, and the Future of Governance",2026,book-chapter,0,True,include,6,rules,include
W7164587177,B5,india,B5_india,14,"The Legal Status of Digital Identity in India: Aadhaar, Digital Citizenship, and the Future of Governance",2026,book-chapter,0,True,include,6,rules,include
W7220260751,B5,india,B5_india,15,"Evaluating the Role of India Stack in Enhancing Financial Inclusion: A Case Study of UPI and Aadhaar-enabled Services in Delhi, India",2026,dissertation,0,True,include,6,rules,include
W3084791339,B5,india,B5_india,16,"Grappling with Aadhaar: Biometrics, Social Identity and the Indian State",2020,article,20,True,include,6,rules,include
W7154405996,B5,india,B5_india,17,"Biopolitical Technologies of Control: Aadhaar, NRC, and the Redefinition of Citizenship and State Power in Contemporary India",2026,preprint,0,False,include,3,"no abstract; core (and context) in title | manual override: Aadhaar, NRC, citizenship",include
W2979994823,B5,india,B5_india,18,Aadhaar and data privacy: biometric identification and anxieties of recognition in India,2019,article,48,True,include,6,rules,include
W3191631685,B5,india,B5_india,19,Institutional and Technology Architecture Interplay in the National Identity System of India (Aadhaar) and Implications for an Effective Privacy Regime,2018,preprint,0,True,include,6,rules,include
W2263409961,B5,india,B5_india,20,Technochange and the historical bloc: Aadhaar and the computerisation of the Indian public distribution system,2015,conference-paper,0,False,include,3,no abstract; core (and context) in title | manual override: Aadhaar and PDS computerisation,include
W2981899549,B5,india,B5_india,21,India stack---digital infrastructure as public good,2019,article,48,True,include,4,rules,include
W7162573878,B5,india,B5_india,22,"Digital Public Infrastructure and Economic Stability in India: Evidence from UPI, Aadhaar and Direct Benefit Transfers",2026,article,0,True,include,6,rules,include
W7110600304,B5,india,B5_india,23,Integrating Biometric Authentication in India's Welfare Programs: Lessons from a Decade of Reforms,,article,0,True,include,6,rules,include
W3109664060,B5,india,B5_india,24,"‘Without an Aadhaar card nothing could be done’: a mixed methods study of biometric identification and birth registration for children in Varanasi, India",2020,article,19,True,include,6,rules,include
W2998300106,B5,india,B5_india,25,Realizing digital identity in government: Prioritizing design and implementation objectives for Aadhaar in India,2019,article,94,False,include,3,no abstract; core (and context) in title | manual override: digital identity in government,include
W2894173933,B5,india,B5_india,26,Explaining trust in large biometric infrastructures: A critical realist case study of India's Aadhaar project,2018,article,18,True,include,6,rules,include
W2946412855,B5,india,B5_india,27,"Population Meets Database: Aligning Personal, Documentary and Digital Identity in Aadhaar-Enabled India",2019,article,27,True,include,6,rules,include
W7129387030,B5,india,B5_india,28,Digital innovation in welfare delivery: a qualitative case study-based assessment of Aadhaar-based automation and rural exclusion in India,2026,book-chapter,0,True,include,6,rules,include
W2551389452,B5,india,B5_india,29,India: Unique Identification Authority,2016,book-chapter,1,False,include,3,no abstract; core (and context) in title | manual override: UIDAI,include
W7212031922,B5,india,B5_india,30,Artificial Intelligence in India's Digital Public Infrastructure: An Economic Analysis of Aadhaar and UPI-Based Financial Inclusion,2026,article,0,True,include,6,rules,include
W3134944164,B5,india,B5_india,31,Aadhaar in a Box? Legitimizing Digital Identity in Times of Crisis,2021,article,23,True,borderline,6,flag: \b(patients?|clinical|randomi[sz]ed|prev | manual: digital identity legitimation (flag was 'crisis/health' wording),include
W2899752787,B5,india,B5_india,32,"India: Aadhaar Unmasked - The UID Number and Threat of exclusion, and of surveillance – South Asia Citizens Web",2020,article,0,False,include,3,no abstract; core (and context) in title | manual override: Aadhaar exclusion and surveillance,include
W2940830251,B5,india,B5_india,33,Sinking Under Its Own Weight: Case of Aadhaar Mediated Entitlements in India,2019,conference-paper,1,False,include,3,no abstract; core (and context) in title | manual override: Aadhaar-mediated entitlements,include
W7117454912,B5,india,B5_india,34,Digital public infrastructure as a driver of financial inclusion in India,2025,article,5,True,include,6,rules,include
W2971834657,B5,india,B5_india,35,“Governtrepreneurism” for good governance: The case of Aadhaar and the India Stack,2019,article,40,True,include,6,rules,include
W2269673929,B5,india,B5_india,36,"Power, panopticism and surveillance: A panoptic perspective on aadhaar",2014,article,1,True,include,6,rules,include
W4408462960,B5,india,B5_india,37,Decoding the Indian data governance model: Relooking at Aadhaar,2025,article,6,True,include,6,rules,include
W7206209136,B5,india,B5_india,38,Privacy vs protection : mapping crucial challenges in implementing the ICT4D agenda in Global South - Case analysis of India's Aadhaar program,2021,dissertation,0,True,include,6,rules,include
W3036785804,B5,india,B5_india,39,Digital Identity and Exclusion in Welfare,2020,conference-paper,11,True,include,6,rules,include
W2945288081,B5,india,B5_india,40,Technologies of Disintermediation in a Mediated State: Civil Society Organisations and India’s Aadhaar Project,2019,article,20,True,include,6,rules,include
W4404738986,B5,india,B5_india,41,Decoding the Indian Data Governance Model: Relooking at Aadhaar,2024,preprint,0,False,include,3,no abstract; core (and context) in title | manual override: Aadhaar data governance,include
W7125971017,B5,india,B5_india,42,What India's Digital Public Infrastructure does Not Yet do: A Comparative Policy Review of Missing Governance Layers,2026,preprint,0,False,include,3,no abstract; core (and context) in title | manual override: India DPI governance,include
W7117969054,B5,india,B5_india,43,Digital Public Infrastructure as a Driver of Innovation: Global Lessons from the India Stack Experience,2026,conference-paper,0,False,include,3,no abstract; core (and context) in title | manual override: India Stack / DPI,include
W4403510403,B5,india,B5_india,44,Citizenship in India: Parsing the Complexity of Digital Identity Systems,2024,article,2,True,include,6,rules,include
W4386951108,B5,india,B5_india,45,"The digital delivery of welfare services in India: Achievements, anomalies and lessons learnt",2023,book-chapter,2,True,borderline,1,"core concept mentioned once | manual: digital welfare delivery, India",include
W4295007358,B5,india,B5_india,46,Digital Public Services: The Development of Biometric Authentication in India,2022,book-chapter,6,True,include,6,rules,include
W7202163507,B5,india,B5_india,47,Digital Public Infrastructure and Economic Growth: A Case Study of UPI and DBT in India,2026,article,0,True,include,6,rules,include
W4365813954,B5,india,B5_india,48,Stacking up the Benefits: Lessons from India’s Digital Journey,2023,article,52,True,include,3,rules,include
W4411259158,B5,india,B5_india,49,"HyperVerge, Aadhaar, and Surveillance Capitalism in India",2025,preprint,2,False,include,3,no abstract; core (and context) in title | manual override: Aadhaar and surveillance capitalism,include
W3201984000,B5,india,B5_india,50,Digital Identity in India,2021,book-chapter,5,False,include,3,no abstract; core (and context) in title | manual override: digital identity in India,include
W2137295153,B5,landmarks,B5_landmarks,1,Non-Parametric Estimation of a Multivariate Probability Density,1969,article,1860,True,exclude,1,"flag, core not in title: \b(deep learning|neural network|convolut | manual override: statistics paper (keyword-tag noise)",exclude
W584600887,B5,landmarks,B5_landmarks,2,"Surveillance as social sorting : privacy, risk, and digital discrimination",2003,article,875,True,include,2,rules,include
W3123192212,B5,landmarks,B5_landmarks,3,"Sustainability, FinTech and Financial Inclusion",2020,article,729,False,borderline,0,no abstract; core only in OpenAlex keyword tags | manual: fintech and inclusion (B6),exclude
W1590591717,B5,landmarks,B5_landmarks,4,Documenting individual identity : the development of state practices in the modern world,2001,article,656,True,include,2,rules,include
W235149501,B5,landmarks,B5_landmarks,5,Fear: Critical Geopolitics and Everyday Life,2016,book,379,True,borderline,1,core concept mentioned once | manual: geopolitics of fear,exclude
W1487646227,B5,landmarks,B5_landmarks,6,Beyond Fear: Thinking Sensibly About Security in an Uncertain World,2003,article,372,True,include,2,rules,include
W89782422,B5,landmarks,B5_landmarks,7,Cartographic Anxiety: Mapping the Body Politic in India,1994,article,337,True,include,2,rules,include
W1485497075,B5,landmarks,B5_landmarks,8,Security and Privacy Issues in E-passports,2006,conference-paper,309,True,include,3,rules,include
W2924436737,B5,landmarks,B5_landmarks,9,Cohort Profile: The Henan Rural Cohort: a prospective study of chronic non-communicable diseases,2019,article,283,True,exclude,1,"flag, core not in title: \b(patients?|clinical|randomi[sz]ed|prev | manual override: epidemiological cohort",exclude
W2327198637,B5,landmarks,B5_landmarks,10,E-residency and blockchain,2017,article,271,False,borderline,0,no abstract; core only in OpenAlex keyword tags | manual: e-residency digital identity (Estonia),include
W1965629544,B5,landmarks,B5_landmarks,11,"When Seeing should not be Believing: Photographs, Credit Cards and Fraud",1997,article,271,True,borderline,1,core concept mentioned once | manual: psychology of photo-ID verification,exclude
W2009404140,B5,landmarks,B5_landmarks,12,"Digital Epidermalization: Race, Identity and Biometrics",2010,article,254,True,include,6,rules,include
W2809278515,B5,landmarks,B5_landmarks,13,Development of Digital Competence in Secondary Education Teachers’ Training,2018,article,233,True,borderline,1,core concept mentioned once | manual: digital competence in education,exclude
W2132599261,B5,landmarks,B5_landmarks,14,"‘The body does not lie’: Identity, risk and trust in technoculture",2006,article,222,True,include,3,rules,include
W3033403581,B5,landmarks,B5_landmarks,15,A study of higher education students' self-perceived digital competences for learning and everyday life online participation,2020,article,219,True,borderline,1,core concept mentioned once | manual: digital competence in education,exclude
W2482717051,B5,landmarks,B5_landmarks,16,"When Biometrics Fail: Gender, Race, and the Technology of Identity",2011,article,197,True,include,6,rules,include
W2158915143,B5,landmarks,B5_landmarks,17,Identifying Citizens: ID Cards as Surveillance,2010,article,197,False,include,3,no abstract; core (and context) in title | manual override: book review (Contemporary Sociology) of Lyon 2009,exclude
W2073749353,B5,landmarks,B5_landmarks,18,"(Dis)qualified bodies: securitization, citizenship and ‘identity management’",2004,article,197,True,include,3,rules,include
W642710574,B5,landmarks,B5_landmarks,19,"Global surveillance and policing : borders, security, identity",2005,article,192,True,include,3,rules,include
W1549851572,B5,landmarks,B5_landmarks,20,The humanitarian intervention debate,2003,book-chapter,192,True,include,2,rules,include
W1861271473,B5,landmarks,B5_landmarks,21,The Contested Politics of Mobility,2010,book,179,True,borderline,1,core concept mentioned once | manual: migration politics,exclude
W3035522863,B5,landmarks,B5_landmarks,22,Visual identification of individual Holstein-Friesian cattle via deep metric learning,2021,article,176,False,exclude,0,core concept missing | manual override: cattle identification (computer vision),exclude
W1755767712,B5,landmarks,B5_landmarks,23,Identification for Development: The Biometrics Revolution,2013,preprint,174,False,borderline,3,"no abstract; context terms missing | manual: identification for development, biometrics",include
W2089204780,B5,landmarks,B5_landmarks,24,"Between Longing and Despair: State, Space, and Subjectivity in Turkey",2007,article,169,True,borderline,1,"core concept mentioned once | manual: state and subjectivity, Turkey",exclude
W2798307029,B5,landmarks,B5_landmarks,25,We Are Data: Algorithms and the Making of Our Digital Selves,2017,article,168,True,exclude,0,core concept missing,exclude
W2205834647,B5,landmarks,B5_landmarks,26,Patients of the State: The Politics of Waiting in Argentina,2012,article,167,True,exclude,1,"flag, core not in title: \b(patients?|clinical|randomi[sz]ed|prev | manual override: politics of waiting at state offices (not B5; noted as shortlist-relevant lead)",exclude
W2911794780,B5,landmarks,B5_landmarks,27,Cohort Profile: Ravansar Non-Communicable Disease cohort study: the first cohort study in a Kurdish population,2019,article,163,True,exclude,2,"flag, core not in title: \b(sensor network|wireless|5g|6g|edge co | manual override: epidemiological cohort",exclude
W613945323,B5,landmarks,B5_landmarks,28,The privacy advocates: resisting the spread of surveillance,2009,book-review,163,True,exclude,0,type book-review,exclude
W2773945611,B5,landmarks,B5_landmarks,29,Tangible Information and Citizen Empowerment: Identification Cards and Food Subsidy Programs in Indonesia,2017,article,161,True,include,3,rules,include
W2148898778,B5,landmarks,B5_landmarks,30,Biometric Recognition: An Overview,2012,book-chapter,161,False,borderline,3,no abstract; context terms missing | manual: biometric recognition engineering overview,exclude
W2945621989,B5,landmarks,B5_landmarks,31,Aadhaar: Governing with Biometrics,2019,article,156,True,borderline,5,stub abstract (possible book review) | manual: Aadhaar special-issue introduction,include
W2012633664,B5,landmarks,B5_landmarks,32,"A World Destroyed, A Nation Imposed: The 1937 Haitian Massacre in the Dominican Republic",2002,article,150,True,exclude,1,"core mentioned once, not in keyword tags | manual override: history of massacre",exclude
W3003033094,B5,landmarks,B5_landmarks,33,Self-Sovereign Identity in a Globalized World: Credentials-Based Identity Systems as a Driver for Economic Inclusion,2020,article,143,True,borderline,6,flag: \b(sensor network|wireless|5g|6g|edge co | manual: self-sovereign identity and inclusion,include
W2013988101,B5,landmarks,B5_landmarks,34,Ocular biometrics: A survey of modalities and fusion approaches,2015,article,137,False,borderline,3,no abstract; context terms missing | manual: ocular biometrics engineering,exclude
W4234136487,B5,landmarks,B5_landmarks,35,Autonomy of Migration?,2019,book,129,True,include,3,rules,include
W4281785662,B5,landmarks,B5_landmarks,36,The livestock farming digital transformation: implementation of new and emerging technologies using artificial intelligence,2022,article,122,True,exclude,3,"flag, core not in title: \b(deep learning|neural network|convolut | manual override: livestock technology",exclude
W3025611933,B5,landmarks,B5_landmarks,37,"Digital Resilience Tactics of Syrian Refugees in the Netherlands: Social Media for Social Support, Health, and Identity",2020,article,122,True,borderline,1,core concept mentioned once | manual: refugees' social media use,exclude
W4206832536,B5,landmarks,B5_landmarks,38,CattleFaceNet: A cattle face identification approach based on RetinaFace and ArcFace loss,2022,article,117,True,exclude,1,"flag, core not in title: \b(patients?|clinical|randomi[sz]ed|prev | manual override: cattle face identification",exclude
W2743557879,B5,landmarks,B5_landmarks,39,Blockchain Technology as s Support Infrastructure in e-Government,2017,conference-paper,117,False,borderline,0,no abstract; core only in OpenAlex keyword tags | manual: blockchain e-government (not ID),exclude
W1968641244,B5,landmarks,B5_landmarks,40,"Israeli Biopolitics: Closure, Territorialisation and Governmentality in the Occupied Palestinian Territories",2008,article,117,True,borderline,1,"core concept mentioned once | manual: biopolitics of mobility, Palestine",exclude
W2997320510,B5,landmarks,B5_landmarks,41,The Rise of Digital Financialisation: The Case of India,2020,article,116,True,borderline,1,core concept mentioned once | manual: digital financialisation built on India Stack (also B6),include
W2019326222,B5,landmarks,B5_landmarks,42,User acceptance of Malaysian government multipurpose smartcard applications,2009,article,116,False,borderline,0,no abstract; core only in OpenAlex keyword tags | manual: national multipurpose smartcard (MyKad),include
W4232627113,B5,landmarks,B5_landmarks,43,Making Immigrant Rights Real,2016,book,115,True,exclude,1,"core mentioned once, not in keyword tags | manual override: immigrant rights",exclude
W2147766752,B5,landmarks,B5_landmarks,44,"Surveillance, Security and Social Sorting",2007,article,111,True,borderline,1,core concept mentioned once | manual: surveillance and security (B3),exclude
W2504351250,B5,landmarks,B5_landmarks,45,Nationality and Citizenship in Revolutionary France,2000,book,111,True,include,2,rules,include
W2904942818,B5,landmarks,B5_landmarks,46,Fintech for Financial Inclusion: A Framework for Digital Financial Transformation,2018,preprint,110,False,borderline,0,no abstract; core only in OpenAlex keyword tags | manual: fintech framework built on digital ID/e-KYC (also B6),include
W3019465543,B5,landmarks,B5_landmarks,47,Livestock classification and counting in quadcopter aerial images using Mask R-CNN,2020,article,109,True,exclude,1,"core mentioned once, not in keyword tags | manual override: livestock imaging",exclude
W567840274,B5,landmarks,B5_landmarks,48,Identifying Citizens: ID Cards as Surveillance,2009,article,108,True,include,4,rules,include
W2062484215,B5,landmarks,B5_landmarks,49,Henry Fielding: A Life,1989,book,107,True,exclude,0,core concept missing,exclude
W2326644835,B5,landmarks,B5_landmarks,50,"The Invention of the Passport: Surveillance, Citizenship, and the State",2002,article,106,False,borderline,0,no abstract; core only in OpenAlex keyword tags | manual: book review (Contemporary Sociology) of Torpey 2000,exclude
W97603265,B5,landmarks,B5_landmarks_p2,1,Picture password :,2003,report,104,True,exclude,0,core concept missing,exclude
W2946326213,B5,landmarks,B5_landmarks_p2,2,Datafying anti-poverty programmes: implications for data justice,2019,article,101,True,include,3,rules,include
W2152036754,B5,landmarks,B5_landmarks_p2,3,Municipal ID Cards for Undocumented Immigrants,2014,article,100,True,include,6,rules,include
W4248279805,B5,landmarks,B5_landmarks_p2,4,The Privacy Advocates,2008,book,99,True,include,2,rules,include
W2056981813,B5,landmarks,B5_landmarks_p2,5,The birth of biometric security,2009,article,98,True,include,6,rules,include
W1538856014,B5,landmarks,B5_landmarks_p2,6,India's public distribution system,1997,book,98,True,exclude,1,"flag, core not in title: \b(patients?|clinical|randomi[sz]ed|prev | manual override: PDS history, no ID content",exclude
W4239453362,B5,landmarks,B5_landmarks_p2,7,"Security, Risk and the Biometric State",2010,book,97,True,include,6,rules,include
W2800197349,B5,landmarks,B5_landmarks_p2,8,Blockchain for Business: Next-Generation Enterprise Artificial Intelligence Systems,2018,book-chapter,96,False,exclude,0,core concept missing | manual override: blockchain business,exclude
W2998300106,B5,landmarks,B5_landmarks_p2,9,Realizing digital identity in government: Prioritizing design and implementation objectives for Aadhaar in India,2019,article,94,False,include,3,no abstract; core (and context) in title | manual override: digital identity in government,include
W2955090878,B5,landmarks,B5_landmarks_p2,10,Give Me a Database and I Will Raise the Nation-State,2019,article,94,True,include,3,rules,include
W4362466505,B5,landmarks,B5_landmarks_p2,11,The Ayushman Bharat Digital Mission (ABDM): making of India’s Digital Health Story,2023,article,93,True,borderline,1,core concept mentioned once | manual: digital health ID within India's DPI (ABDM),include
W3141649780,B5,landmarks,B5_landmarks_p2,12,Between surveillance and recognition: Rethinking digital identity in aid,2021,editorial,93,True,exclude,0,type editorial,exclude
W3121307771,B5,landmarks,B5_landmarks_p2,13,The Identity Challenge in Finance: From Analogue Identity to Digitized Identification to Digital KYC Utilities,2019,article,93,False,borderline,0,no abstract; core only in OpenAlex keyword tags | manual: digital identity/KYC in finance (also B6),include
W1930528582,B5,landmarks,B5_landmarks_p2,14,"Blown to Bits: Your Life, Liberty, and Happiness After the Digital Explosion",2008,article,93,True,exclude,0,core concept missing,exclude
W2036079615,B5,landmarks,B5_landmarks_p2,15,The New Front Line: Estonia under Cyberassault,2007,article,93,True,borderline,1,core concept mentioned once | manual: cyberattack on Estonia (B10),exclude
W2052177397,B5,landmarks,B5_landmarks_p2,16,On Generalized Tournament Matrices,1970,article,90,True,exclude,1,"core mentioned once, not in keyword tags | manual override: mathematics (keyword-tag noise)",exclude
W562875555,B5,landmarks,B5_landmarks_p2,17,Digital Media and Society: An Introduction,2013,article,89,True,exclude,0,core concept missing,exclude
W2575439008,B5,landmarks,B5_landmarks_p2,18,"Playing the Identity Card: Surveillance, Security and Identification in Global Perspective",2009,article,89,False,include,3,no abstract; core (and context) in title | manual override: book review (Contemporary Sociology) of Bennett & Lyon 2008,exclude
W2060267793,B5,landmarks,B5_landmarks_p2,19,Physician Response Rates to Mail and Personal Interview Surveys,1979,article,89,True,exclude,1,"flag, core not in title: \b(patients?|clinical|randomi[sz]ed|prev | manual override: survey methodology",exclude
W3207344912,B5,landmarks,B5_landmarks_p2,20,Data protection regulation,2021,book-chapter,88,True,include,2,rules,include
W2125817698,B5,landmarks,B5_landmarks_p2,21,Profile: The Ouagadougou Health and Demographic Surveillance System,2012,article,88,True,exclude,1,"flag, core not in title: \b(patients?|clinical|randomi[sz]ed|prev | manual override: demographic surveillance site",exclude
W2952426787,B5,landmarks,B5_landmarks_p2,22,Unraveling Transparency and Accountability in Blockchain,2019,conference-paper,87,True,borderline,1,core concept mentioned once | manual: blockchain accountability,exclude
W2204426813,B5,landmarks,B5_landmarks_p2,23,Bird Station Manual,2002,article,87,True,borderline,1,core concept mentioned once | manual: ornithology,exclude
W1983215829,B5,landmarks,B5_landmarks_p2,24,Effects of Food Stamp and TANF Policies on Food Stamp Receipt,2008,article,86,True,borderline,1,"core concept mentioned once | manual: food-stamp policy, no ID content",exclude
W2568118306,B5,landmarks,B5_landmarks_p2,25,India’s Aadhaar scheme and the promise of inclusive social protection,2017,article,85,True,include,6,rules,include
W2944888592,B5,landmarks,B5_landmarks_p2,26,The ‘Social’ De-Duplicated: On the Aadhaar Platform and the Engineering of Service,2019,article,84,True,include,6,rules,include
W563896710,B5,landmarks,B5_landmarks_p2,27,"Security, Insecurity and Migration in Europe",2016,book,82,True,borderline,1,core concept mentioned once | manual: migration securitisation,exclude
W2048771990,B5,landmarks,B5_landmarks_p2,28,"BIOMETRICS, IDENTIFICATION AND SURVEILLANCE",2008,article,82,True,include,6,rules,include
W2000641258,B5,landmarks,B5_landmarks_p2,29,Privacy features of European eID card specifications,2008,article,82,True,include,3,rules,include
W1981701827,B5,landmarks,B5_landmarks_p2,30,Coming to the UK: What do Asylum-Seekers Know About the UK before Arrival?,2006,article,81,True,exclude,1,"core mentioned once, not in keyword tags | manual override: asylum knowledge",exclude
W3000889656,B5,landmarks,B5_landmarks_p2,31,Constraints and benefits of the blockchain use for real estate and property rights,2020,article,78,True,borderline,1,core concept mentioned once | manual: blockchain property registries,exclude
W4236876610,B5,landmarks,B5_landmarks_p2,32,Immigration and the War on Crime: Law and Order Politics and the Illegal Immigration Reform and Immigrant Responsibility Act of 1996,2018,article,78,True,borderline,1,core concept mentioned once | manual: immigration law,exclude
W2542232302,B5,landmarks,B5_landmarks_p2,33,Online voting system for India based on AADHAAR ID,2013,conference-paper,78,True,include,3,rules,include
W3121489355,B5,landmarks,B5_landmarks_p2,34,Advancing E-governance for development: Digital identification and its link to socioeconomic inclusion,2021,article,76,False,include,3,no abstract; core (and context) in title | manual override: digital identification and inclusion,include
W2912673594,B5,landmarks,B5_landmarks_p2,35,Hacking the Cis-tem,2019,article,76,True,exclude,1,"core mentioned once, not in keyword tags | manual override: gender markers on government ID",include
W2069912383,B5,landmarks,B5_landmarks_p2,36,"Surveillance and identity: discourse, subjectivity and the state",2013,book-review,76,True,exclude,0,type book-review,exclude
W433868518,B5,landmarks,B5_landmarks_p2,37,The passport in America: the history of a document,2011,book-review,76,True,exclude,0,type book-review,exclude
W1969638554,B5,landmarks,B5_landmarks_p2,38,Electronic identity management in Estonia between market and state governance,2010,article,76,True,include,3,rules,include
W3129482,B5,landmarks,B5_landmarks_p2,39,International Migration Law: Developing Paradigms and Key Challenges,2007,book,76,True,borderline,1,core concept mentioned once | manual: migration law,exclude
W2057950190,B5,landmarks,B5_landmarks_p2,40,Ethnicising Afghanistan?: inclusion and exclusion in post‐Bonn institution building,2004,article,76,True,borderline,1,core concept mentioned once | manual: Afghan ethnic politics,exclude
W3216213780,B5,landmarks,B5_landmarks_p2,41,Automated Muzzle Detection and Biometric Identification via Few-Shot Deep Transfer Learning of Mixed Breed Cattle,2021,article,75,True,include,6,rules,include
W2618714981,B5,landmarks,B5_landmarks_p2,42,Citizenship Law in Africa. a Comparative Study,2012,book,75,True,borderline,1,core concept mentioned once | manual: citizenship law (documents marginal),exclude
W1481199963,B5,landmarks,B5_landmarks_p2,43,"Security, Risk and the Biometric State: Governing Borders and Bodies",2010,other,75,True,include,6,rules,include
W2983526922,B5,landmarks,B5_landmarks_p2,44,Educators’ Perceptions of Student Digital Citizenship Practices,2019,article,74,True,borderline,1,core concept mentioned once | manual: digital citizenship education,exclude
W2508086296,B5,landmarks,B5_landmarks_p2,45,"“Money Is Your Government”: Refugees, Mobility, and Unstable Documents in Kenya’s Operation Usalama Watch",2016,article,74,True,include,2,rules,include
W4366414836,B5,landmarks,B5_landmarks_p2,46,Verification of Education Credentials on European Blockchain Services Infrastructure (EBSI): Action Research in a Cross-Border Use Case between Belgium and Italy,2023,article,73,True,exclude,1,"core mentioned once, not in keyword tags | manual override: blockchain credentials",exclude
W3158400898,B5,landmarks,B5_landmarks_p2,47,Conceptual and normative approaches to AI governance for a global digital ecosystem supportive of the UN Sustainable Development Goals (SDGs),2021,article,73,True,borderline,1,core concept mentioned once | manual: AI governance,exclude
W3095849054,B5,landmarks,B5_landmarks_p2,48,"Fixing State Vision: Interoperability, Biometrics, and Identity Management in the EU",2020,article,72,True,include,5,rules,include
W1574475636,B5,landmarks,B5_landmarks_p2,49,Aiding Surveillance: An Exploration of How Development and Humanitarian Aid Initiatives are Enabling Surveillance in Developing Countries,2013,preprint,71,False,borderline,0,no abstract; core only in OpenAlex keyword tags | manual: aid-funded ID/biometric surveillance,include
W2080485807,B5,landmarks,B5_landmarks_p2,50,"Uneven Borders, Coloured (Im)mobilities: ID Cards in Palestine/Israel",2012,article,71,True,include,6,rules,include
W7167943279,B5,recent,B5_recent,1,India Stack as Digital Public Infrastructure: A Strategic and Empirical Analysis of Financial Inclusion,2026,article,0,True,include,6,rules,include
W7204175336,B5,recent,B5_recent,2,Digital Public Infrastructure and Evidence-Based Governance: Aadhaar and Direct Benefit Transfer (DBT) in Contemporary India,2026,article,0,True,include,6,rules,include
W7164888938,B5,recent,B5_recent,3,"The Legal Status of Digital Identity in India: Aadhaar, Digital Citizenship, and the Future of Governance",2026,book-chapter,0,True,include,6,rules,include
W7164596685,B5,recent,B5_recent,4,"The Legal Status of Digital Identity in India: Aadhaar, Digital Citizenship, and the Future of Governance",2026,book-chapter,0,True,include,6,rules,include
W7164587177,B5,recent,B5_recent,5,"The Legal Status of Digital Identity in India: Aadhaar, Digital Citizenship, and the Future of Governance",2026,book-chapter,0,True,include,6,rules,include
W7204199979,B5,recent,B5_recent,6,Digital Public Infrastructure and Evidence-Based Governance: Aadhaar and Direct Benefit Transfer (DBT) in Contemporary India,2026,article,0,True,include,6,rules,include
W4404558200,B5,recent,B5_recent,7,Marginalized Aadhaar: How the World’s Largest Digital Identification Programme Led to the Exclusion of Marginalized Communities,2022,preprint,2,False,include,3,no abstract; core (and context) in title | manual override: Aadhaar exclusion,include
W7154405996,B5,recent,B5_recent,8,"Biopolitical Technologies of Control: Aadhaar, NRC, and the Redefinition of Citizenship and State Power in Contemporary India",2026,preprint,0,False,include,3,"no abstract; core (and context) in title | manual override: Aadhaar, NRC, citizenship",include
W4408462960,B5,recent,B5_recent,9,Decoding the Indian data governance model: Relooking at Aadhaar,2025,article,6,True,include,6,rules,include
W7129387030,B5,recent,B5_recent,10,Digital innovation in welfare delivery: a qualitative case study-based assessment of Aadhaar-based automation and rural exclusion in India,2026,book-chapter,0,True,include,6,rules,include
W7117969054,B5,recent,B5_recent,11,Digital Public Infrastructure as a Driver of Innovation: Global Lessons from the India Stack Experience,2026,conference-paper,0,False,include,3,no abstract; core (and context) in title | manual override: India Stack / DPI,include
W7117454912,B5,recent,B5_recent,12,Digital public infrastructure as a driver of financial inclusion in India,2025,article,5,True,include,6,rules,include
W4404738986,B5,recent,B5_recent,13,Decoding the Indian Data Governance Model: Relooking at Aadhaar,2024,preprint,0,False,include,3,no abstract; core (and context) in title | manual override: Aadhaar data governance,include
W7125971017,B5,recent,B5_recent,14,What India's Digital Public Infrastructure does Not Yet do: A Comparative Policy Review of Missing Governance Layers,2026,preprint,0,False,include,3,no abstract; core (and context) in title | manual override: India DPI governance,include
W4365813954,B5,recent,B5_recent,15,Stacking up the Benefits: Lessons from India’s Digital Journey,2023,article,52,True,include,3,rules,include
W7220260751,B5,recent,B5_recent,16,"Evaluating the Role of India Stack in Enhancing Financial Inclusion: A Case Study of UPI and Aadhaar-enabled Services in Delhi, India",2026,dissertation,0,True,include,6,rules,include
W7155009575,B5,recent,B5_recent,17,"Legal Identity or Digital Control? National Digital ID Systems, Exclusion, and Digital Authoritarian Practices in Uganda",2026,preprint,0,False,include,3,"no abstract; core (and context) in title | manual override: national digital ID and exclusion, Uganda",include
W7128688752,B5,recent,B5_recent,18,The Architecture of Influence: India’s Digital Public Infrastructure and Its Significance,2026,article,0,True,include,6,rules,include
W4403510403,B5,recent,B5_recent,19,Citizenship in India: Parsing the Complexity of Digital Identity Systems,2024,article,2,True,include,6,rules,include
W7212031922,B5,recent,B5_recent,20,Artificial Intelligence in India's Digital Public Infrastructure: An Economic Analysis of Aadhaar and UPI-Based Financial Inclusion,2026,article,0,True,include,6,rules,include
W4386951108,B5,recent,B5_recent,21,"The digital delivery of welfare services in India: Achievements, anomalies and lessons learnt",2023,book-chapter,2,True,borderline,1,"core concept mentioned once | manual: digital welfare delivery, India",include
W4295007358,B5,recent,B5_recent,22,Digital Public Services: The Development of Biometric Authentication in India,2022,book-chapter,6,True,include,6,rules,include
W7161638914,B5,recent,B5_recent,23,TRUST: DUAL-FALLBACK BIOMETRIC AUTHENTICATION FOR INCLUSIVE WELFARE DELIVERY IN INDIA'S PUBLIC DISTRIBUTION SYSTEM,2026,article,0,False,include,3,"no abstract; core (and context) in title | manual override: biometric authentication in PDS (technical design, welfare context)",include
W4396897636,B5,recent,B5_recent,24,Debunking the Idea of a Single (Digital) Identifier: The Case of Identification Documents for Transgender Persons in India,2024,article,1,True,include,6,rules,include
W7165404341,B5,recent,B5_recent,25,ID4D Global Dataset 2025: Trends in Identification for Development,2026,book,0,True,include,6,rules,include
W4412572483,B5,recent,B5_recent,26,"Digital ID as a governance game-changer in African democracies: A comparative analysis of Ghana, Nigeria, and India",2025,article,1,True,include,6,rules,include
W7204131863,B5,recent,B5_recent,27,India's Digital Public Infrastructure (DPI) and Digital Sovereignty in the Global Political Economy,2025,article,0,True,include,6,rules,include
W7171831690,B5,recent,B5_recent,28,Dreams of a Digital India: Imaginaries of the India Stack project,2024,dissertation,0,True,include,6,rules,include
W4414749976,B5,recent,B5_recent,29,Indirect Discrimination: Huduma Namba (Digital Identification) and the Plight of the Nubian Community in Kenya,2025,preprint,0,False,borderline,3,"no abstract; context terms missing | manual: digital ID discrimination, Kenya",include
W4411259158,B5,recent,B5_recent,30,"HyperVerge, Aadhaar, and Surveillance Capitalism in India",2025,preprint,2,False,include,3,no abstract; core (and context) in title | manual override: Aadhaar and surveillance capitalism,include
W7214330276,B5,recent,B5_recent,31,"Digital Public Infrastructure as a Convergence Accelerator for Emerging Economies: Identity, payments, and data rails compressing decades of institutional development",2026,preprint,0,True,include,6,rules,include
W7163350741,B5,recent,B5_recent,32,"Digital identity, algorithmic-administrative governance and the transformation of social policy provisioning in Ghana: a political economy analysis of digitally mediated welfare systems",2026,article,0,True,include,6,rules,include
W4391187801,B5,recent,B5_recent,33,Identification for Development (ID4D): Diagnostic of ID Systems in Cameroon,2024,book,0,True,include,6,rules,include
W7202163507,B5,recent,B5_recent,34,Digital Public Infrastructure and Economic Growth: A Case Study of UPI and DBT in India,2026,article,0,True,include,6,rules,include
W4412203698,B5,recent,B5_recent,35,Infrastructures of excess: Politics of biometric and data-based citizenship in Pakistan’s cash transfers program,2025,article,0,True,include,3,rules,include
W7167787818,B5,recent,B5_recent,36,"From Identification to Infrastructure: Digital Identity, Sector Transgressions, and the Governance of Access to Services in Uganda",2026,preprint,0,False,include,3,"no abstract; core (and context) in title | manual override: digital identity infrastructure, Uganda",include
W7157549018,B5,recent,B5_recent,37,Biometrics and Surveillance as a Tool of Tracing Citizenship,2026,article,0,True,include,6,rules,include
W4415011675,B5,recent,B5_recent,38,India’s digital public infrastructure: Analyzing UPI and Aadhaar in GDP growth and cost optimization,2025,article,0,True,include,6,rules,include
W7217995035,B5,recent,B5_recent,39,"Legal And Ethical Considerations of Managing Identities, Ranging from Aadhaar to Global Digital Ids",2023,article,0,True,include,6,rules,include
W4409623556,B5,recent,B5_recent,40,Scalable Digital Solutions from India’s Aadhaar and UPI Frameworks,2025,article,2,True,include,6,rules,include
W7214320601,B5,recent,B5_recent,41,"Digital Public Infrastructure as a Convergence Accelerator for Emerging Economies: Identity, payments, and data rails compressing decades of institutional development",2026,preprint,0,True,include,6,rules,include
W7204933344,B5,recent,B5_recent,42,Digital Public Infrastructure and Inclusive Digital Transformation in Indonesia: Insights from India Stack,2026,book-chapter,0,False,include,3,"no abstract; core (and context) in title | manual override: DPI, Indonesia",include
W4307629470,B5,recent,B5_recent,43,Indirect Discrimination: Huduma Namba (Digital Identification) and the Plight of the Nubian Community in Kenya,2022,article,2,True,include,5,rules,include
W7126063301,B5,recent,B5_recent,44,"Digital Public Infrastructure and Digital Financial Services: Convergence, Landscape and Regulatory Considerations",2026,preprint,1,False,include,3,no abstract; core (and context) in title | manual override: DPI and digital financial services,include
W7155007188,B5,recent,B5_recent,45,Administrative Reach and State Capacity: Interoperability Failures in Nigeria's Digital Identification Infrastructure,2026,preprint,0,False,include,3,"no abstract; core (and context) in title | manual override: digital ID and state capacity, Nigeria",include
W4385413873,B5,recent,B5_recent,46,Biometric Turn and the Quest of Public Interest. Assessing the National Identification Policy in Cameroon,2023,book-chapter,1,False,include,3,"no abstract; core (and context) in title | manual override: biometric national ID policy, Cameroon",include
W7169619394,B5,recent,B5_recent,47,Brokers of citizenship. Justices of the peace as intermediaries in Sierra Leone’s digital identification project,2026,article,0,True,include,5,rules,include
W7159773702,B5,recent,B5_recent,48,"Digital Identity, Conditional Access, and Human Dignity: A Christian Policy Analysis of Biometric Governance, Surveillance Infrastructure, and Data Justice",2026,article,0,True,include,6,rules,include
W4403108657,B5,recent,B5_recent,49,Wallet wars or digital public infrastructure? Orchestrating a digital identity data ecosystem from a government perspective,2024,article,28,True,include,6,rules,include
W7202126283,B5,recent,B5_recent,50,Closing the Last Mile: Building Accountability into AI Driven Public Service Delivery What India's Digital Public Infrastructure Can Teach the Global South,2026,article,0,True,include,5,rules,include
W3199210739,C2,india,C2_india,1,"PLATFORMISATION OF RIDE HAILING, FOOD DELIVERY AND DOMESTIC WORK SERVICES IN URBAN INDIA",2021,article,1,True,include,6,rules,include
W4388581296,C2,india,C2_india,2,The spatial politics of platformization: Negotiating platform power in everyday taxi driving in Mumbai,2023,article,13,False,borderline,3,"no abstract; context terms missing | manual: platformisation of taxi driving, Mumbai",include
W4401101618,C2,india,C2_india,3,Urban mobilities in Mumbai: Towards worker-centric platformisation beyond ‘urban solutionism’,2024,article,8,True,include,5,rules,include
W4415064905,C2,india,C2_india,4,"Unequal taxi geographies: Antagonisms in platform-driven urban restructuring in Delhi, India",2025,article,1,True,include,3,rules,include
W4408523117,C2,india,C2_india,5,Parasitic platform urbanism in Dhaka and Melbourne,2025,article,3,True,include,5,rules,include
W4328050993,C2,india,C2_india,6,Dispossession by platformization: The rise of on-demand recycling in urban India,2023,article,14,False,include,3,"no abstract; core (and context) in title | manual override: platformised recycling, urban India",include
W4308145596,C2,india,C2_india,7,Going on a ride with Lefebvre: everyday contestation of platform mobilities in Mumbai,2022,article,2,True,include,3,rules,include
W4415622542,C2,india,C2_india,8,Platformization in the southern city: Entrepreneurial volunteering and the suturing of collective life in Hyderabad,2025,article,1,True,include,5,rules,include
W7211949094,C2,india,C2_india,9,"Platformisation in Smaller Indian Cities: Informal Institutions, Labour and Technology Adoption in Urban Mobility",2026,article,0,True,include,4,rules,include
W7154984835,C2,india,C2_india,10,"Delivering food, navigating stigma: the social experience of gig workers in urban India",2026,article,0,True,include,6,rules,include
W7118006460,C2,india,C2_india,11,"Platform Urbanism and Culinary Logistics: Mobility, Infrastructure, and Micro-Entrepreneurship in Post-Digital Kolkata",2026,conference-paper,0,False,include,3,"no abstract; core (and context) in title | manual override: platform urbanism and food logistics, Kolkata",include
W7202174809,C2,india,C2_india,12,"Algorithmic Governance, Local Government Regulation, And Sustainable Labour Policy: A Structural Equation Modelling Approach To Gig Delivery Workers In South India",2026,article,0,True,include,3,rules,include
W7203512664,C2,india,C2_india,13,From subordination to freedom? An ethnography of Bangalore’s auto- rickshaw drivers and ride-hailing economy,2026,dissertation,0,True,include,6,rules,include
W7159795220,C2,india,C2_india,14,"Delivering food, navigating stigma: the social experience of gig workers in urban India",2026,preprint,0,False,include,3,no abstract; core (and context) in title | manual override: gig workers in urban India (also C15),include
W7164383969,C2,india,C2_india,15,"Converging Platforms: Media, Precarity and Everyday Resistance among Urban Gig Workers – A Case Study of Delhi",2026,article,0,True,include,6,rules,include
W7152371429,C2,india,C2_india,16,"The digitalization of urban governance in India : platforms, processes and people in Bhubaneswar",2025,dissertation,0,True,borderline,1,"core concept mentioned once | manual: platforms in urban governance, Bhubaneswar (thesis)",include
W7160061079,C2,india,C2_india,17,"Delivering food, navigating stigma: the social experience of gig workers in urban India",2026,preprint,0,False,include,3,no abstract; core (and context) in title | manual override: gig workers in urban India (preprint version),include
W3107039429,C2,india,C2_india,18,Spatiotemporal (In)justice in Digital Platforms: An Analysis of Food-Delivery Platforms in South India,2020,conference-paper,10,False,borderline,3,"no abstract; context terms missing | manual: food-delivery platforms, spatiotemporal justice",include
W4413617258,C2,india,C2_india,19,Design in the ‘hybrid city’: DIY meets platform urbanism in Dhaka’s informal settlements,2016,other,0,False,include,3,"no abstract; core (and context) in title | manual override: platform urbanism in informal settlements, Dhaka",include
W7140141488,C2,india,C2_india,20,Household platforms as transactional infrastructures: the case of Urban Company,2026,article,1,True,include,2,rules,include
W7162671924,C2,india,C2_india,21,From unpaid care work to gig labour: Women and the platform economy in India,2026,article,0,True,borderline,1,"core concept mentioned once | manual: platform economy and women's work, urban India",include
W4403718723,C2,india,C2_india,22,"The Rise of Digital Labor Platforms in India: Gig Economy, Labor Rights, and Economic Inequality",2024,preprint,0,True,include,6,rules,include
W4291824657,C2,india,C2_india,23,Sustaining urban labour markets: Situating migration and domestic work in India's ‘gig’ economy,2022,article,28,True,include,2,rules,include
W7128493135,C2,india,C2_india,24,Informal service labour and digital platforms in India’s marriage economy,2026,article,2,True,include,6,rules,include
W7154996303,C2,india,C2_india,25,"India's Shift to the Instant Service Economy: Platform Growth, Urban Consumption, and Socioeconomic Impact",2026,article,0,True,include,3,rules,include
W7125483078,C2,india,C2_india,26,Participatory Governance through AI-Powered Digital Platforms: A Comparative Study of Indian States,2026,article,0,True,include,4,rules,include
W7214944612,C2,india,C2_india,27,From Informal Labour to Digital Platforms: The Sustainability of Assam's Emerging Gig Economy,2026,article,0,True,include,6,rules,include
W7208794325,C2,india,C2_india,28,Learning from the Margin in Platform Urbanism,2026,book-chapter,0,True,include,6,rules,include
W7167247647,C2,india,C2_india,29,GIG ECONOMY WORKERS AND LABOUR PROTECTION IN INDIA: REIMAGINING EMPLOYMENT RIGHTS IN THE DIGITAL AGE,2026,article,0,True,include,6,rules,include
W7167923807,C2,india,C2_india,30,Socio-Economic and Career Dynamics of Gig Economy Workers in Karnataka: A Conceptual Review of Platform-Based Employment,2026,article,0,True,include,6,rules,include
W7154062576,C2,india,C2_india,31,Exploring the Socio - Economic Conditions of Gig Workers in Hyderabad,2026,article,0,True,include,6,rules,include
W7134130263,C2,india,C2_india,32,ANALYSIS OF GIG WORKERS IN THE INDIAN LABOUR MARKET WITH SPECIAL REFERENCE TO BENGALURU URBAN,2025,article,0,True,include,6,rules,include
W3093740643,C2,india,C2_india,33,Between algorithms and the streets,2020,book-chapter,4,True,include,3,rules,include
W4413885114,C2,india,C2_india,34,Command and control governance in the 100 smart cities mission in India: Urban innovation or utopias?,2025,article,10,False,borderline,0,no abstract; core only in OpenAlex keyword tags | manual: Smart Cities Mission governance (C1),exclude
W7111788257,C2,india,C2_india,35,Fairwork India Ratings 2020:Labour Standards in the Gig Economy,2020,other,0,True,include,6,rules,include
W7134250700,C2,india,C2_india,36,Youth Participation and Work Experience in India’s Gig Economy: Evidence from Bengaluru,2026,article,0,True,include,6,rules,include
W4368340770,C2,india,C2_india,37,Creative digipreneurs: Artistic entrepreneurial practices in platform-mediated space,2023,article,25,True,include,2,rules,include
W4411750796,C2,india,C2_india,38,The Gig Economy in India: Economic Empowerment or Precarious Employment?,2025,article,0,True,include,6,rules,include
W7217542778,C2,india,C2_india,39,The Penetration of the Gig Economy in Post-Pandemic India: Transforming the Traditional Economic Landscape,2025,article,0,True,include,6,rules,include
W4410700110,C2,india,C2_india,40,Platform co-operatives in the age of gig economy: A case study of SEWA cooperative federation,2025,article,0,True,include,6,rules,include
W2785383861,C2,india,C2_india,41,Digital Tools for Low-Income Housing in Indian Cities,2017,article,2,True,borderline,1,core concept mentioned once | manual: digital platforms for low-income housing,include
W7216267893,C2,india,C2_india,42,"The Mental Health Toll of Gig Work in Pakistan: A Structural Equation Modeling Analysis of Work Intensity, Financial Uncertainty, And Algorithmic Control",2026,article,0,True,include,6,rules,include
W7160600572,C2,india,C2_india,43,"Decent Work, Inclusion, and Growth in Gig Workers of India: The Viksit Bharat Vision",2026,article,0,True,include,6,rules,include
W4403819665,C2,india,C2_india,44,Social Media and Youth Activism in South Asia: Examining the Role of Digital Platforms in Social Movements in Bangladesh and India,2024,preprint,0,True,include,6,rules,include
W4416022710,C2,india,C2_india,45,Gig Workers in India- a Legal Perspective,2025,article,0,True,include,6,rules,include
W7203723732,C2,india,C2_india,46,AN ANALYTICAL STUDY OF THE PROBLEMS AND CHALLENGES FACED BY GIG ECONOMY WORKERS AND THEIR IMPACT ON JOB SATISFACTION IN BANGALORE CITY,2026,article,0,True,include,6,rules,include
W4417043517,C2,india,C2_india,47,Labor Productivity and Wage Inequality in the Gig Economy: Evidence from Bangladesh and Canada,2025,article,1,True,include,6,rules,include
W7130941463,C2,india,C2_india,48,GIG ECONOMY IN INDIA: OPPORTUNITIES AND CHALLENGES,2026,article,0,True,include,6,rules,include
W7162469001,C2,india,C2_india,49,"The Platformisation of Performance Traditions: Archiving Nachni Performances on Digital Platforms and the Parallel Economy of YouTubers in Purulia, West Bengal",2026,article,0,True,include,4,rules,include
W7162301726,C2,india,C2_india,50,"Digital platforms for micro and small enterprises in India: performance, future of work and sustainability implications",2026,article,0,True,include,6,rules,include
W4249673087,C2,landmarks,C2_landmarks,1,The Platform Society,2018,book,2865,True,exclude,3,"flag, core not in title: \b(patients?|clinical|randomi[sz]ed|prev | manual override: platform society (urban sectors included); landmark",include
W2922335598,C2,landmarks,C2_landmarks,2,The Platform Society: Public Values in a Connective World,2018,book,1219,True,exclude,3,"flag, core not in title: \b(patients?|clinical|randomi[sz]ed|prev | manual override: platform society (same DOI as W4249673087)",include
W4234432948,C2,landmarks,C2_landmarks,3,"Design, When Everybody Designs",2015,book,1218,True,exclude,1,"core mentioned once, not in keyword tags | manual override: design for social innovation",exclude
W1149633979,C2,landmarks,C2_landmarks,4,"Design, When Everybody Designs: An Introduction to Design for Social Innovation",2015,book,837,True,exclude,1,"core mentioned once, not in keyword tags | manual override: design for social innovation",exclude
W4285004952,C2,landmarks,C2_landmarks,5,"The Metaverse as a Virtual Form of Smart Cities: Opportunities and Challenges for Environmental, Economic, and Social Sustainability in Urban Futures",2022,article,684,True,include,3,rules,include
W2997772599,C2,landmarks,C2_landmarks,6,Circular ecosystem innovation: An initial set of principles,2019,article,532,False,borderline,0,no abstract; core only in OpenAlex keyword tags | manual: circular-economy ecosystems,exclude
W2978834101,C2,landmarks,C2_landmarks,7,Glitchy vignettes of platform urbanism,2019,article,322,True,include,6,rules,include
W2946715324,C2,landmarks,C2_landmarks,8,Questioning mobility as a service: Unanticipated implications for society and governance,2019,article,304,True,borderline,1,core concept mentioned once | manual: MaaS platforms and urban governance (also C9),include
W4235487284,C2,landmarks,C2_landmarks,9,Platform Urbanism,2019,book,260,False,include,3,no abstract; core (and context) in title | manual override: platform urbanism book,include
W3002251334,C2,landmarks,C2_landmarks,10,"Regulate, replicate, and resist – the conjunctural geographies of platform urbanism",2020,article,250,True,include,3,rules,include
W2755229219,C2,landmarks,C2_landmarks,11,The rise of on-demand ‘Instant Deliveries’ in European cities,2017,article,232,True,include,6,rules,include
W2991063027,C2,landmarks,C2_landmarks,12,Platformization of the Unlikely Creative Class: Kuaishou and Chinese Digital Cultural Production,2019,article,219,True,include,4,rules,include
W3045097095,C2,landmarks,C2_landmarks,13,"Infrastructuralization of Tik Tok: transformation, power relationships, and platformization of video entertainment in China",2020,article,215,True,include,3,rules,include
W2592430679,C2,landmarks,C2_landmarks,14,The Gig Economy and Contingent Work,2017,article,209,True,borderline,6,"flag: \b(patients?|clinical|randomi[sz]ed|prev | manual: occupational-health view of gig work, not urban",exclude
W2520015019,C2,landmarks,C2_landmarks,15,City-as-a-Platform: The Rise of Participatory Innovation Platforms in Finnish Cities,2016,article,209,True,include,6,rules,include
W2964659322,C2,landmarks,C2_landmarks,16,Negotiating the platform pivot: From participatory digital ecosystems to infrastructures of everyday life,2019,article,199,True,include,3,rules,include
W4200318025,C2,landmarks,C2_landmarks,17,Gig work as migrant work: The platformization of migration infrastructure,2021,article,198,True,include,6,rules,include
W3003313551,C2,landmarks,C2_landmarks,18,Cyberspace and cityscapes: on the emergence of platform urbanism,2020,article,191,True,include,6,rules,include
W3212665405,C2,landmarks,C2_landmarks,19,"Mobile workers, contingent labour: Migration, the gig economy and the multiplication of labour",2021,article,184,True,include,6,rules,include
W2993701489,C2,landmarks,C2_landmarks,20,Platform Urbanism: Negotiating Platform Ecosystems in Connected Cities,2019,report,182,True,include,5,rules,include
W1938174871,C2,landmarks,C2_landmarks,21,Does Sharing Mean Caring? Regulating Innovation in the Sharing Economy,2015,article,175,True,include,2,rules,include
W2982535524,C2,landmarks,C2_landmarks,22,A new institution on the block: On platform urbanism and Airbnb citizenship,2019,article,161,True,include,6,rules,include
W3005598257,C2,landmarks,C2_landmarks,23,Platform mobilities and the production of urban space: Toward a typology of platformization trajectories,2020,article,155,True,include,6,rules,include
W3083379431,C2,landmarks,C2_landmarks,24,"Temporal arbitrage, fragmented rush, and opportunistic behaviors: The labor politics of time in the platform economy",2020,article,152,True,include,3,rules,include
W3026200982,C2,landmarks,C2_landmarks,25,"Cultivating open government data platform ecosystems through governance: Lessons from Buenos Aires, Mexico City and Montevideo",2020,article,149,True,borderline,1,core concept mentioned once | manual: open government data platforms (C5),exclude
W4288077582,C2,landmarks,C2_landmarks,26,"The Metaverse as a virtual form of data-driven smart cities: the ethics of the hyper-connectivity, datafication, algorithmization, and platformization of urban society",2022,article,147,True,include,4,rules,include
W4210399324,C2,landmarks,C2_landmarks,27,"Platform urbanism in a pandemic: Dark stores, ghost kitchens, and the logistical-urban frontier",2022,article,135,True,include,4,rules,include
W4290998746,C2,landmarks,C2_landmarks,28,"The Metaverse as a virtual form of data-driven smart urbanism: platformization and its underlying processes, institutional dimensions, and disruptive impacts",2022,article,132,True,include,6,rules,include
W2947815373,C2,landmarks,C2_landmarks,29,"Digital utility: Datafication, regulation, labor, and DiDi’s platformization of urban transport in China",2019,article,129,True,include,6,rules,include
W3093678459,C2,landmarks,C2_landmarks,30,Platform urbanism and the Chinese smart city: the co-production and territorialisation of Hangzhou City Brain,2020,article,128,False,include,3,"no abstract; core (and context) in title | manual override: platform urbanism, City Brain",include
W4220722580,C2,landmarks,C2_landmarks,31,Beyond the smart city: a typology of platform urbanism,2022,article,127,True,include,6,rules,include
W3007165087,C2,landmarks,C2_landmarks,32,Platform methods: studying platform urbanism outside the black box,2020,article,122,True,include,4,rules,include
W3031832953,C2,landmarks,C2_landmarks,33,Who owns the future city? Phases of technological urbanism and shifts in sovereignty,2020,article,115,True,borderline,1,core concept mentioned once | manual: technological urbanism and platform sovereignty,include
W4396768445,C2,landmarks,C2_landmarks,34,"Artificial intelligence of things for synergizing smarter eco-city brain, metabolism, and platform: Pioneering data-driven environmental governance",2024,article,109,True,include,3,rules,include
W3043305912,C2,landmarks,C2_landmarks,35,Affective platform urbanism: Changing habits of digital on-demand consumption,2020,article,102,False,include,3,no abstract; core (and context) in title | manual override: affective platform urbanism,include
W4253840475,C2,landmarks,C2_landmarks,36,Urban Operating Systems,2020,book,97,True,borderline,1,core concept mentioned once | manual: urban operating systems (also C1/C4),include
W3119938775,C2,landmarks,C2_landmarks,37,The Evolution of City-as-a-Platform: Smart Urban Development Governance with Collective Knowledge-Based Platform Urbanism,2021,article,94,True,include,6,rules,include
W3111677101,C2,landmarks,C2_landmarks,38,Platform governance and the rural–urban divide: Sellers' responses to design change,2020,article,92,True,include,2,rules,include
W2884655586,C2,landmarks,C2_landmarks,39,Navigating platform urbanism,2018,article,92,False,include,3,no abstract; core (and context) in title | manual override: platform urbanism,include
W2947538565,C2,landmarks,C2_landmarks,40,Urbanism Under Google: Lessons from Sidewalk Toronto,2019,preprint,91,False,borderline,0,no abstract; core only in OpenAlex keyword tags | manual: Sidewalk Toronto (also C1),include
W2959650448,C2,landmarks,C2_landmarks,41,Rural digital geographies and new landscapes of social resilience,2019,article,90,False,borderline,0,no abstract; core only in OpenAlex keyword tags | manual: rural digital geographies,exclude
W3047087365,C2,landmarks,C2_landmarks,42,Understanding Sensor Cities: Insights from Technology Giant Company Driven Smart Urbanism Practices,2020,article,88,True,exclude,1,"flag, core not in title: \b(sensor network|wireless|5g|6g|edge co | manual override: tech-giant platform urbanism",include
W3039732243,C2,landmarks,C2_landmarks,43,"Platform urbanism, smartphone applications and valuing data in a smart city",2020,article,86,True,include,4,rules,include
W3154347224,C2,landmarks,C2_landmarks,44,Biopolitical platforms: the perverse virtues of digital labour,2021,article,85,True,include,2,rules,include
W3027354750,C2,landmarks,C2_landmarks,45,# BlockSidewalk to Barcelona: Technological sovereignty and the social license to operate smart cities,2020,article,84,True,borderline,1,"core concept mentioned once | manual: technological sovereignty, platform urbanism",include
W3035564473,C2,landmarks,C2_landmarks,46,Platform-mediated short-term rentals and gentrification in Madrid,2020,article,77,True,include,5,rules,include
W3025377650,C2,landmarks,C2_landmarks,47,Short-term rentals as digitally-mediated tourism gentrification: impacts on housing in New Orleans,2020,article,76,True,include,6,rules,include
W3012058390,C2,landmarks,C2_landmarks,48,Mapping Platform Urbanism: Charting the Nuance of the Platform Pivot,2020,article,75,True,borderline,6,flag: \b(urban data platform|iot platform|plat | manual: mapping platform urbanism,include
W4220839486,C2,landmarks,C2_landmarks,49,Platform ruralism: Digital platforms and the techno-spatial fix,2022,article,74,False,borderline,3,no abstract; context terms missing | manual: platform ruralism (explicitly rural),exclude
W2954329179,C2,landmarks,C2_landmarks,50,"Emerging platform urbanism in China: Reconfigurations of data, citizenship and materialities",2019,article,72,True,include,6,rules,include
W4296182860,C2,recent,C2_recent,1,Platformization of Urban Life,2022,book,5,True,include,5,rules,include
W4393871037,C2,recent,C2_recent,2,Platform Urbanism and “Splintering Amenitization”: An Analysis of Canadian Cities,2024,article,1,True,include,6,rules,include
W4367680010,C2,recent,C2_recent,3,Silicon Savannahs and motorcycle taxis: A Southern perspective on the frontiers of platform urbanism,2023,article,46,True,include,6,rules,include
W4220722580,C2,recent,C2_recent,4,Beyond the smart city: a typology of platform urbanism,2022,article,127,True,include,6,rules,include
W7119772929,C2,recent,C2_recent,5,Handbook of Platform Urbanism,2025,book,3,True,include,4,rules,include
W7213949144,C2,recent,C2_recent,6,Accumulation by platformization: Digital platforms in urban space as a form of governance and enclosure,2026,article,0,True,include,6,rules,include
W4297859249,C2,recent,C2_recent,7,Platformization of Urban Life,2022,book,9,True,include,3,rules,include
W7155501689,C2,recent,C2_recent,8,Spaces of Urban Platformisation,2026,book,0,True,include,6,rules,include
W7164204273,C2,recent,C2_recent,9,Rethinking Platform Urbanization from the Perspective of Latin American Cities: Theoretical Insights and Empirical Contributions of Regional Research on Airbnb,2026,article,0,True,include,6,rules,include
W4296177871,C2,recent,C2_recent,10,Platformized Cities and Urban Life,2022,book-chapter,3,False,include,3,no abstract; core (and context) in title | manual override: platformised cities,include
W4210481755,C2,recent,C2_recent,11,Splintering by Proxy: A Reflection on the Spatial Impacts and Distributed Agency of Platform Urbanism,2022,article,17,True,include,6,rules,include
W7116204708,C2,recent,C2_recent,12,Platform Urbanism and Land-Use Transformation in Shanghai: Dual Neighborhood Impacts of E-Commerce Logistics in Relation to the 2017–2035 Master Plan,2025,article,0,True,include,4,rules,include
W7106823810,C2,recent,C2_recent,13,"Platform Urbanism and the Fractal City: Deconstructing Gentrification, Megacity Hypertrophy, and the Algorithmic Periphery",2025,article,0,True,include,5,rules,include
W7168355438,C2,recent,C2_recent,14,"Platform Urbanization: How Digital Platforms (Avito, Yandex, Wildberries) Restructure the Space of Urban Agglomerations",2026,article,1,True,include,6,rules,include
W4297869793,C2,recent,C2_recent,15,Platformized Cities and Urban Life,2022,book-chapter,2,False,include,3,no abstract; core (and context) in title | manual override: platformised cities (second DOI),include
W7213176381,C2,recent,C2_recent,16,Planning for platform urbanism,2026,article,0,True,include,6,rules,include
W4403946247,C2,recent,C2_recent,17,"UBER IN EXURBIA : Peripheral Platformization, Post‐Suburbanization and the Public–Private Ridehail Partnership in the Toronto City Region",2024,article,0,True,include,6,rules,include
W4388581296,C2,recent,C2_recent,18,The spatial politics of platformization: Negotiating platform power in everyday taxi driving in Mumbai,2023,article,13,False,borderline,3,"no abstract; context terms missing | manual: platformisation of taxi driving, Mumbai",include
W4213368224,C2,recent,C2_recent,19,Towards alternative platform futures in post-pandemic cities? A case study on platformization and changing socio-spatial relations in on-demand food delivery,2022,article,43,True,include,6,rules,include
W7128306890,C2,recent,C2_recent,20,"Opportunities or challenges? Upgrading of periphery space with the rise of platform urbanism: Live streaming commerce in Yangtze River Delta, China",2026,article,3,False,include,3,"no abstract; core (and context) in title | manual override: platform urbanism, live-streaming commerce",include
W4390505542,C2,recent,C2_recent,21,Platforms in the city and cities at the service of platforms: An urban perspective on the platform economy and workers’ responses,2023,article,10,True,include,2,rules,include
W4405023965,C2,recent,C2_recent,22,"Counter-mapping platformization. Rethinking the spatial differentiation of platform control, labor relations and restaurant virtualization in proprietary markets for food-delivery",2024,article,2,True,include,6,rules,include
W4415622542,C2,recent,C2_recent,23,Platformization in the southern city: Entrepreneurial volunteering and the suturing of collective life in Hyderabad,2025,article,1,True,include,5,rules,include
W4400084617,C2,recent,C2_recent,24,Digital platforms and the spatial transformation of urban villages in southern China: a case for platform-urban villagism?,2024,article,9,True,include,6,rules,include
W4380051391,C2,recent,C2_recent,25,The Platformization of Student Housing and the Rise of Mid‐Term Rentals. The Case of Uniplaces in Lisbon,2023,article,23,True,include,5,rules,include
W4283016326,C2,recent,C2_recent,26,From brick-and-mortar to location-less restaurant: The spatial fixing of on-demand food delivery platformization,2022,article,68,False,borderline,3,no abstract; context terms missing | manual: spatial fix of food-delivery platforms,include
W7217234418,C2,recent,C2_recent,27,La plataformización como problema urbano: limitaciones y desafíos en la gobernanza de plataformas,2024,article,0,True,include,2,rules,include
W7119656903,C2,recent,C2_recent,28,"Platformisation, technical citizenship and making space for rights in the city",2025,book-chapter,0,False,include,3,no abstract; core (and context) in title | manual override: platformisation and rights in the city,include
W7204802596,C2,recent,C2_recent,29,From crisis to governmental fix: platformisation-as-negotiation in authoritarian Vietnam,2026,article,0,True,include,6,rules,include
W4410311984,C2,recent,C2_recent,30,Localized processes of platformization: The example of Surabaya,2025,article,5,True,include,6,rules,include
W4296311543,C2,recent,C2_recent,31,"Protest, pandemic, & platformisation in Hong Kong: Towards cities of alternatives",2022,article,18,True,include,4,rules,include
W7155507327,C2,recent,C2_recent,32,"Platformisation, technical citizenship and making space for rights in the city",2025,book-chapter,0,True,include,6,rules,include
W4413202214,C2,recent,C2_recent,33,From platform capitalism to strategic place-based platformisation?,2025,article,6,True,include,6,rules,include
W4292840629,C2,recent,C2_recent,34,"Ciudades, comunicación digital y pospandemia: de las smart cities al urbanismo de plataformas",2022,article,1,True,include,2,rules,include
W4290998746,C2,recent,C2_recent,35,"The Metaverse as a virtual form of data-driven smart urbanism: platformization and its underlying processes, institutional dimensions, and disruptive impacts",2022,article,132,True,include,6,rules,include
W4411061774,C2,recent,C2_recent,36,"Conceptualising urban informality in the platform economy: regulation, legitimisation, value extraction and collective agency",2025,article,3,True,include,2,rules,include
W4407904345,C2,recent,C2_recent,37,Cities and Digital Platforms,2025,book,0,True,include,6,rules,include
W4288077582,C2,recent,C2_recent,38,"The Metaverse as a virtual form of data-driven smart cities: the ethics of the hyper-connectivity, datafication, algorithmization, and platformization of urban society",2022,article,147,True,include,4,rules,include
W4210854233,C2,recent,C2_recent,39,Is the COVID‐19 pandemic accelerating the platformisation of the urban economy?,2022,article,12,True,include,6,rules,include
W4328050993,C2,recent,C2_recent,40,Dispossession by platformization: The rise of on-demand recycling in urban India,2023,article,14,False,include,3,"no abstract; core (and context) in title | manual override: platformised recycling, urban India",include
W4379177110,C2,recent,C2_recent,41,The Platformization of Public Participation: Considerations for Urban Planners Navigating New Engagement Tools,2023,conference-paper,15,False,include,3,no abstract; core (and context) in title | manual override: platformisation of public participation (also C12),include
W7211949094,C2,recent,C2_recent,42,"Platformisation in Smaller Indian Cities: Informal Institutions, Labour and Technology Adoption in Urban Mobility",2026,article,0,True,include,4,rules,include
W4391501417,C2,recent,C2_recent,43,Urban infrastructure reconfiguration and digital platforms: Who is in control?,2024,article,21,True,include,5,rules,include
W4386924388,C2,recent,C2_recent,44,Conclusion: On Understanding Situated Platform Urbanism,2023,book-chapter,0,True,include,5,rules,include
W7166979040,C2,recent,C2_recent,45,"La numérisation de la gouvernance urbaine en Inde : plateformes, processus et personnes, à Bhubaneswar",2025,dissertation,0,True,borderline,1,core concept mentioned once | manual: French-language record of the same thesis as W7152371429,exclude
W7152371429,C2,recent,C2_recent,46,"The digitalization of urban governance in India : platforms, processes and people in Bhubaneswar",2025,dissertation,0,True,borderline,1,"core concept mentioned once | manual: platforms in urban governance, Bhubaneswar (thesis)",include
W7216113425,C2,recent,C2_recent,47,Platform Politics and Silicon Savannahs: The rise of on-demand logistics and mobility in Nairobi and Kigali,2022,other,1,True,include,6,rules,include
W4376137186,C2,recent,C2_recent,48,"The Metaverse as a Virtual Model of Platform Urbanism: Its Converging AIoT, XReality, Neurotech, and Nanobiotech and Their Applications, Challenges, and Risks",2023,article,56,True,include,6,rules,include
W4308087287,C2,recent,C2_recent,49,Smart City Governance and the challenge of digital platforms within the public sector,2022,conference-paper,7,True,include,5,rules,include
W4416240257,C2,recent,C2_recent,50,The Virtual City in the Twenty-First Century: Exploring the Role of Digital Platforms in Urban Evolution,2025,book-chapter,0,False,include,3,no abstract; core (and context) in title | manual override: digital platforms in urban evolution,include
