ID,Title,Year,Authors,Venue,Document type,DOI,OpenAlex ID,Link,Open-access link,Cited-by count,Domain,Primary theme,Secondary theme,Places studied,Region,India flag,Delhi/NCR flag,Haryana flag,Method,Landmark flag,Emerging flag,One-line summary,Stated gaps,Shortlist tag,Screening confidence,Found in,Duplicates merged,FWCI
LM00001,Notes Toward a Performative Theory of Assembly,2015,Judith Butler,Harvard University Press eBooks,book,10.4159/9780674495548,W4230180911,https://doi.org/10.4159/9780674495548,,2667,A,A9,,,Not place-specific,,,,conceptual,Y,,"auto: A Times Higher Education Book of the Week Judith Butler elucidates the dynamics of public assembly under prevailing economic and political conditions, analyzing what they signify and how.","auto: It does not turn its back on the circumstances of the material world or give any succour to those who wish to view the present (and the future) through the lens of fantasies about the transformative possibilities offered by conventional politics Butler demonstrates a clear engagement with an aspect of the world that is becoming in many political contexts almost illicit to discuss: the idea that capitalism, certainly in its neoliberal form, is failing to provide a liveable life for the majorit…",,medium,A9:landmarks,,267.4199
LM00002,Systematic Social Observation of Public Spaces: A New Look at Disorder in Urban Neighborhoods,1999,Robert J. Sampson; Stephen W. Raudenbush,American Journal of Sociology,article,10.1086/210356,W2153492338,https://doi.org/10.1086/210356,https://www.journals.uchicago.edu/doi/epdf/10.1086/210356,2500,A,A9,,United States,Global North,,,,qualitative,Y,,"auto: American Journal of Sociology such as verbal harassment on the street, open solicitation for prostitution, public intoxication, and rowdy groups of young males in public.By physical disorder, we refer to the deterioration of urban landscapes, for example, graffiti on buildings, abandoned cars, br…",,,high,A9:landmarks,,84.3608
LM00003,Sex in Public,1998,Lauren Berlant; Michael Warner,Critical Inquiry,article,10.1086/448884,W1978289341,https://doi.org/10.1086/448884,,2012,A,A9,,,Not place-specific,,,,unclear,Y,,,,,low,A9:landmarks,,22.8851
LM00004,The social life of small urban spaces,1980,William H. Whyte,Medical Entomology and Zoology,book,,W1538435250,http://ci.nii.ac.jp/ncid/BA00601503,,1947,A,A9,,,Not place-specific,,,,unclear,Y,,,,,low,A9:landmarks,,24.881
LM00005,"Making a city: Urbanity, vitality and urban design",1998,John Montgomery,Journal of Urban Design,article,10.1080/13574809808724418,W2016802582,https://doi.org/10.1080/13574809808724418,,1291,A,A9,,European; United Kingdom,Global North,,,,conceptual,Y,,auto: This paper argues that the city is a phenomenon of structured complexity.,,,medium,A9:landmarks,,4.4398
LM00006,Life between buildings: Using public space,1980,Jan Gehl,,article,,W1551116468,https://bvbr.bib-bvb.de:443/F?func=service&doc_library=BVB01&local_base=BVB01&doc_number=022616273&sequence=000001&line_number=0001&func_code=DB_RECORDS&service_type=MEDIA,,1152,A,A9,,Denmark,Global North,,,,unclear,Y,,"auto: The first Danish language version of this book, published in 1971, was very much a protest against the functionalistic principles for planning cities and residential areas that prevailed during that period.",,,high,A9:landmarks,,0.0
LM00007,Variations on a Theme Park: The New American City and the End of Public Space,1994,Teresa P. R. Caldeira; Michael Sorkin,Journal of Architectural Education,article,10.2307/1425310,W4247994973,https://doi.org/10.2307/1425310,,903,A,A9,,United States,Global North,,,,unclear,Y,,,,,low,A9:landmarks,,550.9141
LM00008,"Semiotic Landscapes: Language, Image, Space",2010,Adam Jaworski; Crispin Thurlow,,article,,W2127262410,http://bvbr.bib-bvb.de:8991/F?func=service&amp;doc_library=BVB01&amp;local_base=BVB01&amp;doc_number=020309632&amp;sequence=000001&amp;line_number=0001&amp;func_code=DB_RECORDS&amp;service_type=MEDIA,,894,A,A9,,Australia; Dublin; Edinburgh; Hong Kong; Ireland; Israel; Jamaica; Switzerland; Sydney; Tel Aviv; United Kingdom; United States,Multi-region,,,,conceptual,Y,,"auto: Introduction, Adam Jaworski and Crispin Thurlow 1.",,,medium,A9:landmarks,,87.6334
LM00009,Urban planning and quality of life: A review of pathways linking the built environment to subjective well-being,2021,Kostas Mouratidis,Cities,article,10.1016/j.cities.2021.103229,W3157547930,https://doi.org/10.1016/j.cities.2021.103229,https://www.sciencedirect.com/science/article/pii/S0264275121001293/pdf,886,A,A9,,,Not place-specific,,,,unclear,Y,,auto: This paper reviews the evidence on the range of pathways linking the built environment to subjective well-being.,,,medium,A9:landmarks,,78.4567
LM00010,Linguistic Landscape as Symbolic Construction of the Public Space: The Case of Israel,2006,Eliezer Ben‐Rafael; Elana Shohamy; Muhammad Hasan Amara; Nira Trumper-Hecht,International Journal of Multilingualism,article,10.1080/14790710608668383,W2089285733,https://doi.org/10.1080/14790710608668383,,882,A,A9,,Israel; Jerusalem; Palestine,Middle East,,,,qualitative,Y,,"auto: This paper compares patterns of LL in a variety of homogeneous and mixed Israeli cities, and in East Jerusalem.",,,high,A9:landmarks,,38.7205
LM00011,"City of Walls: Crime, Segregation, and Citizenship in São Paulo",2000,Teresa Pires do Rio Caldeira,Medical Entomology and Zoology,book,,W1981970169,http://ci.nii.ac.jp/ncid/BA5260243X,,846,A,A9,,Brazil; Los Angeles; Sao Paulo; São Paulo,Multi-region,,,,conceptual,Y,,"auto: List of Maps, Illustrations, and Tables Acknowledgments Abbreviations Introduction: Anthropology with an Accent PART ONE: The Talk of Crime 1.",,,high,A9:landmarks,,17.1705
LM00012,The Annihilation of Space by Law: The Roots and Implications of Anti‐Homeless Laws in the United States,1997,Don Mitchell,Antipode,article,10.1111/1467-8330.00048,W2063046680,https://doi.org/10.1111/1467-8330.00048,https://onlinelibrary.wiley.com/doi/pdfdirect/10.1111/1467-8330.00048,699,A,A9,,United States,Global North,,,,unclear,Y,,auto: There is a link between changes in the contemporary political economy and the criminalization of homelessness.,,,medium,A9:landmarks,,15.8111
LM00013,Urban open space in the 21st century,2002,Catharine Ward Thompson,Landscape and Urban Planning,article,10.1016/s0169-2046(02)00059-2,W2170523061,https://doi.org/10.1016/s0169-2046(02)00059-2,,698,A,A9,,,Not place-specific,,,,unclear,Y,,,,,low,A9:landmarks,,5.2301
LM00014,Collective culture and urban public space,2008,Ash Amin,City,article,10.1080/13604810801933495,W1979558360,https://doi.org/10.1080/13604810801933495,,688,A,A9,,,Not place-specific,,,,unclear,Y,,auto: This paper develops a post‐humanist account of urban public space.,,,high,A9:landmarks,,38.1817
LM00015,How To Study Public Life,2013,Jan Gehl; Birgitte Svarre,Island Press/Center for Resource Economics eBooks,book,10.5822/978-1-61091-525-0,W1559689324,https://doi.org/10.5822/978-1-61091-525-0,http://ci.nii.ac.jp/ncid/BB15519072,659,A,A9,,,Not place-specific,,,,unclear,Y,,"auto: How do we accommodate a growing urban population in a way that is sustainable, equitable, and inviting?",,,high,A9:landmarks,,27.036
LM00016,"The impact of COVID-19 on public space: an early review of the emerging questions – design, perceptions and inequities",2020,Jordi Honey‐Rosés; Isabelle Anguelovski; Vincent Chireh; Carolyn Daher; Cecil Cornelius Konijnendijk; Jill Litt; Vrushti Mawani; Michael Keith McCall; Arturo Orellana; Emilia Oscilowicz et al.,Cities & Health,article,10.1080/23748834.2020.1780074,W3046368070,https://doi.org/10.1080/23748834.2020.1780074,,637,A,A9,,,Not place-specific,,,,unclear,Y,,auto: This article aims to highlight emerging questions at the interface of COVID-19 and city design.,,,high,A9:landmarks,,41.6434
LM00017,Vulnerability in Resistance,2016,"Butler-Rees, Angharad",Duke University Press eBooks,book,10.1215/9780822373490,W2554047350,https://doi.org/10.1215/9780822373490,https://doi.org/10.1215/9780822373490,613,A,A9,,France; Palestine; Turkey,Multi-region,,,,conceptual,Y,,"auto: Vulnerability and resistance have often been seen as opposites, with the assumption that vulnerability requires protection and the strengthening of paternalistic power at the expense of collective resistance.",,,medium,A9:landmarks,,47.8499
LM00018,It all used to be better? Different generations on continuity and change in urban children's daily use of space,2005,Lia Karsten,Children s Geographies,article,10.1080/14733280500352912,W2113795003,https://doi.org/10.1080/14733280500352912,,550,A,A9,,Amsterdam,Global North,,,,mixed,Y,,"auto: There is much speculation about children's changing space–time behaviour, yet little is actually known about it.",,,medium,A9:landmarks,,18.1271
LM00019,Social infrastructure and the public life of cities: Studying urban sociality and public spaces,2019,Alan Latham; Jack Layton,Geography Compass,article,10.1111/gec3.12444,W2950589030,https://doi.org/10.1111/gec3.12444,https://onlinelibrary.wiley.com/doi/pdfdirect/10.1111/gec3.12444,539,A,A9,,,Not place-specific,,,,conceptual,Y,,"auto: Drawing on the arguments of the sociologist Eric Klinenberg, this article develops the concept of “social infrastructure” as a way to research and value these kinds of spaces.",auto: Social infrastructure helps in recognising the public dimensions of often overlooked and undervalued spaces.,,high,A9:landmarks,,83.777
LM00020,Where Does Community Grow?,1997,Rebekah Levine Coley; WILLIAM C. SULLIVAN; Frances E. Kuo,Environment and Behavior,article,10.1177/001391659702900402,W2137042736,https://doi.org/10.1177/001391659702900402,,530,A,A9,,Chicago,Global North,,,,quantitative,Y,,auto: This study examines how the availability of nature influences the use of outdoor public spaces in two Chicago public housing developments.,,,medium,A9:landmarks,,2.1174
LM00021,"Accessibility and usability: Green space preferences, perceptions, and barriers in a rapidly urbanizing city in Latin America",2012,Heather E. Wright Wendel; Rebecca K. Zarger; James R. Mihelcic,Landscape and Urban Planning,article,10.1016/j.landurbplan.2012.06.003,W2084995582,https://doi.org/10.1016/j.landurbplan.2012.06.003,,518,A,A9,,Latin America,Latin America,,,,unclear,Y,,,,,low,A9:landmarks,,5.1694
LM00022,Cities within the City: Do‐It‐Yourself Urbanism and the Right to the City,2013,Kurt Iveson,International Journal of Urban and Regional Research,article,10.1111/1468-2427.12053,W1943640755,https://doi.org/10.1111/1468-2427.12053,,471,A,A9,,Madrid; New York; Sydney,Global North,,,,conceptual,Y,,auto: This article asks: to what extent do such practices constitute a new form of urban politics that might give birth to a more just and democratic city?,,,high,A9:landmarks,,102.4976
LM00023,"It's Mine, Don't Touch!",2008,Peter Peltonen; Esko Kurvinen; Antti Salovaara; Giulio Jacucci; Tommi Ilmonen; John Evans; Antti Oulasvirta; Petri Saarikko,ACM SIGCHI Conference on Human Factors in Computing Systems (CHI),conference-paper,10.1145/1357054.1357255,W2106223989,https://doi.org/10.1145/1357054.1357255,,461,A,A9,,Finland; Helsinki,Global North,,,,mixed,Y,,"auto: We analyze how public availability is achieved through social learning and negotiation, why interaction becomes performative and, finally, how the display restructures the public space.",,,medium,A9:landmarks,,31.9484
LM00024,The Public Realm,2017,Lyn H. Lofland,Routledge eBooks,book,10.4324/9781315134352,W2124465616,https://doi.org/10.4324/9781315134352,,460,A,A9,,,Not place-specific,,,,qualitative,Y,,"auto: This book is about the ""public realm,"" defined as a particular kind of social territory that is found almost exclusively in large settlements.",,,high,A9:landmarks,,26.5507
LM00025,The Future of Public Space:Beyond Invented Streets and Reinvented Places,2001,Tridib Banerjee,Journal of the American Planning Association,article,10.1080/01944360108976352,W2031542882,https://doi.org/10.1080/01944360108976352,,440,A,A9,,New York; United States,Global North,,,,conceptual,Y,,"auto: This essay examines the underlying causes of such discontent, in the context of historic and recent transformations in social values and public ethos.",,,high,A9:landmarks,,18.0089
LM00026,Children's Independent Spatial Mobility in the Urban Public Realm,2000,Margaret O’Brien; DEBORAH JONES; DAVID SLOAN; Michael Rustin,Childhood,article,10.1177/0907568200007003002,W2052535574,https://doi.org/10.1177/0907568200007003002,,423,A,A9,,London,Global North,,,,conceptual,Y,,auto: This article examines children's spatial mobility in urban settings.,auto: Lack of attention to the different ways children use their cities will hinder advances in social policies designed to enhance participation for all children.,,high,A9:landmarks,,12.3923
LM00027,Loose Space : Possibility and Diversity in Urban Life,2006,Karen A. Franck; Quentin Stevens,,article,,W8604946,http://www.loc.gov/catdir/toc/ecip0613/2006015099.html,,423,A,A9,,Amsterdam; Athens; Bangkok; Berlin; London; Melbourne; New York; Rome; Tel Aviv; United Kingdom,Multi-region,,,,qualitative,Y,,"auto: In cities around the world people use a variety of public spaces to relax, to protest, to buy and sell, to experiment and to celebrate.",,,high,A9:landmarks,,23.1242
LM00028,"Walkable City: How Downtown Can Save America, One Step at a Time",2012,Jeff Speck,,book,,W624303654,https://trid.trb.org/view/1264810,,420,A,A9,,United States,Global North,,,,conceptual,Y,,auto: The author is a well regarded urbanist.,,,medium,A9:landmarks,,48.7625
LM00029,"Principles for public space design, planning to do better",2018,Matthew Carmona,URBAN DESIGN International,article,10.1057/s41289-018-0070-3,W2888403634,https://doi.org/10.1057/s41289-018-0070-3,https://link.springer.com/content/pdf/10.1057/s41289-018-0070-3.pdf,403,A,A9,,London,Global North,,,,conceptual,Y,,auto: This paper sets out a series of normative principles for planners and others to use when planning for and regulating public space design and management.,,,high,A9:landmarks,,59.6499
LM00030,Insurgent Public Space,2010,Jeffrey Hou,Routledge eBooks,book,10.4324/9780203093009,W642358081,https://doi.org/10.4324/9780203093009,,401,A,A9,,Beijing; Los Angeles; San Francisco; Seattle,Multi-region,,,,qualitative,Y,,auto: Winner of the EDRA book prize for 2012.,,,high,A9:landmarks,,15.9028
LM00031,"Cast in Stone: Monuments, Geography, and Nationalism",1995,Nuala Johnson,Environment and Planning D Society and Space,article,10.1068/d130051,W2035829157,https://doi.org/10.1068/d130051,,399,A,A9,,,Not place-specific,,,,conceptual,Y,,"auto: I argue that monuments are an important, but underutilised, resource for the geographer interested in debates surrounding national identity.",,,medium,A9:landmarks,,24.3967
LM00032,Requirements and design space for interactive public displays,2010,Jörg Müller; Florian Alt; Daniel Michelis; Albrecht Schmidt,ACM International Conference on Multimedia (ACM MM),conference-paper,10.1145/1873951.1874203,W2162134050,https://doi.org/10.1145/1873951.1874203,https://zenodo.org/record/3438272,399,A,A9,,,Not place-specific,,,,conceptual,Y,,auto: In this paper we discuss the fundamentals for creating exciting public displays and multimedia experiences enabling new forms of engagement with digital content.,,train stations,high,A9:landmarks,,16.1361
LM00033,Domestication by Cappuccino or a Revenge on Urban Space? Control and Empowerment in the Management of Public Spaces,2003,Rowland Atkinson,Urban Studies,article,10.1080/0042098032000106627,W2163232119,https://doi.org/10.1080/0042098032000106627,https://figshare.com/articles/journal_contribution/Domestication_by_Cappuccino_or_a_Revenge_on_Urban_Space_Control_and_Empowerment_in_the_Management_of_Public_Spaces/22851755,391,A,A9,,United Kingdom,Global North,,,,qualitative,Y,,"auto: This paper explores some of the more extreme tendencies in the management of public space to consider whether current policy directions, in this case in central Scotland, are driven by a desire to empower or control users of such spaces.",,,high,A9:landmarks,,25.9133
LM00034,CHILDREN SHOULD BE SEEN AND NOT HEARD: THE PRODUCTION AND TRANSGRESSION OF ADULTS' PUBLIC SPACE,1996,Gill Valentine,Urban Geography,article,10.2747/0272-3638.17.3.205,W2013275119,https://doi.org/10.2747/0272-3638.17.3.205,,377,A,A9,,Europe; North America,Global North,,,,conceptual,Y,,"auto: This paper uses these contradictory concerns to explore how public space is being produced as a space that is ""naturally"" or ""normally"" an adult space.",,,high,A9:landmarks,,52.6525
LM00035,Democracy and the Public Space in Latin America,2009,Leonardo Avritzer,Princeton University Press eBooks,book,10.1515/9781400825011,W2093331601,https://doi.org/10.1515/9781400825011,,363,A,A9,,Argentina; Brazil; Europe; European; Latin America; Latin American; Mexico,Multi-region,,,,conceptual,Y,,auto: This is a bold new study of the recent emergence of democracy in Latin America.,,,high,A9:landmarks,,74.1002
LM00036,'Bold Walk and Breakings': Women's spatial confidence versus fear of violence,1997,Hille Koskela,Gender Place & Culture,article,10.1080/09663699725369,W2055153148,https://doi.org/10.1080/09663699725369,,357,A,A9,,Finland,Global North,,,,qualitative,Y,,auto: This article explores women's fear of urban violence from a spatial perspective.,,,medium,A9:landmarks,,13.5611
LM00037,Situating Legal Consciousness: Experiences and Attitudes of Ordinary Citizens about Law and Street Harassment,2000,Laura Beth Nielsen,Law & Society Review,article,10.2307/3115131,W4292199346,https://doi.org/10.2307/3115131,,350,A,A9,,,Not place-specific,,,,mixed,Y,,"auto: Drawing on observations in public spaces in three northern California communities and in-depth interviews with 100 subjects recruited from these public locations, I analyze variation across race and gender groups in experiences with offensive public speech and attitudes about how such speech shou…",,,medium,A9:landmarks,,8.2516
LM00038,"Space, Difference, Everyday Life",2008,,Routledge eBooks,book,10.4324/9780203933213,W139139059,https://doi.org/10.4324/9780203933213,,342,A,A9,,,Not place-specific,,,,conceptual,Y,,"auto: CONTENTS List of Figures Notes on Contributors Preface and Acknowledgements 1 On the Production of Henri Lefebvre Stefan Kipfer, Kanishka Goonewardena, Christian Schmid and Richard Milgrom Part I: Dialectics of Space and Time 2 Towards a Three-Dimensional Dialectic: The Theory of the Production o…",,,medium,A9:landmarks,,14.115
LM00039,Publics and the City,2007,Kurt Iveson,Wiley eBooks,book,10.1002/9780470761748,W1528174827,https://doi.org/10.1002/9780470761748,,333,A,A9,,Melbourne; Sydney,Global North,,,,conceptual,Y,,auto: List of Illustrations.,,,medium,A9:landmarks,,28.0854
LM00040,On the Plaza,2000,Setha Low,University of Texas Press eBooks,book,10.7560/747135,W4212829170,https://doi.org/10.7560/747135,,333,A,A9,,Costa Rica; Europe; European; Latin American; United States,Multi-region,,,,qualitative,Y,,"auto: Friendly gossip, political rallies, outdoor concerts, drugs, shoeshines, and sex-for-sale—almost every aspect of Latin American life has its place and time in the public plaza.",,,medium,A9:landmarks,,2.9435
LM00041,The Place-shaping Continuum: A Theory of Urban Design Process,2013,Matthew Carmona,Journal of Urban Design,article,10.1080/13574809.2013.854695,W2113892502,https://doi.org/10.1080/13574809.2013.854695,https://doi.org/10.1080/13574809.2013.854695,327,A,A9,,London,Global North,,,,qualitative,Y,,"auto: Drawing on empirical research in London, this paper examines how public spaces in the contemporary city are shaped.",,,high,A9:landmarks,,56.9431
LM00042,Lively Streets,2007,Vikas Mehta,Journal of Planning Education and Research,article,10.1177/0739456x07307947,W1967972384,https://doi.org/10.1177/0739456x07307947,,324,A,A9,,,Not place-specific,,,,review,Y,,auto: This article is an empirical examination of behavioral responses of people to the environmental quality of neighborhood commercial streets.,,,medium,A9:landmarks,,6.5524
LM00043,"Guardians of the Bourgeois City: Citizenship, Public Space, and Middle–Class Activism in Mumbai",2009,Jonathan Shapiro Anjaria,City and Community,article,10.1111/j.1540-6040.2009.01299.x,W2170388076,https://doi.org/10.1111/j.1540-6040.2009.01299.x,,142,A,A9,,India; Mumbai,South Asia,Y,,,qualitative,,,"auto: This article examines the new phenomenon of “citizens’ groups” in contemporary Mumbai, India, whose activities are directed at making the city's public spaces more orderly.",,,high,A9:india,,18.9008
LM00044,Defining the ideal public space: A perspective from the publicness,2022,Juan Li; Anrong Dang; Yan Song,Journal of Urban Management,article,10.1016/j.jum.2022.08.005,W4296371893,https://doi.org/10.1016/j.jum.2022.08.005,https://www.sciencedirect.com/science/article/pii/S2226585622000735/pdf,75,A,A9,,,Not place-specific,,,,conceptual,,Y,"auto: This paper reviews the definitions and dimensions of publicness from both theoretical and empirical perspectives, and concludes four synthesized dimensions of publicness: ownership, accessibility, management, and inclusiveness.",,,medium,A9:recent,W7141683532,28.4475
LM00045,"The Slow Boil: Street Food, Rights and Public Space in Mumbai",2016,Jonathan Shapiro Anjaria,,article,,W2971954793,https://bvbr.bib-bvb.de:443/F?func=service&doc_library=BVB01&local_base=BVB01&doc_number=028899835&sequence=000001&line_number=0001&func_code=DB_RECORDS&service_type=MEDIA,,69,A,A9,,Mumbai,South Asia,Y,,,unclear,,,,,,low,A9:india,,18.4059
LM00046,"Women’s Safety and Public Spaces: Lessons from the Sabarmati Riverfront, India",2019,Darshini Mahadevia; Saumya Lathia,Urban Planning,article,10.17645/up.v4i2.2049,W2954324003,https://doi.org/10.17645/up.v4i2.2049,https://www.cogitatiopress.com/urbanplanning/article/download/2049/2049,55,A,A9,,Ahmedabad; India,South Asia,Y,,,conceptual,,,"auto: This article is an assessment of how safe Ahmedabad city’s largest public space, the Sabarmati Riverfront, is for women.",,,high,A9:india,,8.6749
LM00047,"Safe in the City? Negotiating safety, public space and the male gaze in Kolkata, India",2021,Sanghamitra Roy; Ajay Bailey,Cities,article,10.1016/j.cities.2021.103321,W3181114874,https://doi.org/10.1016/j.cities.2021.103321,https://www.sciencedirect.com/science/article/pii/S0264275121002213/pdf,55,A,A9,,India; Kolkata,South Asia,Y,,,mixed,,,"auto: This study aims to understand how people and their actions in public spaces shape perceptions of safety amongst women, and how women negotiate public spaces to avoid such incidents of harassment.",,,high,A9:india,,9.467
LM00048,"Streets as Public Spaces: Lessons from Street Vending in Ahmedabad, India",2019,Prithvi Deore; Saumya Lathia,Urban Planning,article,10.17645/up.v4i2.2058,W2955343688,https://doi.org/10.17645/up.v4i2.2058,https://www.cogitatiopress.com/urbanplanning/article/download/2058/2058,45,A,A9,,Ahmedabad; India,South Asia,Y,,,computational,,,auto: Public spaces go beyond the typical definition of being an open space.,,,high,A9:india,,7.6495
LM00049,Defending Frivolous Fun: Feminist Acts of Claiming Public Spaces in South Asia,2020,Shilpa Phadke,South Asia Journal of South Asian Studies,article,10.1080/00856401.2020.1703245,W3007872607,https://doi.org/10.1080/00856401.2020.1703245,,36,A,A9,,India; Pakistan; South Asia,South Asia,Y,,,conceptual,,,auto: That is the question that animates this paper.,,,high,A9:india,,7.5285
LM00050,To Whom Does the City Belong? Obstacles to Right to the City for the Urban Poor in Bangladesh,2020,Lutfun Nahar Lata,Journal of Contemporary Asia,article,10.1080/00472336.2020.1791934,W3047234866,https://doi.org/10.1080/00472336.2020.1791934,,35,A,A9,,Bangladesh; Dhaka,South Asia,,,,qualitative,,,"auto: Within this context, this article explores how city authorities deny a right to the city for the urban poor.","auto: Due to a lack of available job opportunities in the formal sector and financial resources, in most parts of the developing world the urban poor rely on access to urban public space for earning their livelihoods.",,high,A9:india,,9.7197
LM00051,Informal laneway encroachment: Reassessing public/private interface transformation in urban villages,2020,Matthijs van Oostrum,Habitat International,article,10.1016/j.habitatint.2020.102259,W3086011530,https://doi.org/10.1016/j.habitatint.2020.102259,,30,A,A9,,,Not place-specific,,,,unclear,,,,,,low,A9:india,,7.0198
LM00052,Public space and its publicness in people-oriented urban regeneration: A case study of Shanghai,2023,Jingyi Zhu,Journal of Urban Affairs,article,10.1080/07352166.2023.2279597,W4388862193,https://doi.org/10.1080/07352166.2023.2279597,https://www.tandfonline.com/doi/pdf/10.1080/07352166.2023.2279597?needAccess=true,21,A,A9,,Shanghai,China & East Asia,,,,qualitative,,Y,"auto: The paper explores the role of public space development in helping Shanghai strive for an “excellent global city,” an ambition prescribed by the city’s latest master plan, through quality- and people-oriented urban regeneration.",,,high,A9:recent,,12.762
LM00053,Urban mobility infrastructures as public spaces: The uses of Sé subway station in downtown São Paulo,2023,Cristiana Martin,Urban Studies,article,10.1177/00420980221130291,W4318619317,https://doi.org/10.1177/00420980221130291,,20,A,A9,,São Paulo,Latin America,,,,conceptual,,Y,"auto: This article aims to contribute to the discussion on the publicness of public spaces by focusing on the uses of free access areas in urban mobility infrastructures such as subway stations, especially those uses not associated with mobility, transit and passenger flow – I call them ‘non-transit us…",,,high,A9:recent,,12.1543
LM00054,The Street Vendors Act and the right to public space in Mumbai,2018,Lola Salès,Articulo – revue de sciences humaines,article,10.4000/articulo.3631,W2891408190,https://doi.org/10.4000/articulo.3631,https://doi.org/10.4000/articulo.3631,17,A,A9,,India; Mumbai,South Asia,Y,,,unclear,,,"auto: This article explores the ordinary practices, the social, political and spatial “tactics” and “strategies” employed by street vendors to access and capture public space, at the time of the introduction of the Street Vendors Act.",,,high,A9:india,,4.9708
LM00055,Understanding vitality of public space: A review with an example of capital city Kathmandu in Nepal,2023,Uttam Paudel; Krishna Prasad Pant,Land Use Policy,article,10.1016/j.landusepol.2023.106860,W4386155199,https://doi.org/10.1016/j.landusepol.2023.106860,,14,A,A9,,Kathmandu; Nepal,South Asia,,,,unclear,,,,,,low,A9:india,,1.4899
LM00056,Ruptured space and spatial estrangement: (Un)making of public space in Kathmandu,2017,Urmi Sengupta,Urban Studies,article,10.1177/0042098017727689,W2766546903,https://doi.org/10.1177/0042098017727689,https://pureadmin.qub.ac.uk/ws/files/133110023/public_space_Urban_Studies.PDF,11,A,A9,,Kathmandu,South Asia,,,,conceptual,,,auto: Public space is increasingly recognised to be central to spatial discourse of cities.,,,high,A9:india,,1.9229
LM00057,Do welfare states need privately owned public spaces? The relevance of and need for such spaces in German cities,2022,Dahae Lee; Nele Scholten,Journal of Urban Design,article,10.1080/13574809.2022.2036110,W4210910760,https://doi.org/10.1080/13574809.2022.2036110,,11,A,A9,,Germany; New York,Global North,,,,mixed,,Y,auto: This paper examines to what extent this type of space is relevant and needed for German cities where the private sector involvement is limited.,,,high,A9:recent,,4.9507
LM00058,How public are hybrid public spaces? Assessing publicness of privately owned public spaces in Hamburg,2023,Alistair Dunlop; Ole Hübert; Lubna Aqel; Reda Abdelilah; Dahae Lee,Journal of Urbanism International Research on Placemaking and Urban Sustainability,article,10.1080/17549175.2023.2284221,W4389094097,https://doi.org/10.1080/17549175.2023.2284221,,11,A,A9,,Germany; Hamburg,Global North,,,,qualitative,,Y,auto: This paper aims to examine the publicness of privately owned public space/s (POPS).,"auto: POPS are a popular mechanism to provide public spaces, however little is known about their quality. | The lack of private management, use of rights-of-way, inclusion of amenities, the role of public agencies, and transparency regarding ownership affect the publicness of these POPS.",,high,A9:recent,,6.7564
LM00059,"The Politics of Illegality: Mumbai Hawkers, Public Space and the Everyday Life of the Law",2012,Luciana Fukimoto Itikawa,Routledge eBooks,book-chapter,10.4324/9780203150542-11,W2901390278,https://doi.org/10.4324/9780203150542-11,,10,A,A9,,Mumbai,South Asia,Y,,,unclear,,,auto: The controversial use of public spaces by street vendors hides sharp geometries that are far from chaotic.,,,medium,A9:india,,5.889
LM00060,Simulating the “city of joy”: state choreography and the re-appropriation of public spaces in Kolkata,2022,Sukanya Chakrabarti,Urban Geography,article,10.1080/02723638.2022.2044660,W4224253765,https://doi.org/10.1080/02723638.2022.2044660,https://doi.org/10.1080/02723638.2022.2044660,8,A,A9,,Kolkata,South Asia,Y,,,computational,,Y,"auto: While the nature of public spaces and performances of the public gathering is evolving amidst a pandemic, this paper, probing primarily into the state-sponsored strategic public performances in COVID-affected Kolkata, argues that the simulation and performance of state-envisioned “joy” by a postc…",,,high,A9:india,,3.4655
LM00061,Dhaka and the contestation over the public space,2009,Habibul Haque Khondker,City,article,10.1080/13604810902726343,W2049763581,https://doi.org/10.1080/13604810902726343,,7,A,A9,,Bangladesh; Dhaka,South Asia,,,,unclear,,,"auto: This paper examines the growing contestations over public space of Dhaka, the capital city of Bangladesh, between Islamic and secular groups since the country’s independence in 1971.",,,high,A9:india,,4.2358
LM00062,"Regulating Access and Mobility of Single Women in a “World Class”-city: Gender and Inequality in Delhi, India",2016,Christiane Brosius,Palgrave Macmillan US eBooks,book-chapter,10.1057/978-1-349-95115-4_10,W2567448509,https://doi.org/10.1057/978-1-349-95115-4_10,,7,A,A9,,Delhi; India,South Asia,Y,Y,,conceptual,,,"auto: This chapter reflects on the ways in which the concept of the “world class” city, here Delhi, India's national capital, mirrors and generates gendered spaces and discourses (e.g., on independence and safety).",,,medium,A9:india,,5.1402
LM00063,Exploring the Impact of the Publicness of Public Space in Hong Kong: A Structural Equation Modelling Approach,2025,H. Zeng; Louie Sieh; Dong Zhang; Hao Huang; Yu-Zun Zhang; Jin Yeu Tsou,Land,article,10.3390/land14010091,W4406099941,https://doi.org/10.3390/land14010091,https://www.mdpi.com/2073-445X/14/1/91/pdf?version=1736136756,7,A,A9,,Hong Kong,China & East Asia,,,,review,,Y,auto: This study aims to identify the impact of the publicness of public space and develop an assessment model.,,,high,A9:recent,,14.8182
LM00064,Evaluating the Publicness Dimension of Public Space with Bibliometric Analysis,2023,Elif Kutay Karaçor; Hüseyin Ögçe,Future Cities and Environment,article,10.5334/fce.192,W4387718849,https://doi.org/10.5334/fce.192,https://storage.googleapis.com/jnl-up-j-fce-files/journals/1/articles/192/652e6f7a682a8.pdf,6,A,A9,,,Not place-specific,,,,review,,Y,"auto: In this study, the “all open access” SCOPUS Database and VOSviewer were used to conduct a bibliometric analysis of the publicness of public space documents.",,,high,A9:recent,,3.6463
LM00065,On Design and Politics of Co-producing Public Space: The Long Marches and the Reincarnation of the ‘Forecourt’ of the Pakistani Nation,2013,Ahmed Zaib Khan,International Journal of Islamic Architecture,article,10.1386/ijia.2.1.125_1,W1238650037,https://doi.org/10.1386/ijia.2.1.125_1,http://hdl.handle.net/2013/ULB-DIPOT:oai:dipot.ulb.ac.be:2013/154812,5,A,A9,,Islamabad; Karachi; Lahore; Pakistan,South Asia,,,,conceptual,,,"auto: With the intention of broadening the concept of public space, this article investigates key socio-political processes behind temporal events like the ‘long march’ or Occupy movements, and how spatial forms of streets and public spaces interact in producing the image, value and meaning of public s…",,,high,A9:india,,4.2707
LM00066,Use or Misuse of Urban Streets? Exploration of Everyday Urbanism in Traditional City Centres,2023,Temitope Muyiwa Adebara; Oyinloluwa Beatrice Adebara; Amos Oluwole Taiwo,Malaysian journal of real estate/International journal of real estate studies,article,10.11113/intrest.v17n1.235,W4382813902,https://doi.org/10.11113/intrest.v17n1.235,https://intrest.utm.my/index.php/intrest/article/download/235/134,5,A,A9,,Nigeria,Africa,,,,mixed,,Y,"auto: In this regard, using data collected through questionnaire surveys, observations, and interviews, this study explores the factors that facilitate everyday urbanism and encourage using the streets as public spaces in traditional city centres of Nigeria.",,,high,A9:recent,,3.0386
LM00067,Public Space and Life in an Indian City: The Politics of Space in Bangalore.,2014,Salila Vanka,Deep Blue (University of Michigan),dissertation,,W4299993025,https://hdl.handle.net/2027.42/108825,https://hdl.handle.net/2027.42/108825,5,A,A9,,Bangalore; India,South Asia,Y,,,conceptual,,,"auto: In the context of the 74th Constitutional Amendment Act of 1992 and other reforms that have strengthened the role of local governing bodies and citizens in urban planning and governance, this research examines contestations between state and non-state actors over Bangalore’s public streets, sidew…",,,high,A9:india,,
LM00068,"Global Flows or Rural–Urban Connections? Temporality, Public Spaces and Heterotopias in Globalising Mumbai",2017,Devanathan Parthasarathy,Exploring urban change in South Asia,book-chapter,10.1007/978-81-322-3741-9_3,W2182975348,https://doi.org/10.1007/978-81-322-3741-9_3,,4,A,A9,,Mumbai,South Asia,Y,,,unclear,,,,,,low,A9:india,,1.9641
LM00069,Public space and citizenship in Mumbai,2019,Tanu Sankalia,City,article,10.1080/13604813.2019.1647707,W2964393930,https://doi.org/10.1080/13604813.2019.1647707,,4,A,A9,,India; Mumbai,South Asia,Y,,,qualitative,,,auto: This article examines the relationship between citizenship and city building in Mumbai by presenting two case studies of citizen action: the struggle over Land’s End and the making of the Bandra Bandstand promenade.,,,high,A9:india,,0.6924
LM00070,Evolution of city squares and transformation of publicness,2022,Meriç Demir Kahraman; Handan Türkoğlu,A/Z ITU journal of Faculty of Architecture,article,10.5505/itujfa.2022.15483,W4225625903,https://doi.org/10.5505/itujfa.2022.15483,https://doi.org/10.5505/itujfa.2022.15483,4,A,A9,,,Not place-specific,,,,conceptual,,Y,"auto: In the procedural approaches, “public” is described as “any place used for collective action and debate,” whereas “public” is considered as “a specific kind of place” by the topographical approaches that are repeatedly concerned with the accessibility of “public spaces.” This study, which might a…",,,high,A9:recent,,1.9694
LM00071,Citizen Oversight of Public Spaces: Evaluating Public Participation in Managing Privately Owned Public Spaces,2024,Sungju Jung; Jae Seung Lee; Saehoon Kim,Urban Affairs Review,article,10.1177/10780874241300469,W4405123552,https://doi.org/10.1177/10780874241300469,,4,A,A9,,Seoul,China & East Asia,,,,qualitative,,Y,"auto: In this study, we explored whether citizen participation can effectively enhance the management of POPS and reinforce the general public’s determination to reform public spaces.",,,high,A9:recent,,4.3591
LM00072,Urban park commercialization and the transformation of public space in Cairo,2025,Abdelbaseer A. Mohamed,Annals of Leisure Research,article,10.1080/11745398.2025.2560840,W4414457694,https://doi.org/10.1080/11745398.2025.2560840,,4,A,A9,,Cairo,Africa,,,,qualitative,,Y,"auto: In this research note, we examine the commercialization of urban parks in Cairo and its implications for access, equity, and the meaning of public space.",,,high,A9:recent,,8.4675
LM00073,Managing and navigating Manchester's Privately Owned Public Spaces: Understanding publicness,2025,Evgenia Kanellopoulou; Nikos Ntounis; Steve Millington,Journal of Urban Management,article,10.1016/j.jum.2025.07.001,W4412436323,https://doi.org/10.1016/j.jum.2025.07.001,https://doi.org/10.1016/j.jum.2025.07.001,3,A,A9,,Manchester; United Kingdom,Global North,,,,conceptual,,Y,"auto: This paper explores the processes of understanding publicness in the management of Privately Owned Public Spaces (POPS), in the context of a rapidly developing city in the UK (Manchester).",,,high,A9:recent,,6.3506
LM00074,PUBLIC VS PRIVATE SECTOR OWNED URBAN PUBLIC SPACE PERFORMANCE IN TERMS OF USER PERCEPTION IN CITY OF COLOMBO,2021,A.M. Fayas; Mutu Tantrige Osada Vishvajith Peiris; K.G.P. Kalugalla,International Research Conference of the Faculty of Architecture Research Unit (FARU),conference-paper,10.31705/faru.2021.5,W3215464889,https://doi.org/10.31705/faru.2021.5,http://dl.lib.uom.lk/bitstream/123/16809/1/5%20Public%20vs%20Private%20Sector%20Owned%20Urban%20Public%20Space.pdf,2,A,A9,,Colombo; Sri Lanka,South Asia,,,,mixed,,,"auto: In this context, this research studied the public space from the user perception by considering publicly owned and operated versus privately owned and operated public spaces within Colombo, Sri Lanka.",,,high,A9:india,,4.4603
LM00075,Park Politics in a Postcolonial Indian City: Planning (and) Public Space in Bangalore,2022,Salila Vanka,Built Environment,article,10.2148/benv.48.2.169,W4290039801,https://doi.org/10.2148/benv.48.2.169,,2,A,A9,,Bangalore; India,South Asia,Y,,,conceptual,,,auto: This paper highlights different facets of public space in Indian cities by examining contestations and conceptualizations of a maidan (open ground) in Bangalore.,,,high,A9:india,,0.9901
LM00076,'Delhi is a hopeful place for me!': young middle-class women reclaiming the Indian city,2022,Syeda Jenifa Zahan,Gender Place & Culture,article,10.1080/0966369x.2022.2124961,W4296834042,https://doi.org/10.1080/0966369x.2022.2124961,https://www.sciencedirect.com/science/article/pii/S1877916623000620,2,A,A9,,Delhi; India,South Asia,Y,Y,,qualitative,,,"auto: This paper evaluates some of these issues through speech act and resilience of young, unmarried, middle-class women in Delhi, India.",,,medium,A9:india,,0.7006
LM00077,"Unpacking Urban Environmental Visions and Contestations of Street Vendors in Kolkata, West Bengal",2023,Madhubarna Dhar; Amrita Sen; Archana Patnaik,Global Social Welfare,article,10.1007/s40609-023-00297-4,W4383816347,https://doi.org/10.1007/s40609-023-00297-4,,2,A,A9,,Kolkata; West Bengal,South Asia,Y,,,unclear,,,,,,low,A9:india,,1.2154
LM00078,Assessing the publicness of three streets in ethnically-diverse neighbourhoods,2024,Maryam Lesan,Local Environment,article,10.1080/13549839.2024.2309502,W4391507970,https://doi.org/10.1080/13549839.2024.2309502,,2,A,A9,,New Zealand,Global North,,,,mixed,,Y,auto: This paper aims to evaluate and compare the degree of “publicness” exhibited by streets situated within ethnically diverse neighbourhoods.,,,high,A9:recent,,2.1529
LM00079,Insights about the publicness of public space from the Kamppi area of Helsinki,2024,Žieda Tamašauskaitė,Fennia,article,10.11143/fennia.144351,W4396571345,https://doi.org/10.11143/fennia.144351,https://fennia.journal.fi/article/download/144351/92331,2,A,A9,,Helsinki,Global North,,,,qualitative,,Y,"auto: Undergoing dramatic changes in its form, structure and purpose, public space has recently drawn sharp criticisms from its investigators and its theorists.",,,high,A9:recent,,2.1529
LM00080,Evaluating publicness of public space and its transforming pattern: A case of the inner courtyard at Khulna new market,2024,A. Morshed; M. G. Sami; N. Islam; M. Y. Dola,FARU Journal,article,10.4038/faruj.v11i2.322,W4405883846,https://doi.org/10.4038/faruj.v11i2.322,https://faruj.sljol.info/articles/322/files/677239c1e9a73.pdf,2,A,A9,,Khulna,South Asia,,,,conceptual,,Y,auto: This paper aims to understand different dimensions and indicators of publicness from both theoretical and practical aspects and how the patterns are transforming through the perspective of a city.,,,high,A9:recent,,2.1795
LM00081,Designing for sociability and the erosion of publicness: how COVID-19 changed public space,2025,Vikas Mehta; Szymon Piotr Nogalski,Journal of Urban Design,article,10.1080/13574809.2025.2459711,W4407721118,https://doi.org/10.1080/13574809.2025.2459711,,2,A,A9,,,Not place-specific,,,,unclear,,Y,"auto: This paper examines the transformation of streets in Over-the-Rhine neighbourhood in Cincinnati, Ohio in the US to assess the changes in sociability and publicness from the time before the pandemic to the present.",,,high,A9:recent,,4.2338
LM00082,A ‘space-order’ publicness model: interpreting public space development in Shanghai’s people-oriented urban regeneration,2025,Jingyi Zhu,Journal of Urbanism International Research on Placemaking and Urban Sustainability,article,10.1080/17549175.2025.2570536,W4415043189,https://doi.org/10.1080/17549175.2025.2570536,https://doi.org/10.1080/17549175.2025.2570536,2,A,A9,,Shanghai,China & East Asia,,,,qualitative,,Y,auto: This paper argues that the non-normative approach better captures the complexity of visions and aspirations of different actors about space and the different ways space is produced and constructed as public.,,,high,A9:recent,,4.1493
LM00083,A Critical Review of the Literature on Privately Owned Public Spaces: From Intrinsic Critiques to Systematic Assessment,2025,Mohammad Mohammadi; Quentin Stevens,Journal of Planning Literature,article,10.1177/08854122251400201,W4416950495,https://doi.org/10.1177/08854122251400201,https://doi.org/10.1177/08854122251400201,2,A,A9,,,Not place-specific,,,,review,,Y,"auto: Through a review of key studies (1980–2023), this paper traces how POPS scholarship has changed from fundamental critiques of privatization to evidence-based assessment of spatial practices.",,,high,A9:recent,,4.2338
LM00084,"Privatization of public space: stakeholder analysis in shifting the function of public space case study in Kediri city, Indonesia",2022,Trimurti Ningtyas; Siti Amanah,Management and Entrepreneurship Trends of Development,article,10.26661/2522-1566/2022-1/19-01,W4226371194,https://doi.org/10.26661/2522-1566/2022-1/19-01,https://management-journal.org.ua/index.php/journal/article/download/355/185,1,A,A9,,Indonesia,Southeast Asia,,,,qualitative,,,auto: This study aims to determine the shift in the function of public space and how the interests that exist in it.,,,high,A9:recent,,0.4924
LM00085,"PUBLICNESS OF PUBLIC SPACES IN METROPOLITAN CITY OF A DEVELOPING COUNTRY: THE CASE OF LAHORE, PAKISTAN",2022,Aqsa Qalb; Hamza Yasin; Obaidullah Nadeem; Marium Nawaz; Fariha Tariq,Journal of Research in Architecture & Planning,article,10.53700/jrap3212022_3,W4312514990,https://doi.org/10.53700/jrap3212022_3,https://doi.org/10.53700/jrap3212022_3,1,A,A9,,Lahore,South Asia,,,,mixed,,,"auto: This study evaluates the publicness of commercial public spaces in Lahore, using the Star Model, widely suggested in the literature, to recommend urban design interventions for improving the publicness of similar public spaces.",,,high,A9:india; A9:recent,,0.4951
LM00086,Informality and the Production of Publicness in India,2022,Vikas Mehta,Springer eBooks,book-chapter,10.1007/978-3-030-99926-1_27,W4312836576,https://doi.org/10.1007/978-3-030-99926-1_27,,1,A,A9,,India,South Asia,Y,,,unclear,,Y,,,,low,A9:india,,2.3803
LM00087,Urban Planning Criteria for Defining Privately Owned Public Spaces (POPS),2023,Zejnulla Rexhepi; Sanja Gašparović; Tihomir Jukić,Prostor : znanstveni časopis za arhitekturu i urbanizam,article,10.31522/p.31.1(65).10,W4382789181,https://doi.org/10.31522/p.31.1(65).10,https://hrcak.srce.hr/file/439766,1,A,A9,,,Not place-specific,,,,review,,,auto: This research is based on the systematic literature review related to the definition of Privately Owned Public Spaces (POPS).,"auto: The results show that a group of spatial criteria (usage impact, user’s perception, connectivity, urbanity and socialization) have been neglected or ignored in defining POPS.",,high,A9:recent,,0.2782
LM00088,Post-Public: Contextualizing the Privatization of Public Space,2022,Max Frank; Brian M. Holland,,conference-paper,10.35483/acsa.am.110.85,W4390942946,https://doi.org/10.35483/acsa.am.110.85,https://www.acsa-arch.org/proceedings/Annual Meeting Proceedings/ACSA.AM.110/ACSA.AM.110.85.pdf,1,A,A9,,,Not place-specific,,,,qualitative,,,auto: This paper offers a novel conceptual framework to understand and evaluate privatization in the development and delivery of public spaces.,,,medium,A9:recent,,0.0
LM00089,Assessing the Degree of Publicness in Streets,2024,Sandeep Paul,Proceedings of the international conference of contemporary affairs in architecture and urbanism-ICCAUA.,conference-paper,10.38027/iccaua2024in0302,W4401181410,https://doi.org/10.38027/iccaua2024in0302,https://journal.iccaua.com/jiccaua/article/download/529/412,1,A,A9,,India,South Asia,Y,,,conceptual,,Y,auto: This paper enquires socio-culturaland sensory aspects of street life.,,,high,A9:india; A9:recent,,5.7344
LM00090,"The end of publicness in Yorubaland? Exploring the privatisation of public space in Ile-Ife, Nigeria",2025,Temitope Muyiwa Adebara; Adewumi Israel Badiora; Adedotun Ayodele Dipeolu; Lateef Adeleke Adeniyi,City Culture and Society,article,10.1016/j.ccs.2025.100638,W4410565988,https://doi.org/10.1016/j.ccs.2025.100638,,1,A,A9,,Ile-Ife; Nigeria,Africa,,,,unclear,,Y,,,,low,A9:recent,,2.1169
LM00091,‘No Place for us on Footpaths’: Exploring Walkability Challenges of Older Men in India and Bangladesh,2025,Ajay Bailey; Selim Jahangir; Prajwal Nagesh,Tijdschrift voor Economische en Sociale Geografie,article,10.1111/tesg.70034,W4414399574,https://doi.org/10.1111/tesg.70034,https://onlinelibrary.wiley.com/doi/pdfdirect/10.1111/tesg.70034,1,A,A9,,Bangladesh; Bengaluru; Dhaka; India,South Asia,Y,,,mixed,,,"auto: Abstract In India and Bangladesh cities, footpaths play a crucial role in enhancing the mobility of older adults.",,,medium,A9:india,,0.8434
LM00092,"Street vending as urban inhabitation: materialities, epistemes, and city-making in Karachi and Mumbai",2026,Aseela Haque; Saanchi Saxena,City,article,10.1080/13604813.2025.2601408,W7119150781,https://doi.org/10.1080/13604813.2025.2601408,https://www.tandfonline.com/doi/pdf/10.1080/13604813.2025.2601408?needAccess=true,1,A,A9,,India; Karachi; Mumbai; Pakistan,South Asia,Y,,,qualitative,,Y,"auto: Thinking with STS scholarship and Southern urbanism, we argue for a renewed focus on materialising street vending and demonstrate that street vending constitutes a crucial form of city-making in the South.",auto: We contend that paying attention to this dynamic relation can foreground the often overlooked urban knowledge constituting the city’s margins.,,medium,A9:india,,13.804
LM00093,Public Space Privatization: A Catalyst for Urban Spaces Gentrification,2026,Mariem Ali Abdeldayem; Ayman Mohamed Assem; Karim Bayoumi Ibrahim,ARCHive-SR,article,10.21625/archive-sr.v10i1.1252,W7127045585,https://doi.org/10.21625/archive-sr.v10i1.1252,https://press.ierek.com/index.php/ARChive/article/download/1252/1410,1,A,A9,,,Not place-specific,,,,review,,Y,auto: This paper aims to uncover how privatization of public spaces contributes to the gentrification of the public space itself by proposing a model to measure the level of publicness and gentrification of the public spaces.,,,high,A9:recent,,13.804
LM00094,The digital city and the struggle for urban public spaces: A pragmatic rethinking of public space and digital rights in a postliberal urban future,2026,Ehsan Dorostkar; Mahsa Najarsadeghi,Urban Governance,article,10.1016/j.ugj.2026.05.004,W7164205373,https://doi.org/10.1016/j.ugj.2026.05.004,https://doi.org/10.1016/j.ugj.2026.05.004,1,A,A9,,,Not place-specific,,,,conceptual,,Y,"auto: In light of neoliberalism theory, urban commons, and digital rights, this paper critically reflects on how cities are reconfiguring public spaces in the age of smart cities and data-driven government.",,,high,A9:recent,,3.8105
LM00095,Publicness of Newly Redeveloped Public Spaces of Dhaka South City Corporation Area,2022,Sabrina Sultana; Adil Mohammed Khan; Md. Ashiqur Rahman,Zenodo (CERN European Organization for Nuclear Research),article,10.5281/zenodo.6610724,W4281643606,https://doi.org/10.5281/zenodo.6610724,https://zenodo.org/record/6610725,1,A,A9,,Dhaka,South Asia,,,,conceptual,,,auto: This research has explored the competency of redeveloped Public Spaces in Dhaka South City Corporation (DSCC).,,,high,A9:india; A9:recent,,0.4924
LM00096,Public space and livelihood security in the urban economy: the case of street vendors in Mumbai,2014,Debdulal Saha,,article,10.4324/9781315780139-13,W3167123494,https://doi.org/10.4324/9781315780139-13,,0,A,A9,,Mumbai,South Asia,Y,,,unclear,,,,,,low,A9:india,,0.0
LM00097,The Mundane and (Extra)Ordinary Public Spaces in India: Examining the Impact of the COVID-19 Pandemic Through an Everyday Lens in Chennai City,2021,Lakshmi Priya Rajendran; Aamstrong Anjumuthu,Policy Press eBooks,book-chapter,10.1332/policypress/9781529219005.003.0014,W4285415740,https://doi.org/10.1332/policypress/9781529219005.003.0014,,0,A,A9,,Chennai; India,South Asia,Y,,,qualitative,,,"auto: Using a socio-spatial lens, this chapter critically reflects on the role of everyday public spaces in Indian cities during the pandemic and how they potentially provide revealing insights on power relations and urban inequalities.",,,high,A9:india,,0.0
LM00098,Compendium of Dimensions for Evaluating Publicness of Public Spaces,2022,Simranpreet Kaur; Pankaj Chhabra,Civil Engineering and Architecture,article,10.13189/cea.2023.110113,W4311260560,https://doi.org/10.13189/cea.2023.110113,http://www.hrpub.org/download/20221130/CEA13-14829076.pdf,0,A,A9,,India,South Asia,Y,,,conceptual,,,"auto: This research paper has been extracted from the larger study on privatized public spaces addressing the questions on defining characteristics of good public space, and some measurable parameters to evaluate these public spaces.",,,high,A9:recent,,0.0
LM00099,"Space, the right to the city and informality",2023,Lutfun Nahar Lata,Routledge eBooks,book-chapter,10.4324/9781003350095-2,W4317036532,https://doi.org/10.4324/9781003350095-2,,0,A,A9,,Dhaka,South Asia,,,,conceptual,,,auto: This chapter develops a critical framework to examine urban space and informal work in Global South cities.,,,high,A9:india,,0.0
LM00100,Access to Public Spaces in Indian Cities: An Opportunistic Model,2023,Archana Gaikwad; Utpal Sharma,Routledge eBooks,book-chapter,10.4324/9781003342441-67,W4366270278,https://doi.org/10.4324/9781003342441-67,,0,A,A9,,Ahmedabad; Bangalore; India; Mumbai; Pune,South Asia,Y,,,conceptual,,,"auto: This paper first discusses the different meanings public spaces carry and various models used to provide public spaces across the world and then it demonstrates how public spaces are provided in Indian cities using opportunistic model presenting case of Ahmedabad, Bangalore, Mumbai and Pune.",auto: Most of the Indian cities lack sufficient provision of public spaces compared to other cities in the world.,,high,A9:india,,0.0
LM00101,"Commoning and Territoriality in the Public Space “Plasma” of Historical Cities: Investigating Emplaced Network Dynamics in Bhaktapur, Kathmandu Valley, Nepal",2023,Shyam Sunder Kawan; Manfredo Manfredini; Haisong Wang,Lecture notes in civil engineering,conference-paper,10.1007/978-981-99-1403-6_16,W4382120162,https://doi.org/10.1007/978-981-99-1403-6_16,,0,A,A9,,Kathmandu; Nepal,South Asia,,,,unclear,,,,,,low,A9:india,,0.0
LM00102,Segregated Public Space and the Right to the City,2023,,Berghahn Books,book-chapter,10.2307/jj.5590558.12,W4385626213,https://doi.org/10.2307/jj.5590558.12,,0,A,A9,,,Not place-specific,,,,unclear,,,,,,low,A9:recent,,0.0
LM00103,"Elton Chan. The Last Urban Frontier. Commodification of Public Space and the Right to the City in Insurgent Hong Kong. Lund University, 2023. PhD Thesis.",2023,Miguel A. Martínez,Sociologisk Forskning,article,10.37062/sf.60.25487,W4387972348,https://doi.org/10.37062/sf.60.25487,https://sociologiskforskning.se/sf/article/download/25487/22616,0,A,A9,,China; Hong Kong; United Kingdom,Multi-region,,,,qualitative,,,"auto: This book is a doctoral dissertation, including a Kappa and four papers that are either already published or in the process of being published soon.In methodological terms, the author conducted a multi-sited and multi-scalar ethnography.This was combined with the analysis of 70 documents, 11 in-d…",,,high,A9:recent,,0.0
LM00104,Chapter 5. Segregated Public Space and the Right to the City,2023,Anne Christine Trémon,Berghahn Books,book-chapter,10.1515/9781800739987-010,W4388772695,https://doi.org/10.1515/9781800739987-010,https://www.degruyter.com/document/doi/10.1515/9781800739987-010/pdf,0,A,A9,,China,China & East Asia,,,,conceptual,,,"auto: With urbanization, native villagers have been faced with a fl ow of strangers into their former village space, a phenomenon to which they have contributed by renting apartments to migrants.Native villagers also face increased intervention from higher administrative bodies, as, once urbanized, the…",,,high,A9:recent,,0.0
LM00105,"PRIVATISATION OF PUBLIC SPACE – CASE STUDY ZAGREB, CROATIA",2023,Antonio Nevescanin; Bartosz Marek Walczak,space&FORM,article,10.21005/pif.2023.56.c-06,W4390105957,https://doi.org/10.21005/pif.2023.56.c-06,https://doi.org/10.21005/pif.2023.56.c-06,0,A,A9,,Croatia; European; Zagreb,Global North,,,,qualitative,,,"auto: The article explores the topic of privatization of public space occurring in the process of contemporary urban planning policies, on the example of city of Zagreb in Croatia.",,,high,A9:recent,,0.0
LM00106,"Reclaiming Public Spaces in Post-pandemic India (Kolkata): Activist Theatre, Gender and a Resurgence of the Marginal",2024,AHVANA PAUL; Tamalika Roy; Sumit Mondal; S. C. Biswas,Theatre Research International,article,10.1017/s0307883323000421,W4392164286,https://doi.org/10.1017/s0307883323000421,,0,A,A9,,India; Kolkata,South Asia,Y,,,unclear,,,auto: The politics of our post-Covid times are expressed through various registers.,,,high,A9:india,,0.0
LM00107,CRAFTING INDIAN MARKETS: THE ART OF BLURRING THE BOUNDARIES OF PUBLICNESS CASE OF DELHI,2024,Pankaj Chhabra; Simranpreet Kaur,ShodhKosh Journal of Visual and Performing Arts,article,10.29121/shodhkosh.v5.i1.2024.1030,W4399441939,https://doi.org/10.29121/shodhkosh.v5.i1.2024.1030,https://doi.org/10.29121/shodhkosh.v5.i1.2024.1030,0,A,A9,,Delhi; India,South Asia,Y,Y,,review,,,"auto: This research paper delves to explore the nuanced dimensions of this phenomenon, shedding light on orchestrating transformation of ostensibly public spaces into privatized domains and the ensuing impact on the public realm.The central objective of this study is to initiate a meaningful dialogue w…",,,high,A9:india; A9:recent,,0.0
LM00108,Beyond the public space tableau: Insurgent heritage and the right to the city in Bogotá,2023,Erich Frank Hellmer,Alternautas,article,10.31273/an.v10i2.1442,W4400562152,https://doi.org/10.31273/an.v10i2.1442,http://dx.doi.org/10.31273/an.v10i2.1442,0,A,A9,,Bogotá; Colombia,Latin America,,,,qualitative,,,"auto: This paper explores how the right to the city is understood and practiced in relation to public space by contrasting two models of urban planning in Bogotá, Colombia.",,,high,A9:recent,,0.0
LM00109,Grassroots Collectives Recover Public Space,2024,Megan Saltzman,Hispanic urban studies,book-chapter,10.1007/978-3-031-57796-3_3,W4403014504,https://doi.org/10.1007/978-3-031-57796-3_3,,0,A,A9,,,Not place-specific,,,,unclear,,,,,,low,A9:recent,,0.0
LM00110,"Rethinking ‘Aesthetic Environments’ in Cities: Politics, Resistance, and Informal Street Vending in Kolkata, West Bengal",2025,Madhubarna Dhar; Amrita Sen; Archana Patnaik,Proceedings of The World Conference on Social Sciences,conference-paper,10.33422/worldcss.v4i1.1213,W4413581285,https://doi.org/10.33422/worldcss.v4i1.1213,https://www.dpublication.com/conference-proceedings/index.php/worldcss/article/download/1213/785,0,A,A9,,India; Kolkata; South Asia; West Bengal,South Asia,Y,,,qualitative,,,"auto: Drawing on ethnographic interviews and focus group discussions with street vendors and hawker organisations, this study uncovers the creative arrangements and tactics hawkers employ to resist eviction and reclaim their space in the city.",,,medium,A9:india,,0.0
LM00111,Mending Privately Owned Public Spaces,2025,Adriana Cobo Corey,Routledge eBooks,book,10.4324/9781003534297,W4416177029,https://doi.org/10.4324/9781003534297,https://api.taylorfrancis.com/content/books/mono/download?identifierName=doi&identifierValue=10.4324/9781003534297&type=googlepdf,0,A,A9,,,Not place-specific,,,,conceptual,,,"auto: This book is motivated by a simple observation: Privately Owned Public Spaces, or POPS, are overlooked sites when it comes to exploring the subject of taste in architecture and urban design.","auto: This book is motivated by a simple observation: Privately Owned Public Spaces, or POPS, are overlooked sites when it comes to exploring the subject of taste in architecture and urban design.",,high,A9:recent,,0.0
LM00112,"Private developments, public edges: intermediary spaces and privately-owned public spaces in urban megaprojects in Bangkok",2026,Federico Puggioni; Nij Tontisirin,Journal of Urban Design,article,10.1080/13574809.2025.2608331,W7124159641,https://doi.org/10.1080/13574809.2025.2608331,,0,A,A9,,Bangkok; Southeast Asia,Southeast Asia,,,,qualitative,,,auto: This study investigates how contemporary privately owned public spaces and intermediary spaces located within Bangkok’s recent urban megaprojects redefine the relationships between public and private realms at various scales.,,,high,A9:recent,,0.0
LM00113,Publicness and the City,2026,Roberto Rocco,Springer eBooks,book-chapter,10.1007/978-981-95-2251-4_2,W7128427833,https://doi.org/10.1007/978-981-95-2251-4_2,,0,A,A9,,,Not place-specific,,,,unclear,,,,,,low,A9:recent,,0.0
LM00114,Street Vending and the Right to the City,2026,Amy Schoenecker,Routledge eBooks,book,10.4324/9781003605980,W7131298314,https://doi.org/10.4324/9781003605980,,0,A,A9,,Chicago; Mumbai; New York; Uruguay,Multi-region,Y,,,qualitative,,,"auto: Cities and states, from New York City to Uruguay, have begun to formalize street vending, with many advocates arguing for this approach, but this book highlights why formalization is not a cure.",,,high,A9:india,,0.0
LM00115,"How public are they? Privately owned public spaces in Shanghai, China",2026,Yiming Wang; Jie Chen,Urban Research & Practice,article,10.1080/17535069.2026.2690504,W7165138768,https://doi.org/10.1080/17535069.2026.2690504,,0,A,A9,,China; Shanghai,China & East Asia,,,,unclear,,,"auto: This research shifts the focus to POPS in Shanghai, China.",,,medium,A9:recent,,0.0
LM00116,"Hawkers, Footpaths and the City: Informality, Urban Space, and Life in Kolkata",2026,Madhumita Roy,International Journal of Science and Research (IJSR),article,10.21275/sr26612122147,W7165162535,https://doi.org/10.21275/sr26612122147,https://doi.org/10.21275/sr26612122147,0,A,A9,,Kolkata,South Asia,Y,,,qualitative,,,"auto: This paper draws from urban theory, political economy, ethnography, and archival sources to trace the historical evolution of street hawking.",,,high,A9:india,,0.0
LM00117,Public spaces in an industrial town: what the Covid-19 lockdowns tell us about publicness and everyday urbanism in Vietnam,2026,Thi‐Thanh‐Hiên Pham; Sarah Turner; Khac Minh Trân,Asian Geographer,article,10.1080/10225706.2026.2693142,W7167074488,https://doi.org/10.1080/10225706.2026.2693142,https://doi.org/10.6084/m9.figshare.32882272.v2,0,A,A9,,Vietnam,Southeast Asia,,,,qualitative,,,"auto: In this article, we examine the changing perceptions and uses of public spaces among the residents of Dĩ An, an industrial town in southern Vietnam, and the impacts of these shifts on everyday life.",,,high,A9:recent,W7167098793; W7167128156,0.0
LM00118,"Decoding the role of graffiti and street art as a safety tool in public spaces of Bengaluru, India",2026,Cecon Swain,Proceedings of the international conference of contemporary affairs in architecture and urbanism-ICCAUA.,conference-paper,10.38027/iccaua2026en0376,W7168385685,https://doi.org/10.38027/iccaua2026en0376,https://journal.iccaua.com/jiccaua/article/download/839/778,0,A,A9,,Bengaluru; India,South Asia,Y,,,mixed,,,"auto: This paper investigates the role and works of Street art.It employs qualitative research methods including detailed surveys, depth interviews and visual recordings.",,,high,A9:india,,0.0
LM00119,Designing Publicness,2026,Rui Leão; T W H Chung; Luisa Bravo,The Journal of Public Space,article,10.32891/jps.v11i1.1909,W7169659753,https://doi.org/10.32891/jps.v11i1.1909,https://www.journalpublicspace.org/index.php/jps/article/download/1909/1049,0,A,A9,,Barcelona; Macau,Multi-region,,,,conceptual,,,auto: Public space is where cities breathe - and where cultures negotiate who “we” are.,,,high,A9:recent,,0.0
LM00120,"Interpreting public space through a publicness–typology approach: An exploratory study of public spaces in Shanghai, China",2026,Jingyi Zhu,URBAN DESIGN International,article,10.1057/s41289-026-00345-3,W7171348847,https://doi.org/10.1057/s41289-026-00345-3,https://link.springer.com/content/pdf/10.1057/s41289-026-00345-3.pdf,0,A,A9,,China; Shanghai,China & East Asia,,,,conceptual,,,"auto: By interpreting these cases with a new typology of public space comprising symbolic public space, entrepreneurial public space, community public space, and spontaneous public space, I argue that to examine public spaces as embedded in their unique contextual complexities, it is important to see p…",,,high,A9:recent,,0.0
LM00121,The City Through Her Eyes: Gender-Based Harassment in Public Spaces in Urban India,2026,Lori A. Beaman; Seema Jayachandran; Anisha Sharma,National Bureau of Economic Research,report,10.3386/w35738,W7213122096,https://doi.org/10.3386/w35738,https://doi.org/10.3386/w35738,0,A,A9,,Bengaluru; India; New Delhi,South Asia,Y,Y,,quantitative,,,"auto: Gender-based harassment in public spaces affects women directly through victimization and indirectly through fear.We measure these dual effects in urban India, where harassment is widely regarded as pervasive.Surveying over 4,000 women recruited in public spaces in New Delhi and Bengaluru, we doc…",,,medium,A9:india,W7213349494,
LM00122,Designing Indian streets as social public spaces : contextual design and planning in Bangalore,2014,Sneha Mandhan,DSpace@MIT (Massachusetts Institute of Technology),dissertation,,W1584679655,http://hdl.handle.net/1721.1/90209,,0,A,A9,,Bangalore; India,South Asia,Y,,,unclear,,,"auto: Thesis: M.C.P., Massachusetts Institute of Technology, Department of Urban Studies and Planning, 2014.",,,medium,A9:india,,
LM00123,Spaces for engagement in the city of Mumbai : rethinking parks and public spaces in congested cities,2015,Kairav Shroff,,dissertation,,W1924685162,https://dspace.mit.edu/handle/1721.1/99302,,0,A,A9,,Mumbai,South Asia,Y,,,unclear,,,,,,low,A9:india,,
LM00124,"Everyday Urbanism, An Alternate Approach to Urban Public Space : Promoting Sustainable Lifestyles in Chennai, India",2012,Arvind Ramachandran,KTH Publication Database DiVA (KTH Royal Institute of Technology),dissertation,,W2955220964,http://urn.kb.se/resolve?urn=urn:nbn:se:kth:diva-98307,http://urn.kb.se/resolve?urn=urn:nbn:se:kth:diva-98307,0,A,A9,,Chennai; India,South Asia,Y,,,qualitative,,,auto: Privatization of the public realm is rampant in modern cities.,,,high,A9:india,,
LM00125,Digital Perceptions: Comparing the Perceptional Difference between Public Spaces and POPS (Privately Owned Public Spaces) Through Online Reviews,2023,Yucheng Zhang,eCommons (Cornell University),dissertation,,W7126708936,https://hdl.handle.net/1813/113141,,0,A,A9,,,Not place-specific,,,,computational,,,auto: This study explores the potential of an automated process in assessing the perceived quality of public spaces using Natural Language Processing (NLP) algorithms and online reviews.,,,high,A9:recent,,
LM00126,Reimagining Privately Owned Public Spaces in NYC vs Auckland,2024,Katie Zheng,eCommons (Cornell University),dissertation,,W7126896309,https://hdl.handle.net/1813/115215,,0,A,A9,,Auckland; New York; New Zealand; United States,Global North,,,,conceptual,,,"auto: This paper explores and investigates the mechanisms behind the creation of privately owned spaces(POPS), specifically examining the regulations and review policies governing POPS in New York City and Auckland, New Zealand.",,,high,A9:recent,,
LM00127,Morphological Influence On Publicness In Bandung’s Public Spaces: A Case Study Of Alun-Alun And Cihampelas Walk Mall,2025,Asharsinyo Doddy Friestya,Universiti Sains Malaysia Institutional Repository (Universiti Sains Malaysia),dissertation,,W7135001818,http://tesi.cab.unipd.it/63751/1/Metodi_di_identificazione_per_le_Fake_News.pdf,http://eprints.usm.my/63751/1/Pages%20from%20ASHARSINYO%20DODDY%20FRIESTYA%20-%20TESIS.pdf,0,A,A9,,Bandung,Southeast Asia,,,,qualitative,,,"auto: This research is focused on the relationship between the form, function, form, and meaning of public space to the degree level of publicness of spaces in Bandung City.",,,high,A9:recent,,
LM00128,"Privately Owned Public Places - the Good, the Bad, & the Ugly!",2026,David Chapman,SHAREOK (University of Oklahoma; Oklahoma State University; Central Oklahoma University),conference-abstract,,W7135337675,https://shareok.org//handle/11244/342012,,0,A,A9,,United Kingdom,Global North,,,,unclear,,,"auto: Privately Owned Public Spaces A group of University of Central Oklahoma students, faculty teamed with colleagues from Coventry University, in the United Kingdom, to research what is called Privately Owned Public Spaces (POPS).",,,high,A9:recent,,
LM00129,Public Spaces and Street Vendors in Mumbai A Theoretical Understanding of Urban Reciprocity,2024,Urvashi Purohit; Mayuresh Gorey,Zenodo (CERN European Organization for Nuclear Research),conference-paper,10.5281/zenodo.20117433,W7160870685,https://doi.org/10.5281/zenodo.20117433,https://doi.org/10.5281/zenodo.20117433,0,A,A9,,India; Mumbai,South Asia,Y,,,conceptual,,,"auto: This research focuses on the cityof Mumbai, the financial capital of India, and attempts to identify the specific relationships that street vendingactivities develop with the public spaces within which they are conducted and the impacts it has on thesespaces.",,,high,A9:india,,0.0
LM00130,Public Space for Public Good: Making Privately Owned Public Spaces in Vancouver More Inclusive and Supportive,2023,"Fraser, Madison",DalSpace (Dalhousie University),article,,W7207261412,http://hdl.handle.net/10222/82751,,0,A,A9,,Vancouver,Global North,,,,conceptual,,,auto: This thesis examines the influence and effects of privatisation to support arguments for improved policy regarding Privately Owned Public Space (POPS).,,,high,A9:recent,,0.0
LM00131,"Surveillance as social sorting : privacy, risk, and digital discrimination",2003,David Lyon,,article,,W584600887,http://bvbr.bib-bvb.de:8991/F?func=service&amp;doc_library=BVB01&amp;local_base=BVB01&amp;doc_number=019919591&amp;sequence=000001&amp;line_number=0001&amp;func_code=DB_RECORDS&amp;service_type=MEDIA,,875,B,B5,,Canada,Global North,,,,qualitative,Y,,auto: Part One: Orientations 1.,,,medium,B5:landmarks,,52.5136
LM00132,Documenting individual identity : the development of state practices in the modern world,2001,Jane Caplan; John C. Torpey,,article,,W1590591717,http://www.loc.gov/catdir/toc/prin031/2001036273.html,,656,B,B5,,Argentina; Europe; France; Germany; Netherlands; Russia; Rwanda; United Kingdom,Multi-region,,,,conceptual,Y,,auto: Acknowledgments ix Introduction: Jane Caplan and John Torpey 1 PART ONE: CREATING APPARATUSES OF IDENTIFICATION 13 1.,,,medium,B5:landmarks,,193.349
LM00133,Beyond Fear: Thinking Sensibly About Security in an Uncertain World,2003,Bruce Schneier,CERN Document Server (European Organization for Nuclear Research),article,10.1007/b97547,W1487646227,https://doi.org/10.1007/b97547,,372,B,B5,,,Not place-specific,,,,conceptual,Y,,"auto: Many of us, especially since 9/11, have become personally concerned about issues of security, and this is no surprise.",,,medium,B5:landmarks,,37.2311
LM00134,Cartographic Anxiety: Mapping the Body Politic in India,1994,Sankaran Krishna,Alternatives Global Local Political,article,10.1177/030437549401900404,W89782422,https://doi.org/10.1177/030437549401900404,,337,B,B5,,India,South Asia,Y,,,unclear,Y,,"auto: The parliamentary elections of May 1991 in India were disrupted by the assassination of the former prime minister, Rajiv Gandhi.",,,medium,B5:landmarks,,11.1013
LM00135,Security and Privacy Issues in E-passports,2006,Ari Juels; D. Molnar; David A. Wagner,,conference-paper,10.1109/securecomm.2005.59,W1485497075,https://doi.org/10.1109/securecomm.2005.59,,309,B,B5,,United States,Global North,,,,unclear,Y,,auto: We explore the privacy and security implications of this impending worldwide experiment in next-generation authentication technology.,,,high,B5:landmarks,,43.6959
LM00136,E-residency and blockchain,2017,Clare Sullivan; Eric Burger,Computer law & security review,article,10.1016/j.clsr.2017.03.016,W2327198637,https://doi.org/10.1016/j.clsr.2017.03.016,https://doi.org/10.1016/j.clsr.2017.03.016,271,B,B5,,,Not place-specific,,,,unclear,Y,,,,,low,B5:landmarks,,52.4896
LM00137,"Digital Epidermalization: Race, Identity and Biometrics",2010,Simone Browne,Critical Sociology,article,10.1177/0896920509347144,W2009404140,https://doi.org/10.1177/0896920509347144,,254,B,B5,,Canada; India,Multi-region,Y,,,unclear,Y,,"auto: This article considers the ways in which what Paul Gilroy terms ‘epidermal thinking’ operates in the discourses surrounding certain surveillance practices and their applications, with a focus on identification documents and biometric technologies in particular.",,,high,B5:landmarks,,30.1
LM00138,"‘The body does not lie’: Identity, risk and trust in technoculture",2006,Katja Franko,Crime Media Culture An International Journal,article,10.1177/1741659006065401,W2132599261,https://doi.org/10.1177/1741659006065401,,222,B,B5,,,Not place-specific,,,,unclear,Y,,"auto: The article suggests that surveillance of the body is gradually becoming a major source of identification, as well as a vital element of late-modern mechanisms of social exclusion.",,,high,B5:landmarks,,11.5151
LM00139,"(Dis)qualified bodies: securitization, citizenship and ‘identity management’",2004,Benjamin Müller,Citizenship Studies,article,10.1080/1362102042000257005,W2073749353,https://doi.org/10.1080/1362102042000257005,,197,B,B5,,,Not place-specific,,,,unclear,Y,,auto: This article attempts to think citizenship politics in the international security context of a post‐September 11th world.,,,high,B5:landmarks,,18.9498
LM00140,"When Biometrics Fail: Gender, Race, and the Technology of Identity",2011,Shoshana Amielle Magnet,Project Muse (Johns Hopkins University),article,,W2482717051,https://muse.jhu.edu/pub/4/monograph/book/70318,,197,B,B5,,,Not place-specific,,,,unclear,Y,,"auto: From digital fingerprinting to iris and retina recognition, biometric identification systems are a multibillion dollar industry and an integral part of post-9/11 national security strategy.",,,high,B5:landmarks,,10.7348
LM00141,The humanitarian intervention debate,2003,J. L. Holzgrefe,Cambridge University Press eBooks,book-chapter,10.1017/cbo9780511494000.002,W1549851572,https://doi.org/10.1017/cbo9780511494000.002,,192,B,B5,,Kigali; Rwanda,Africa,,,,conceptual,Y,,"auto: On 6 April 1994, President Habyarimana of Rwanda and several top government officials were killed when their plane was shot down by a surface-to-air missile on its approach to Kigali airport.",,,medium,B5:landmarks,,66.6778
LM00142,"Global surveillance and policing : borders, security, identity",2005,Elia T. Zureik; Mark B. Salter,,article,,W642710574,http://bvbr.bib-bvb.de:8991/F?func=service&amp;doc_library=BVB01&amp;local_base=BVB01&amp;doc_number=014951664&amp;sequence=000001&amp;line_number=0001&amp;func_code=DB_RECORDS&amp;service_type=MEDIA,,192,B,B5,,Europe,Global North,,,,conceptual,Y,,"auto: Global surveillance and policing: borders, security, identity - Introduction by Elia Zureik and Mark B.",,,high,B5:landmarks,,43.3586
LM00143,Identification for Development: The Biometrics Revolution,2013,Alan H. Gelb; Julia Clark,SSRN Electronic Journal,preprint,10.2139/ssrn.2226594,W1755767712,https://doi.org/10.2139/ssrn.2226594,https://doi.org/10.2139/ssrn.2226594,174,B,B5,,,Not place-specific,,,,unclear,Y,,,,,low,B5:landmarks,,
LM00144,Tangible Information and Citizen Empowerment: Identification Cards and Food Subsidy Programs in Indonesia,2017,Abhijit Banerjee; Rema Hanna; Jordan Kyle; Benjamin Olken; Sudarno Sumarto,Journal of Political Economy,article,10.1086/696226,W2773945611,https://doi.org/10.1086/696226,,161,B,B5,,Indonesia,Southeast Asia,,,,conceptual,Y,,auto: We study one approach to reducing leakage.,,,high,B5:landmarks,,25.3341
LM00145,Aadhaar: Governing with Biometrics,2019,Ursula Rao; Vijayanka Nair,South Asia Journal of South Asian Studies,article,10.1080/00856401.2019.1595343,W2945621989,https://doi.org/10.1080/00856401.2019.1595343,https://www.tandfonline.com/doi/pdf/10.1080/00856401.2019.1595343?needAccess=true&role=button,156,B,B5,,India,South Asia,Y,,,unclear,Y,,auto: Aadhaar means ‘foundation’ or ‘support’ in several Indian languages.,,,medium,B5:landmarks,,9.0781
LM00146,Self-Sovereign Identity in a Globalized World: Credentials-Based Identity Systems as a Driver for Economic Inclusion,2020,Fennie Wang; Primavera De Filippi,Frontiers in Blockchain,article,10.3389/fbloc.2019.00028,W3003033094,https://doi.org/10.3389/fbloc.2019.00028,https://www.frontiersin.org/articles/10.3389/fbloc.2019.00028/pdf,143,B,B5,,Jordan; Sierra Leone,Multi-region,,,,qualitative,Y,,"auto: After introducing key concepts and definitions in the field of digital identity, this paper will investigate the benefits and drawbacks of existing identity systems on the road towards achieving self-sovereign identity.",,,medium,B5:landmarks,,21.1129
LM00147,Autonomy of Migration?,2019,Stephan Scheel,Routledge eBooks,book,10.4324/9781315269030,W4234136487,https://doi.org/10.4324/9781315269030,,129,B,B5,,,Not place-specific,,,,conceptual,Y,,"auto: This book will be of great interest to scholars in border, migration and critical security studies, as well as researchers engaged in citizenship studies, surveillance studies, political theory, critical IR theory and international political sociology.",,,high,B5:landmarks,,15.2392
LM00148,User acceptance of Malaysian government multipurpose smartcard applications,2009,W.H. Loo; Paul H.P. Yeow; Siong Choy Chong,Government Information Quarterly,article,10.1016/j.giq.2008.07.004,W2019326222,https://doi.org/10.1016/j.giq.2008.07.004,,116,B,B5,,Malaysia,Southeast Asia,,,,unclear,Y,,,,,low,B5:landmarks,,24.5383
LM00149,The Rise of Digital Financialisation: The Case of India,2020,Sudeep Jain; Daniela Gabor,New Political Economy,article,10.1080/13563467.2019.1708879,W2997320510,https://doi.org/10.1080/13563467.2019.1708879,https://uwe-repository.worktribe.com/output/6726601,116,B,B5,,India,South Asia,Y,,,qualitative,Y,,auto: Traditional notions of financialisation require updating to study the reorganisation of finance around digital infrastructures.,,,medium,B5:landmarks,,13.21
LM00150,Nationality and Citizenship in Revolutionary France,2000,Michael Rapport,Oxford University Press eBooks,book,10.1093/acprof:oso/9780198208457.001.0001,W2504351250,https://doi.org/10.1093/acprof:oso/9780198208457.001.0001,,111,B,B5,,France,Global North,,,,unclear,Y,,auto: How and why foreigners were squeezed out of French social and political life — and to what extent — is the subject of this book.,,,medium,B5:landmarks,,1.9227
LM00151,Fintech for Financial Inclusion: A Framework for Digital Financial Transformation,2018,Douglas W. Arner; Ross P. Buckley; Dirk Andreas Zetzsche,SSRN Electronic Journal,preprint,10.2139/ssrn.3245287,W2904942818,https://doi.org/10.2139/ssrn.3245287,https://doi.org/10.2139/ssrn.3245287,110,B,B5,,,Not place-specific,,,,unclear,Y,,,,,low,B5:landmarks,,
LM00152,Identifying Citizens: ID Cards as Surveillance,2009,David Lyon,,article,,W567840274,http://bvbr.bib-bvb.de:8991/F?func=service&amp;doc_library=BVB01&amp;local_base=BVB01&amp;doc_number=017734014&amp;sequence=000002&amp;line_number=0001&amp;func_code=DB_RECORDS&amp;service_type=MEDIA,,108,B,B5,,,Not place-specific,,,,unclear,Y,,"auto: In this book, David Lyon argues that such IDs represent a fresh phase in the long-term attempts of modern states to find stable ways of identifying citizens.",,,high,B5:landmarks,,36.8201
LM00153,Datafying anti-poverty programmes: implications for data justice,2019,Silvia Masiero; Soumyo Das,Information Communication & Society,article,10.1080/1369118x.2019.1575448,W2946326213,https://doi.org/10.1080/1369118x.2019.1575448,https://www.tandfonline.com/doi/pdf/10.1080/1369118X.2019.1575448?needAccess=true,101,B,B5,,India,South Asia,Y,,,qualitative,Y,,"auto: This paper seeks to illuminate the significance of datafication for anti-poverty programmes, meaning social protection schemes designed specifically for poor people.",,,high,B5:landmarks,,27.653
LM00154,Municipal ID Cards for Undocumented Immigrants,2014,Els de Graauw,Politics & Society,article,10.1177/0032329214543256,W2152036754,https://doi.org/10.1177/0032329214543256,,100,B,B5,,San Francisco,Global North,,,,qualitative,Y,,auto: This article examines the municipal ID card programs in New Haven and San Francisco.,,,high,B5:landmarks,,15.1722
LM00155,The Privacy Advocates,2008,Colin J. Bennett,The MIT Press eBooks,book,10.7551/mitpress/7855.001.0001,W4248279805,https://doi.org/10.7551/mitpress/7855.001.0001,,99,B,B5,,,Not place-specific,,,,qualitative,Y,,"auto: An analysis of the people and groups who have emerged to challenge the increasingly intrusive ways personal information is captured, processed, and disseminated.",,,medium,B5:landmarks,,9.572
LM00156,The birth of biometric security,2009,Mark Maguire,Anthropology Today,article,10.1111/j.1467-8322.2009.00654.x,W2056981813,https://doi.org/10.1111/j.1467-8322.2009.00654.x,,98,B,B5,,,Not place-specific,,,,unclear,Y,,auto: We are currently witnessing a rapid rise in biometric security.,,,high,B5:landmarks,,2.6819
LM00157,"Security, Risk and the Biometric State",2010,Benjamin Müller,Routledge eBooks,book,10.4324/9780203858042,W4239453362,https://doi.org/10.4324/9780203858042,,97,B,B5,,Canada; Ireland,Global North,,,,conceptual,Y,,auto: This book examines a series of questions associated with the increasing application and implications of biometrics in contemporary everyday life.,,,high,B5:landmarks,,0.84
LM00158,Give Me a Database and I Will Raise the Nation-State,2019,Ranjit Singh,South Asia Journal of South Asian Studies,article,10.1080/00856401.2019.1602810,W2955090878,https://doi.org/10.1080/00856401.2019.1602810,,94,B,B5,,India,South Asia,Y,,,qualitative,Y,,"auto: This paper draws on an ethnographic study of Aadhaar, India’s biometrics-based national identification infrastructure, to investigate how members of its design team conceptualised and understood their techno-bureaucratic enterprise of assigning unique numbers to Indian residents.",,,high,B5:landmarks,,39.7502
LM00159,Realizing digital identity in government: Prioritizing design and implementation objectives for Aadhaar in India,2019,Umar Bashir Mir; Arpan Kumar Kar; Yogesh Kumar Dwivedi; M.P. Gupta; R.S. Sharma,Government Information Quarterly,article,10.1016/j.giq.2019.101442,W2998300106,https://doi.org/10.1016/j.giq.2019.101442,,94,B,B5,,India,South Asia,Y,,,unclear,Y,,,,,low,B5:india; B5:landmarks,,60.6714
LM00160,The Identity Challenge in Finance: From Analogue Identity to Digitized Identification to Digital KYC Utilities,2019,Douglas W. Arner; Dirk Andreas Zetzsche; Ross P. Buckley; Janos Nathan Barberis,European Business Organization Law Review,article,10.1007/s40804-019-00135-1,W3121307771,https://doi.org/10.1007/s40804-019-00135-1,https://doi.org/10.2139/ssrn.3224115,93,B,B5,,,Not place-specific,,,,unclear,Y,,,,,low,B5:landmarks,,16.6553
LM00161,The Ayushman Bharat Digital Mission (ABDM): making of India’s Digital Health Story,2023,R. S. Sharma; Aishwarya Rohatgi; Sandeep K Jain; Dilip Singh,CSI Transactions on ICT,article,10.1007/s40012-023-00375-0,W4362466505,https://doi.org/10.1007/s40012-023-00375-0,https://link.springer.com/content/pdf/10.1007/s40012-023-00375-0.pdf,93,B,B5,,India,South Asia,Y,,,conceptual,Y,Y,"auto: The purpose of this mission is to establish a national digital health ecosystem that is integrated, effective and inclusive.",,,medium,B5:landmarks,,29.9159
LM00162,Data protection regulation,2021,Malavika Raghavan,Routledge eBooks,book-chapter,10.4324/9781003093442-11,W3207344912,https://doi.org/10.4324/9781003093442-11,,88,B,B5,,European; India; United States,Multi-region,Y,,,conceptual,Y,,"auto: This chapter undertakes a comparison of the approach to data protection across India, the US and the EU.",,,medium,B5:landmarks,,126.8739
LM00163,India’s Aadhaar scheme and the promise of inclusive social protection,2017,Amiya Bhatia; Jacqueline Bhabha,Oxford Development Studies,article,10.1080/13600818.2016.1263726,W2568118306,https://doi.org/10.1080/13600818.2016.1263726,,85,B,B5,,India,South Asia,Y,,,unclear,Y,,"auto: This paper examines the promise of inclusive social protection central to India’s Aadhaar scheme, a national initiative using biometric information to allocate unique identification numbers to Indian residents.","auto: Aadhaar has reached over one billion people and promises to expand access to basic identification, improve enrolment in social protection and financial inclusion schemes, curb leakages, reduce corruption and address other gaps in India’s social protection architecture.",,high,B5:india; B5:landmarks,,16.8894
LM00164,The ‘Social’ De-Duplicated: On the Aadhaar Platform and the Engineering of Service,2019,Lawrence Cohen,South Asia Journal of South Asian Studies,article,10.1080/00856401.2019.1593597,W2944888592,https://doi.org/10.1080/00856401.2019.1593597,,84,B,B5,,India,South Asia,Y,,,unclear,Y,,"auto: India’s programme for biometric registration, Aadhaar, is organised through engineering concept work that depends upon three distinctive claims for the ‘social’ as human condition: (1) the social as ‘socialism’, the failed premise of Nehruvian decolonisation understood to have placed the poor int…",,,high,B5:landmarks,,37.6581
LM00165,Privacy features of European eID card specifications,2008,Ingo Naumann; Giles Hogben,Network Security,article,10.1016/s1353-4858(08)70097-7,W2000641258,https://doi.org/10.1016/s1353-4858(08)70097-7,,82,B,B5,,Austria; Belgium; Estonia; Europe; European; Finland; France; Germany; Italy; Netherlands; Spain; Sweden; United Kingdom,Global North,,,,unclear,Y,,"auto: Following the introduction of ICAO-compliant electronic passports, electronic national identity cards are now being planned and deployed on a large scale in Europe as well as worldwide.",,,high,B5:landmarks,,9.3004
LM00166,"BIOMETRICS, IDENTIFICATION AND SURVEILLANCE",2008,David Lyon,Bioethics,article,10.1111/j.1467-8519.2008.00697.x,W2048771990,https://doi.org/10.1111/j.1467-8519.2008.00697.x,,82,B,B5,,,Not place-specific,,,,conceptual,Y,,"auto: Governing by identity describes the emerging regime of a globalizing, mobile world.",,,high,B5:landmarks,,5.5232
LM00167,Online voting system for India based on AADHAAR ID,2013,Himanshu Agarwal; G. N. Pandey,International Conference on ICT and Knowledge Engineering,conference-paper,10.1109/ictke.2013.6756265,W2542232302,https://doi.org/10.1109/ictke.2013.6756265,,78,B,B5,,India,South Asia,Y,,,quantitative,Y,,auto: An online voting system for Indian election is proposed for the first time in this paper.,,,high,B5:landmarks,,0.8619
LM00168,Electronic identity management in Estonia between market and state governance,2010,Tarvi Martens,Identity in the Information Society,article,10.1007/s12394-010-0044-0,W1969638554,https://doi.org/10.1007/s12394-010-0044-0,https://link.springer.com/content/pdf/10.1007/s12394-010-0044-0.pdf,76,B,B5,,Austria; Belgium; Estonia; European; Germany; Spain,Global North,,,,conceptual,Y,,auto: The present paper summarizes the development of the national electronic Identity Management System (eIDMS) in Estonia according to a conceptual framework developed in an European comparative research project outlined in the first chapter of this special issue.,,,high,B5:landmarks,,14.6176
LM00169,Hacking the Cis-tem,2019,Mar Hicks,IEEE Annals of the History of Computing,article,10.1109/mahc.2019.2897667,W2912673594,https://doi.org/10.1109/mahc.2019.2897667,,76,B,B5,,United Kingdom,Global North,,,,qualitative,Y,,"auto: This paper looks at the case of transgender Britons who tried to correct the gender listed on their government-issued ID cards, but ran up against the British government's increasingly computerized methods for tracking, identifying, and defining citizens.",,,medium,B5:landmarks,,12.9885
LM00170,Advancing E-governance for development: Digital identification and its link to socioeconomic inclusion,2021,Atta Addo; Prince Kwame Senyo,Government Information Quarterly,article,10.1016/j.giq.2021.101568,W3121489355,https://doi.org/10.1016/j.giq.2021.101568,,76,B,B5,,,Not place-specific,,,,unclear,Y,,,,,low,B5:landmarks,,36.0794
LM00171,Automated Muzzle Detection and Biometric Identification via Few-Shot Deep Transfer Learning of Mixed Breed Cattle,2021,Ali Shojaeipour; Greg Falzon; Paul Kwan; Nooshin Hadavi; Frances C. Cowley; David Paúl,Agronomy,article,10.3390/agronomy11112365,W3216213780,https://doi.org/10.3390/agronomy11112365,https://www.mdpi.com/2073-4395/11/11/2365/pdf?version=1637746743,75,B,B5,,,Not place-specific,,,,quantitative,Y,,auto: The objective of this study was to investigate and address key limitations to the autonomous biometric identification of cattle.,"auto: The objective of this study was to investigate and address key limitations to the autonomous biometric identification of cattle. | The contributions of this work are fourfold: (1) provision of a large publicly-available dataset of cattle face images (300 individual cattle) to facilitate further research in this field, (2) development of a two-stage YOLOv3-ResNet50 algorithm that first detects and extracts the cattle muzzle region in images and then applies deep transfer learning for biometric…",,high,B5:landmarks,,5.8272
LM00172,"Security, Risk and the Biometric State: Governing Borders and Bodies",2010,Benjamin Müller,,other,,W1481199963,https://ebookcentral.proquest.com/lib/munchentech/detail.action?docID=484781,,75,B,B5,,Canada; Ireland,Global North,,,,conceptual,Y,,auto: This book examines a series of questions associated with the increasing application and implications of biometrics in contemporary everyday life.,,,high,B5:landmarks,,
LM00173,"“Money Is Your Government”: Refugees, Mobility, and Unstable Documents in Kenya’s Operation Usalama Watch",2016,Sophia Balakian,African Studies Review,article,10.1017/asr.2016.36,W2508086296,https://doi.org/10.1017/asr.2016.36,,74,B,B5,,Kenya; Nairobi,Africa,,,,conceptual,Y,,"auto: Abstract: During a 2014 security operation in Kenya known as Operation Usalama Watch, Somali refugees spoke of money as their only valid ID, knowing that only cash, in contrast to identity documents, would be accepted by police and military.",,,medium,B5:landmarks,,8.5761
LM00174,"Fixing State Vision: Interoperability, Biometrics, and Identity Management in the EU",2020,Matthias Leese,Geopolitics,article,10.1080/14650045.2020.1830764,W3095849054,https://doi.org/10.1080/14650045.2020.1830764,https://doi.org/10.5167/uzh-434037,72,B,B5,,European,Global North,,,,unclear,Y,,"auto: Building on Scott’s notion of identity as a key concept in early modern statehood, this paper historically contextualises and analyses the current political re-problematisation of identity in the EU.",,,high,B5:landmarks,,25.2496
LM00175,"Uneven Borders, Coloured (Im)mobilities: ID Cards in Palestine/Israel",2012,Helga Tawil‐Souri,Geopolitics,article,10.1080/14650045.2011.562944,W2080485807,https://doi.org/10.1080/14650045.2011.562944,,71,B,B5,,Israel; Jerusalem; Palestine,Middle East,,,,unclear,Y,,"auto: The Israeli state apparatus mandates differentiated IDs to Palestinian citizens of Israel, Palestinian non-citizens in East Jerusalem, Palestinians in the West Bank and Gaza.",,,high,B5:landmarks,,3.1466
LM00176,Aiding Surveillance: An Exploration of How Development and Humanitarian Aid Initiatives are Enabling Surveillance in Developing Countries,2013,Gus Hosein; Carly Nyst,SSRN Electronic Journal,preprint,10.2139/ssrn.2326229,W1574475636,https://doi.org/10.2139/ssrn.2326229,https://doi.org/10.2139/ssrn.2326229,71,B,B5,,,Not place-specific,,,,unclear,Y,,,,,low,B5:landmarks,,
LM00177,Impact of Aadhaar in Welfare Programmes,2017,Reetika Khera,SSRN Electronic Journal,preprint,10.2139/ssrn.3045235,W2771451103,https://doi.org/10.2139/ssrn.3045235,https://doi.org/10.2139/ssrn.3045235,66,B,B5,,,Not place-specific,,,,unclear,,,,,,low,B5:india,,
LM00178,Seeing Like an Infrastructure: Low-resolution Citizens and the Aadhaar Identification Project,2021,Ranjit Singh; Steven J. Jackson,Proceedings of the ACM on Human-Computer Interaction,article,10.1145/3476056,W3207819680,https://doi.org/10.1145/3476056,https://dl.acm.org/doi/pdf/10.1145/3476056,56,B,B5,,India,South Asia,Y,,,qualitative,,,"auto: Drawing on eighteen months of ethnographic fieldwork into Aadhaar, India's biometrics-based identification project, and studies of infrastructure, marginalization, and citizenship in CSCW and allied fields, we argue that this perspective provides crucial insight into the strategies and mechanisms…",,,high,B5:india,,21.8155
LM00179,"The Unique Identity (UID) Project, Biometrics and Re-Imagining Governance in India",2014,Swagato Sarkar,Oxford Development Studies,article,10.1080/13600818.2014.924493,W1972431889,https://doi.org/10.1080/13600818.2014.924493,,54,B,B5,,India,South Asia,Y,,,conceptual,,,auto: This paper seeks to understand what is at stake politically in this technological intervention.,,,high,B5:india,,13.068
LM00180,Stacking up the Benefits: Lessons from India’s Digital Journey,2023,Cristian Alonso; Tanuj Bhojwani; Emine Hanedar; Dinar Prihardini; Gerardo Uña; Kateryna Zhabska,IMF Working Paper,article,10.5089/9798400240416.001,W4365813954,https://doi.org/10.5089/9798400240416.001,https://www.elibrary.imf.org/downloadpdf/journals/001/2023/078/001.2023.issue-078-en.xml,52,B,B5,,India,South Asia,Y,,,unclear,,Y,"auto: Foundational digital public infrastructure (DPI), consisting of unique digital identification, payments system and data exchange layer has the potential to support the transformation of the economy and support inclusive growth.","auto: India’s foundational DPI, called India Stack, has been harnessed to foster innovation and competition, expand markets, close gaps in financial inclusion, boost government revenue collection and improve public expenditure efficiency.",,high,B5:india; B5:recent,,54.0378
LM00181,Aadhaar and data privacy: biometric identification and anxieties of recognition in India,2019,Pawan Singh,Information Communication & Society,article,10.1080/1369118x.2019.1668459,W2979994823,https://doi.org/10.1080/1369118x.2019.1668459,,48,B,B5,,India,South Asia,Y,,,qualitative,,,"auto: Given the disproportionate burden on these populations to prove their identities to the state, this paper draws on a close reading of legal and policy texts, and activist documentation to argue that there is a need to move beyond the narrative of mass surveillance as privacy violation.",,,high,B5:india,,6.0372
LM00182,India stack---digital infrastructure as public good,2019,Vivek Raghavan; Sanjay Jain; P. Satya Shekar Varma,Communications of the ACM,article,10.1145/3355625,W2981899549,https://doi.org/10.1145/3355625,,48,B,B5,,Bangalore; India,South Asia,Y,,,unclear,,,"auto: research-article Share on India stack---digital infrastructure as public good Authors: Vivek Raghavan UIDAI, Bangalore, India UIDAI, Bangalore, IndiaView Profile , Sanjay Jain IIMA, Bangalore, India IIMA, Bangalore, IndiaView Profile , Pramod Varma UIDAI, Bangalore, India UIDAI, Bangalore, IndiaV…",,,high,B5:india,,2.2018
LM00183,“Governtrepreneurism” for good governance: The case of Aadhaar and the India Stack,2019,Kavita Dattani,Area,article,10.1111/area.12579,W2971834657,https://doi.org/10.1111/area.12579,https://doi.org/10.1111/area.12579,40,B,B5,,European; India,Multi-region,Y,,,qualitative,,,"auto: This paper uses this case to explore how the in‐sourcing of technology into means of governing, behind a front of participatory “good governance,” is contributing to the historical trajectory of citizenship regimes in India.",,,high,B5:india,,17.783
LM00184,"Digital identity, datafication and social justice: understanding Aadhaar use among informal workers in south India",2020,Shyam Krishna,Information Technology for Development,article,10.1080/02681102.2020.1818544,W3094080533,https://doi.org/10.1080/02681102.2020.1818544,,35,B,B5,,India,South Asia,Y,,,qualitative,,,"auto: Aadhaar, India's national biometric digital identity program aims to provide 12-digit number for every Indian resident.",,,high,B5:india,,5.5861
LM00185,Wallet wars or digital public infrastructure? Orchestrating a digital identity data ecosystem from a government perspective,2024,Konrad Degen; Timm Teubner,Electronic Markets,article,10.1007/s12525-024-00731-1,W4403108657,https://doi.org/10.1007/s12525-024-00731-1,https://link.springer.com/content/pdf/10.1007/s12525-024-00731-1.pdf,28,B,B5,,European,Global North,,,,qualitative,,Y,"auto: Abstract With the eIDAS 2.0 legislation, the European Union seeks to establish a digital identity data ecosystem and to empower citizens to manage digital credentials from various sources through an ID wallet interface.","auto: While IS research has explored private-sector governance mechanisms in platform and data ecosystems, a research gap exists in understanding public–private orchestration where governments act as orchestrators.",,high,B5:recent,,10.0911
LM00186,"Population Meets Database: Aligning Personal, Documentary and Digital Identity in Aadhaar-Enabled India",2019,Ursula Rao,South Asia Journal of South Asian Studies,article,10.1080/00856401.2019.1594065,W2946412855,https://doi.org/10.1080/00856401.2019.1594065,,27,B,B5,,India,South Asia,Y,,,conceptual,,,auto: This article traces the processes of making identities in digital India.,,,high,B5:india,,17.783
LM00187,Biometric Infrastructures and the Indian Public Distribution System,2020,Silvia Masiero,South Asia Multidisciplinary Academic Journal,article,10.4000/samaj.6459,W3085619039,https://doi.org/10.4000/samaj.6459,http://journals.openedition.org/samaj/pdf/6459,27,B,B5,,India; Karnataka; Kerala; South Asia,South Asia,Y,,,conceptual,,,"auto: This paper reflects on the author’s nine-year research on the transformation of India’s Public Distribution System (PDS) enacted through digital technologies first and, more recently, through Aadhaar’s biometric infrastructure.",,,high,B5:india,,19.1549
LM00188,Aadhaar in a Box? Legitimizing Digital Identity in Times of Crisis,2021,Aaron Martin,Surveillance & Society,article,10.24908/ss.v19i1.14547,W3134944164,https://doi.org/10.24908/ss.v19i1.14547,https://ojs.library.queensu.ca/index.php/surveillance-and-society/article/download/14547/9537,23,B,B5,,India,South Asia,Y,,,conceptual,,,"auto: Without evaluating the merits of claims about the capacity of digital identity systems to address the various challenges posed by COVID-19, in this paper I instead make a theoretical observation before raising a policy concern.",,,medium,B5:india,,5.5549
LM00189,Technologies of Disintermediation in a Mediated State: Civil Society Organisations and India’s Aadhaar Project,2019,Parul Baxi,South Asia Journal of South Asian Studies,article,10.1080/00856401.2019.1602808,W2945288081,https://doi.org/10.1080/00856401.2019.1602808,,20,B,B5,,Ahmedabad; Delhi; India; Mumbai,South Asia,Y,Y,,qualitative,,,"auto: Drawing upon eighteen months of fieldwork in Mumbai, Ahmedabad and Delhi, this paper traces the nature of state and civil society engagement with Aadhaar.",,,high,B5:india,,9.4145
LM00190,"Grappling with Aadhaar: Biometrics, Social Identity and the Indian State",2020,Silvia Masiero; S. Shakthi,South Asia Multidisciplinary Academic Journal,article,10.4000/samaj.6279,W3084791339,https://doi.org/10.4000/samaj.6279,http://journals.openedition.org/samaj/pdf/6279,20,B,B5,,India,South Asia,Y,,,unclear,,,auto: The Aadhaar program has been among the most defining socio-political projects of the Indian state over the last decade.,,,high,B5:india,,1.2793
LM00191,"‘Without an Aadhaar card nothing could be done’: a mixed methods study of biometric identification and birth registration for children in Varanasi, India",2020,Amiya Bhatia; Elizabeth Donger; Jacqueline Bhabha,Information Technology for Development,article,10.1080/02681102.2020.1840325,W3109664060,https://doi.org/10.1080/02681102.2020.1840325,,19,B,B5,,India; Varanasi,South Asia,Y,,,mixed,,,auto: Research on the global growth of digital identification programs has been largely silent on the implications for children and on birth registration.,,,high,B5:india,,7.8361
LM00192,Explaining trust in large biometric infrastructures: A critical realist case study of India's Aadhaar project,2018,Silvia Masiero,The Electronic Journal of Information Systems in Developing Countries,article,10.1002/isd2.12053,W2894173933,https://doi.org/10.1002/isd2.12053,https://onlinelibrary.wiley.com/doi/pdfdirect/10.1002/isd2.12053,18,B,B5,,India,South Asia,Y,,,qualitative,,,auto: A core argument of this paper is that a critical realist ontology offers intellectual tools that can ground the formulation of causal theory in ICT4D.,,,high,B5:india,,9.8515
LM00193,Digital Identity and Exclusion in Welfare,2020,Hartej Singh Hundal; Bidisha Chaudhuri,International Conference on Information and Communication Technologies and Development (ICTD),conference-paper,10.1145/3392561.3397583,W3036785804,https://doi.org/10.1145/3392561.3397583,,11,B,B5,,Andhra Pradesh; India; Karnataka,South Asia,Y,,,qualitative,,,"auto: In this note, we explore the relationship between digital biometric ID systems and social exclusion by understanding the user of experiences of the Public Distribution System(PDS) in India.",,,high,B5:india,,6.0012
LM00194,Digital Public Services: The Development of Biometric Authentication in India,2022,Ashwin Nair; Burak Eskici,Springer eBooks,book-chapter,10.1007/978-3-030-86065-3_20,W4295007358,https://doi.org/10.1007/978-3-030-86065-3_20,https://link.springer.com/content/pdf/10.1007/978-3-030-86065-3_20.pdf,6,B,B5,,Andhra Pradesh; India; Jharkhand,South Asia,Y,,,quantitative,,Y,"auto: In this chapter, we highlight the role that biometric authentication can play in delivering payments and subsidized food to the poor.",,,high,B5:india; B5:recent,,2.6653
LM00195,Decoding the Indian data governance model: Relooking at Aadhaar,2025,Anjana Sasi,Social Sciences & Humanities Open,article,10.1016/j.ssaho.2025.101408,W4408462960,https://doi.org/10.1016/j.ssaho.2025.101408,https://doi.org/10.1016/j.ssaho.2025.101408,6,B,B5,,Brazil; Estonia; India,Multi-region,Y,,,conceptual,,Y,auto: This article identifies that the Aadhaar India's Biometric Identity system may have been vital in evolving India's Digital Public Infrastructure and dictating India's evolving model of data governance.,"auto: The study addresses critical research gaps in the current academic literature, such as the lack of a detailed examination of the Aadhaar project, India's biometric identity project as steering the course of India's data governance model and its implications for India's data strategy in terms of sovereignty.",,medium,B5:india; B5:recent,W4404738986,41.5834
LM00196,Digital Identity in India,2021,Bhagwan Chowdhry; Amit Goyal; Syed Anas Ahmed,Springer eBooks,book-chapter,10.1007/978-3-030-65117-6_30,W3201984000,https://doi.org/10.1007/978-3-030-65117-6_30,,5,B,B5,,India,South Asia,Y,,,unclear,,,,,,low,B5:india,,7.2718
LM00197,Digital public infrastructure as a driver of financial inclusion in India,2025,Komal Chopra; Neeru Sidana; Rochna Arora,Discover Sustainability,article,10.1007/s43621-025-02507-9,W7117454912,https://doi.org/10.1007/s43621-025-02507-9,https://doi.org/10.1007/s43621-025-02507-9,5,B,B5,,India,South Asia,Y,,,conceptual,,Y,"auto: In this paper, the authors probe the capacities of two pillars of DPI, namely digital identity and digital payments, in promoting this inclusion and in a sustainable and scalable fashion.",,,high,B5:india; B5:recent,,5.2352
LM00198,Indirect Discrimination: Huduma Namba (Digital Identification) and the Plight of the Nubian Community in Kenya,2022,Natalie Kiilu,Strathmore Law Review,article,10.52907/slr.v7i1.188,W4307629470,https://doi.org/10.52907/slr.v7i1.188,https://journal.strathmore.edu/index.php/lawreview/article/download/188/179,2,B,B5,,Kenya,Africa,,,,conceptual,,Y,"auto: Consequently, this paper argues that the mandatory operationalisation of the Huduma Namba system in Kenya will constitute indirect discrimination against the Nubian community.",,,medium,B5:recent,W4414749976,1.5485
LM00199,"The digital delivery of welfare services in India: Achievements, anomalies and lessons learnt",2023,Aishwarya Sivaramakrishnan; Sony Pellissery,Edward Elgar Publishing eBooks,book-chapter,10.4337/9781800378421.00044,W4386951108,https://doi.org/10.4337/9781800378421.00044,,2,B,B5,,India,South Asia,Y,,,conceptual,,Y,"auto: This chapter appraises the achievements, identifies fresh challenges and provides pointers for future action.",,,medium,B5:india; B5:recent,,2.5287
LM00200,Citizenship in India: Parsing the Complexity of Digital Identity Systems,2024,Vidya K. Subramanian,Science Technology and Society,article,10.1177/09717218241281940,W4403510403,https://doi.org/10.1177/09717218241281940,,2,B,B5,,India,South Asia,Y,,,unclear,,Y,auto: The biometric identity project in India called Aadhaar was established with the purported intent of giving every resident of India a unique ID to ensure that social security measures and other welfare mechanisms would reach the last mile.,,,high,B5:india; B5:recent,,3.4438
LM00201,Scalable Digital Solutions from India’s Aadhaar and UPI Frameworks,2025,Murali Krishna Pasupuleti,International Journal of Academic and Industrial Research Innovations(IJAIRI),article,10.62311/nesx/rp2325,W4409623556,https://doi.org/10.62311/nesx/rp2325,https://www.nationaleducationservices.org/file-download/1384163/Download Full-Text Research Paper  PDF Pp 278-287_Signed.pdf,2,B,B5,,India,South Asia,Y,,,qualitative,,Y,"auto: This research paper examines the architectural design, operational dynamics, and socio-economic impact of these systems, emphasizing their role in promoting financial inclusion, digital governance, and economic resilience.",,,high,B5:recent,,8.4268
LM00202,Biometric IDs and the remaking of the Indian (welfare) state,2019,Ursula Rao,RePEc: Research Papers in Economics,article,,W3089366762,https://www.econstor.eu/bitstream/10419/223108/1/Econsoc-NL-21-1-03.pdf,http://hdl.handle.net/10419/223108,2,B,B5,,India,South Asia,Y,,,unclear,,,"auto: Across the globe, India's new digital identification system is celebrated as a brave attempt to revolutionise identification procedures.",,,medium,B5:india,,2.0921
LM00203,Marginalized Aadhaar: How the World’s Largest Digital Identification Programme Led to the Exclusion of Marginalized Communities,2022,Subhashish Panigrahi,SSRN Electronic Journal,preprint,10.2139/ssrn.3971724,W4404558200,https://doi.org/10.2139/ssrn.3971724,https://doi.org/10.2139/ssrn.3971724,2,B,B5,,,Not place-specific,,,,unclear,,,,,,low,B5:recent,,
LM00204,"HyperVerge, Aadhaar, and Surveillance Capitalism in India",2025,Haakon Huynh,SSRN Electronic Journal,preprint,10.2139/ssrn.5285721,W4411259158,https://doi.org/10.2139/ssrn.5285721,https://doi.org/10.2139/ssrn.5285721,2,B,B5,,India,South Asia,Y,,,unclear,,,,,,low,B5:india; B5:recent,,
LM00205,India: Unique Identification Authority,2016,Sonalika Chaturvedi; Hariharan Sriram,Springer eBooks,book-chapter,10.1007/978-3-319-38795-6_8,W2551389452,https://doi.org/10.1007/978-3-319-38795-6_8,,1,B,B5,,India,South Asia,Y,,,unclear,,,,,,low,B5:india,,0.0
LM00206,Sinking Under Its Own Weight: Case of Aadhaar Mediated Entitlements in India,2019,Arunima Sehgal Mukherjee; Sundeep Sahay,IFIP advances in information and communication technology,conference-paper,10.1007/978-3-030-18400-1_39,W2940830251,https://doi.org/10.1007/978-3-030-18400-1_39,https://inria.hal.science/hal-02285263,1,B,B5,,India,South Asia,Y,,,unclear,,,,,,low,B5:india,,1.7495
LM00207,Biometric Turn and the Quest of Public Interest. Assessing the National Identification Policy in Cameroon,2023,Alphonse Bernard Amougou Mbarga; Raoul Tamekou Tsowa,Springer eBooks,book-chapter,10.1007/978-3-031-18704-9_5,W4385413873,https://doi.org/10.1007/978-3-031-18704-9_5,,1,B,B5,,Cameroon,Africa,,,,unclear,,,,,,low,B5:recent,,0.8436
LM00208,Debunking the Idea of a Single (Digital) Identifier: The Case of Identification Documents for Transgender Persons in India,2024,K. Brindaalakshmi,Journal of Development Policy and Practice,article,10.1177/24551333241247673,W4396897636,https://doi.org/10.1177/24551333241247673,https://journals.sagepub.com/doi/pdf/10.1177/24551333241247673?download=true,1,B,B5,,India,South Asia,Y,,,qualitative,,,"auto: This essay presents a comparative analysis of the challenges faced by transgender persons before and after the passing of the Transgender Persons (Protection of Rights) Act 2019 in India, a digital welfare state.",,,high,B5:recent,,0.496
LM00209,"Digital ID as a governance game-changer in African democracies: A comparative analysis of Ghana, Nigeria, and India",2025,Simon Suwanzy Dzreke; Semefa Elikplim Dzreke; Evans Dzreke; Franklin Manasey Dzreke,Advanced Research Journal,article,10.71350/3062192579,W4412572483,https://doi.org/10.71350/3062192579,https://ar-journal.com/index.php/pub/article/download/79/41,1,B,B5,,Africa; African; Ghana; India; Kenya; Nigeria; Rwanda,Multi-region,Y,,,qualitative,,Y,"auto: This paper challenges deterministic narratives of technological progress by examining how digital ID systems function as institutional mirrors, amplifying both the strengths and weaknesses of the governance ecosystems into which they are introduced.",,,high,B5:recent,,4.2134
LM00210,"Power, panopticism and surveillance: A panoptic perspective on aadhaar",2014,Basil B. Mathew,ZENITH International Journal of Multidisciplinary Research,article,,W2269673929,http://www.directory.indianjournals.com/ijor.aspx?target=ijor:zijmr&volume=4&issue=7&article=012&type=pdf,,1,B,B5,,Australia; Canada; China; India; Philippines; United Kingdom,Multi-region,Y,,,conceptual,,,"auto: This paper attempts to summarize the Power, Panopticism and Surveillance and the controversial Aadhaar project.",,,high,B5:india,,0.0
LM00211,"Digital Public Infrastructure and Digital Financial Services: Convergence, Landscape and Regulatory Considerations",2026,Pavle Avramovic; Sanya Juneja; Krishnamurthy Suresh; Bryan Zheng Zhang,SSRN Electronic Journal,preprint,10.2139/ssrn.6147566,W7126063301,https://doi.org/10.2139/ssrn.6147566,https://doi.org/10.2139/ssrn.6147566,1,B,B5,,,Not place-specific,,,,unclear,,,,,,low,B5:recent,,
LM00212,Identification for Development (ID4D): Diagnostic of ID Systems in Cameroon,2024,World Bank,"World Bank, Washington, DC eBooks",book,10.1596/40953,W4391187801,https://doi.org/10.1596/40953,http://documents.worldbank.org/curated/en/099012224014015727/P17954719e30e500182e514e59efb88249,0,B,B5,,Cameroon,Africa,,,,unclear,,,auto: An estimated 7.5 million Cameroonians—about one in three people in the country—do not have an official proof of identity such as a birth certificate or national ID card.,"auto: Women, people in rural areas, young people aged 18-24, people among the poorest 40 percent of the population, and internally displaced persons (IDPs) disproportionately suffer due to the lack of identity documents.",,high,B5:recent,,0.0
LM00213,Infrastructures of excess: Politics of biometric and data-based citizenship in Pakistan’s cash transfers program,2025,Ali Mohsin,Flux,article,10.3917/flux1.139.0081,W4412203698,https://doi.org/10.3917/flux1.139.0081,https://shs.cairn.info/article/FLUX1_139_0081/pdf?lang=fr,0,B,B5,,Lahore; Pakistan,South Asia,,,,qualitative,,,auto: Quels types de subjectivités politiques sont produites par les régimes de protection sociale basés sur le numérique et les données ?,,,high,B5:recent,,0.0
LM00214,India’s digital public infrastructure: Analyzing UPI and Aadhaar in GDP growth and cost optimization,2025,Aniket Thukral; Lakshit Dagar,Journal of Emerging Investigators,article,10.59720/25-046,W4415011675,https://doi.org/10.59720/25-046,https://emerginginvestigators.org/articles/25-046/pdf,0,B,B5,,India,South Asia,Y,,,quantitative,,,"auto: This study quantifies their macroeconomic impact, hypothesizing that UPI contributes to Gross Domestic Product (GDP) growth primarily through reduced transaction costs, while Aadhaar supports GDP growth through Direct Benefit Transfer (DBT) efficiencies.",,,high,B5:recent,,0.0
LM00215,Digital Public Infrastructure as a Driver of Innovation: Global Lessons from the India Stack Experience,2026,Aswathi Mary Varghese; K. Jisha,Lecture notes in networks and systems,conference-paper,10.1007/978-3-032-12996-3_27,W7117969054,https://doi.org/10.1007/978-3-032-12996-3_27,,0,B,B5,,India,South Asia,Y,,,unclear,,,,,,low,B5:india; B5:recent,,0.0
LM00216,The Architecture of Influence: India’s Digital Public Infrastructure and Its Significance,2026,Abhay Singh,International Journal For Multidisciplinary Research,article,10.36948/ijfmr.2026.v08i01.68524,W7128688752,https://doi.org/10.36948/ijfmr.2026.v08i01.68524,https://www.ijfmr.com/papers/2026/1/68524.pdf,0,B,B5,,China; India,Multi-region,Y,,,conceptual,,,"auto: Digital Public Infrastructure (DPI) stands as one of the most transformative innovations of the twenty-first century,fundamentally reshaping governance,service delivery,financial inclusion and digital identity systems.India has developed the world’s largest DPI ecosystem,comprising key components…",,,high,B5:recent,,0.0
LM00217,Digital innovation in welfare delivery: a qualitative case study-based assessment of Aadhaar-based automation and rural exclusion in India,2026,Gargee Sarkar,CRC Press eBooks,book-chapter,10.1201/9781003773504-117,W7129387030,https://doi.org/10.1201/9781003773504-117,,0,B,B5,,India,South Asia,Y,,,qualitative,,,auto: This paper conducts a qualitative assessment of Aadhaar-enabled welfare automation and its impacts.,"auto: Integration of digital automation has highlighted gaps in welfare delivery, particularly in rural areas.",,high,B5:india; B5:recent,,0.0
LM00218,TRUST: DUAL-FALLBACK BIOMETRIC AUTHENTICATION FOR INCLUSIVE WELFARE DELIVERY IN INDIA'S PUBLIC DISTRIBUTION SYSTEM,2026,Balakiruba J; Vimal P B N; Santhiya A; Shiba Sri R; Mohamed Saheem Sees Cheloor Panichiyal,International Journal of Scientific Research,article,10.36106/ijsr/5217251,W7161638914,https://doi.org/10.36106/ijsr/5217251,https://doi.org/10.36106/ijsr/5217251,0,B,B5,,,Not place-specific,,,,unclear,,,,,,low,B5:recent,,0.0
LM00219,"Digital identity, algorithmic-administrative governance and the transformation of social policy provisioning in Ghana: a political economy analysis of digitally mediated welfare systems",2026,Michael Kpessa-Whyte,International Journal of Sociology and Social Policy,article,10.1108/ijssp-02-2026-0198,W7163350741,https://doi.org/10.1108/ijssp-02-2026-0198,,0,B,B5,,Ghana,Africa,,,,mixed,,,"auto: This paper examines how Ghana's digital identity infrastructure, anchored in the Ghana Card and progressively integrated with biometric, administrative and social programme databases, is reshaping the design and delivery of social protection.","auto: The paper examines whether AI-supported digital identification enhances targeting efficiency and inclusion or reproduces novel forms of exclusion through data gaps, biometric failures and opaque decision-making. | Research limitations/implications The analysis is constrained by scarce data on actual AI usage.",,high,B5:recent,,0.0
LM00220,ID4D Global Dataset 2025: Trends in Identification for Development,2026,S. Ansar; J.M. Clark; J.M. Wolff,"World Bank, Washington, DC eBooks",book,10.1596/45064,W7165404341,https://doi.org/10.1596/45064,http://hdl.handle.net/10986/45064,0,B,B5,,Africa,Africa,,,,quantitative,,,"auto: This paper is structured as follows: section 1 summarizes key trends in foundational ID ownership globally and across regions, including the demographic determinants of ID ownership, common barriers preventing people from obtaining IDs, and the concrete difficulties those without them face.","auto: The findings show continued progress, but large gaps remain. | Globally, an estimated 800 million people still lack proof of legal identity, with the gap heavily concentrated in low-income countries (LICs) and Sub Saharan Africa (SSA).",,high,B5:recent,,0.0
LM00221,Brokers of citizenship. Justices of the peace as intermediaries in Sierra Leone’s digital identification project,2026,Laura Lambert,Citizenship Studies,article,10.48548/pubdata-3892,W7169619394,https://doi.org/10.48548/pubdata-3892,https://doi.org/10.48548/pubdata-3892,0,B,B5,,Sierra Leone,Africa,,,,qualitative,,,"auto: Like many countries in the Global South, Sierra Leone has recently embarked on the biometric identification of its citizens and residents in the aim to achieve ‘legal identity for all’ (Sustainable Development Goal 16.9).",,,high,B5:recent,,0.0
LM00222,Dreams of a Digital India: Imaginaries of the India Stack project,2024,Manasa Jagadeesh,,dissertation,10.7302/dspace/30226,W7171831690,https://doi.org/10.7302/dspace/30226,https://doi.org/10.7302/dspace/30226,0,B,B5,,India,South Asia,Y,,,qualitative,,,auto: We examine our interview data against the government’s promotion of the project to uncover ways in which experiences on the ground align or depart from the government’s promotion of the India Stack project.,,,high,B5:recent,,
LM00223,Digital Public Infrastructure and Economic Growth: A Case Study of UPI and DBT in India,2026,Udayakumara M,International Journal For Multidisciplinary Research,article,10.36948/ijfmr.2026.v08i04.85486,W7202163507,https://doi.org/10.36948/ijfmr.2026.v08i04.85486,https://www.ijfmr.com/papers/2026/4/85486.pdf,0,B,B5,,India,South Asia,Y,,,qualitative,,,"auto: This study examines the contribution of UPI and DBT as key pillars of India’s Digital Public Infrastructure and evaluates their role in promoting economic growth, financial inclusion, governance efficiency, and institutional transformation.",,,high,B5:india; B5:recent,,0.0
LM00224,India's Digital Public Infrastructure (DPI) and Digital Sovereignty in the Global Political Economy,2025,Ajeet Kumar Sahoo; Ankit Anand,Public Affairs And Governance,article,10.5958/2321-2136.2025.00008.6,W7204131863,https://doi.org/10.5958/2321-2136.2025.00008.6,,0,B,B5,,India,South Asia,Y,,,qualitative,,,auto: This article examines DPI through debates on digital sovereignty and geoeconomics.,,,high,B5:recent,,0.0
LM00225,Digital Public Infrastructure and Inclusive Digital Transformation in Indonesia: Insights from India Stack,2026,Ryan Achmad Arianto Ekasaputra,"Advances in economics, business and management research/Advances in Economics, Business and Management Research",book-chapter,10.2991/978-94-6239-754-5_20,W7204933344,https://doi.org/10.2991/978-94-6239-754-5_20,https://doi.org/10.2991/978-94-6239-754-5_20,0,B,B5,,India; Indonesia,Multi-region,Y,,,unclear,,,,,,low,B5:recent,,0.0
LM00226,Privacy vs protection : mapping crucial challenges in implementing the ICT4D agenda in Global South - Case analysis of India's Aadhaar program,2021,Aslesha Tummalapalli,Open Research (Auckland University of Technology),dissertation,10.60644/10085,W7206209136,https://doi.org/10.60644/10085,https://doi.org/10.60644/10085,0,B,B5,,India; Milan,Multi-region,Y,,,conceptual,,,auto: A rising number of Global South countries are investing in Information and Communication Technologies to streamline their social protection delivery systems despite a dearth of evidence supporting their effectiveness in non-western contexts.,"auto: To address this crucial gap, the current master’s thesis examines the impact of the ICT4D agenda on comprehensive social protection and privacy standards in Global South, through a case analysis of India’s enormous digital identification project, Aadhaar. | Additionally, the lack of composite privacy protection and accountability mechanisms led to aggravation of data injustice for the poor.",,high,B5:india,,
LM00227,Technochange and the historical bloc: Aadhaar and the computerisation of the Indian public distribution system,2015,Silvia Masiero,London School of Economics and Political Science Research Online (London School of Economics and Political Science),conference-paper,,W2263409961,http://eprints.lse.ac.uk/63922/,,0,B,B5,,India,South Asia,Y,,,unclear,,,,,,low,B5:india,,0.0
LM00228,"India: Aadhaar Unmasked - The UID Number and Threat of exclusion, and of surveillance – South Asia Citizens Web",2020,Usha Ramanathan,,article,,W2899752787,https://www.sacw.net/article4901.html,,0,B,B5,,India; South Asia,South Asia,Y,,,unclear,,,,,,low,B5:india,,0.0
LM00229,Biometric Identification Systems for Welfare Distributions: A Case Study of Aadhaar,2020,Caroline Schauder,DigitalGeorgetown (Georgetown University Library),dissertation,,W3132295091,http://hdl.handle.net/10822/1060624,http://hdl.handle.net/10822/1060624,0,B,B5,,India; Mumbai,South Asia,Y,,,qualitative,,,"auto: This study seeks to understand how Mumbai’s urban poor perceive Aadhaar, specifically in regards to the distribution of Public Distribution System (PDS) services.",,,high,B5:india,,
LM00230,Institutional and Technology Architecture Interplay in the National Identity System of India (Aadhaar) and Implications for an Effective Privacy Regime,2018,Rekha Jain,SSRN Electronic Journal,preprint,,W3191631685,https://papers.ssrn.com/sol3/papers.cfm?abstract_id=3142075,https://papers.ssrn.com/sol3/papers.cfm?abstract_id=3142075,0,B,B5,,India,South Asia,Y,,,qualitative,,,auto: We hope that the learning from this research would contribute to the policy regarding privacy in Aadhaar.,,,high,B5:india,,
LM00231,Integrating Biometric Authentication in India's Welfare Programs: Lessons from a Decade of Reforms,,Sandip Sukhtankar; Paul Niehaus; Karthik Muralidharan,RePEc: Research Papers in Economics,article,,W7110600304,https://www.ncaer.org/image/userfiles/file/IPF2021/IPF2021Paper4.pdf,,0,B,B5,,India,South Asia,Y,,,unclear,,,"auto: India’s biometric unique ID Aadhaar has been at the forefront of the global revolution in digital identification, and India’s most significant investment in state capacity over the past decade.",,,high,B5:india,,
LM00232,What India's Digital Public Infrastructure does Not Yet do: A Comparative Policy Review of Missing Governance Layers,2026,Tanika Singh,SSRN Electronic Journal,preprint,10.2139/ssrn.6034114,W7125971017,https://doi.org/10.2139/ssrn.6034114,https://doi.org/10.2139/ssrn.6034114,0,B,B5,,India,South Asia,Y,,,unclear,,,,,,low,B5:india; B5:recent,,
LM00233,"Biopolitical Technologies of Control: Aadhaar, NRC, and the Redefinition of Citizenship and State Power in Contemporary India",2026,Sahil Mahmud,SSRN Electronic Journal,preprint,10.2139/ssrn.6288298,W7154405996,https://doi.org/10.2139/ssrn.6288298,https://doi.org/10.2139/ssrn.6288298,0,B,B5,,India,South Asia,Y,,,unclear,,,,,,low,B5:india; B5:recent,,
LM00234,Administrative Reach and State Capacity: Interoperability Failures in Nigeria's Digital Identification Infrastructure,2026,Daramola Joseph Omoyele,SSRN Electronic Journal,preprint,10.2139/ssrn.6361358,W7155007188,https://doi.org/10.2139/ssrn.6361358,https://doi.org/10.2139/ssrn.6361358,0,B,B5,,Nigeria,Africa,,,,unclear,,,,,,low,B5:recent,,
LM00235,"Legal Identity or Digital Control? National Digital ID Systems, Exclusion, and Digital Authoritarian Practices in Uganda",2026,Olila Steven,SSRN Electronic Journal,preprint,10.2139/ssrn.6509718,W7155009575,https://doi.org/10.2139/ssrn.6509718,https://doi.org/10.2139/ssrn.6509718,0,B,B5,,Uganda,Africa,,,,unclear,,,,,,low,B5:recent,,
LM00236,Biometrics and Surveillance as a Tool of Tracing Citizenship,2026,Himanshu Sikarwar,Zenodo (CERN European Organization for Nuclear Research),article,10.5281/zenodo.19879490,W7157549018,https://doi.org/10.5281/zenodo.19879490,https://doi.org/10.5281/zenodo.19879490,0,B,B5,,,Not place-specific,,,,conceptual,,,auto: The Article examines the transformation of the concept of citizenship from a socio-political identity which is rights based into a bio-tech identity which is now being controlled and regulated by the state.,,,high,B5:recent,,0.0
LM00237,"Digital Identity, Conditional Access, and Human Dignity: A Christian Policy Analysis of Biometric Governance, Surveillance Infrastructure, and Data Justice",2026,Sixbert Sangwa,Zenodo (CERN European Organization for Nuclear Research),article,10.5281/zenodo.19976345,W7159773702,https://doi.org/10.5281/zenodo.19976345,https://doi.org/10.5281/zenodo.19976345,0,B,B5,,,Not place-specific,,,,mixed,,,"auto: Aim: This article develops a Christian social-epistemological and policy analysis of emerging digital identity infrastructures, examining them neither as neutral administrative tools nor as automatically apocalyptic technologies, but as socio-technical systems with documented benefits, risks, mec…","auto: Findings: The analysis shows that digital identity can support recognition, welfare access, portability, financial inclusion, and rights protection, especially where persons lack official proof of identity.",,high,B5:recent,,0.0
LM00238,"Digital Public Infrastructure and Economic Stability in India: Evidence from UPI, Aadhaar and Direct Benefit Transfers",2026,Dr. Sejal B Patel,Zenodo (CERN European Organization for Nuclear Research),article,10.5281/zenodo.20410068,W7162573878,https://doi.org/10.5281/zenodo.20410068,https://doi.org/10.5281/zenodo.20410068,0,B,B5,,Gujarat; India,South Asia,Y,,,quantitative,,,"auto: This study examines the role of Digital Public Infrastructure in strengthening economic stability in India, using primary and secondary evidence from Bharuch district in Gujarat.","auto: However, the benefits of DPI are uneven, with semi-urban areas experiencing constraints due to infrastructure limitations and digital literacy gaps.",,high,B5:india,,0.0
LM00239,"The Legal Status of Digital Identity in India: Aadhaar, Digital Citizenship, and the Future of Governance",2026,Mr. Subham Chatterjee,Zenodo (CERN European Organization for Nuclear Research),book-chapter,10.5281/zenodo.20667022,W7164587177,https://doi.org/10.5281/zenodo.20667022,https://doi.org/10.5281/zenodo.20667022,0,B,B5,,India,South Asia,Y,,,conceptual,,,"auto: This article critically examines the legal status of digital identity in India through the lens of Aadhaar, constitutional jurisprudence, data protection law, and governance reforms.",,,high,B5:india; B5:recent,W7164596685; W7164888938,0.0
LM00240,"From Identification to Infrastructure: Digital Identity, Sector Transgressions, and the Governance of Access to Services in Uganda",2026,Olila Steven,SSRN Electronic Journal,preprint,10.2139/ssrn.6932679,W7167787818,https://doi.org/10.2139/ssrn.6932679,https://doi.org/10.2139/ssrn.6932679,0,B,B5,,Uganda,Africa,,,,unclear,,,,,,low,B5:recent,,
LM00241,India Stack as Digital Public Infrastructure: A Strategic and Empirical Analysis of Financial Inclusion,2026,Mallikarjun Dalal,Zenodo (CERN European Organization for Nuclear Research),article,10.5281/zenodo.21288912,W7167943279,https://doi.org/10.5281/zenodo.21288912,https://doi.org/10.5281/zenodo.21288912,0,B,B5,,Brazil; Ghana; India,Multi-region,Y,,,mixed,,,"auto: Despite its scale and policy salience, the academic literature on India Stack as an integrated DPI system remains fragmented, with most scholarship focusing on individual components rather than the architecture as a whole.This paper addresses that gap through a mixed-methods investigation combini…","auto: Despite its scale and policy salience, the academic literature on India Stack as an integrated DPI system remains fragmented, with most scholarship focusing on individual components rather than the architecture as a whole.This paper addresses that gap through a mixed-methods investigation combining quantitative panel data analysis with qualitative policy mapping. | Critically, these effects are largest among previously excluded populations, particularly rural women and low-income households, …",,high,B5:india; B5:recent,,0.0
LM00242,Closing the Last Mile: Building Accountability into AI Driven Public Service Delivery What India's Digital Public Infrastructure Can Teach the Global South,2026,Sach Mehan,Zenodo (CERN European Organization for Nuclear Research),article,10.5281/zenodo.21875016,W7202126283,https://doi.org/10.5281/zenodo.21875016,https://doi.org/10.5281/zenodo.21875016,0,B,B5,,Bhutan; France; India; Kenya; Nepal; United Arab Emirates,Multi-region,Y,,,unclear,,,"auto: India has become one of the world's strongest examples of digital governance done at scale.Aadhaar has reached 1.4 billion enrollments, UPI now serves over 300 million users and hasbeen adopted by countries such as Nepal, Bhutan, the UAE, and France, and India runs thelargest welfare delivery sys…",,,high,B5:recent,,0.0
LM00243,Digital Public Infrastructure and Evidence-Based Governance: Aadhaar and Direct Benefit Transfer (DBT) in Contemporary India,2026,Saket Bihari,Zenodo (CERN European Organization for Nuclear Research),article,10.5281/zenodo.22094332,W7204175336,https://doi.org/10.5281/zenodo.22094332,https://doi.org/10.5281/zenodo.22094332,0,B,B5,,India,South Asia,Y,,,unclear,,,"auto: This paper examines the evolution of India’s DPI architecture, with particular emphasis on Aadhaar and DBT as foundational mechanisms for governance transformation.",,,high,B5:india; B5:recent,W7204199979,0.0
LM00244,Artificial Intelligence in India's Digital Public Infrastructure: An Economic Analysis of Aadhaar and UPI-Based Financial Inclusion,2026,Sowmya S Murthy,Zenodo (CERN European Organization for Nuclear Research),article,10.5281/zenodo.22677486,W7212031922,https://doi.org/10.5281/zenodo.22677486,https://www.journaljmsm.info/archives/volume-5/issue-7,0,B,B5,,India,South Asia,Y,,,review,,,"auto: This paper looks specifically at how AI has been woven into Aadhaar, the country's biometric identity system, and the Unified Payments Interface (UPI), the instant-payment rail that apps such as PhonePe, Google Pay, and Paytm ride on.","auto: Broader work on AI-enabled fintech in emerging markets finds that machine-learning credit-scoring and fraud-detection tools tend to outperform the older statistical models’ banks relied on, and do so in a way that specifically narrows the information gap facing borrowers who lack a conventional credit history. | This paper does not claim to close that gap, but it does try to bring recent transaction data into the same frame as this literature, so that the economic stakes of these open questio…",,high,B5:india; B5:recent,,0.0
LM00245,"Digital Public Infrastructure as a Convergence Accelerator for Emerging Economies: Identity, payments, and data rails compressing decades of institutional development",2026,Hunter Hughes,Figshare,preprint,10.6084/m9.figshare.34001571,W7214320601,https://doi.org/10.6084/m9.figshare.34001571,https://doi.org/10.6084/m9.figshare.34001571,0,B,B5,,Brazil; Estonia; India; Kenya; Nigeria; Rwanda,Multi-region,Y,,,mixed,,,"auto: Digital public infrastructure (DPI)—the integrated stack of foundational digital identity, real‑time payments, and governed data‑exchange systems—has emerged as a powerful convergence accelerator for emerging economies.",,,high,B5:recent,W7214330276,
LM00246,"Legal And Ethical Considerations of Managing Identities, Ranging from Aadhaar to Global Digital Ids",2023,Petikam Sailaja,Anusandhanvallari,article,,W7217995035,https://psvmkendra.com/index.php/journal/article/view/1745,https://psvmkendra.com/index.php/journal/article/download/1745/1506,0,B,B5,,European; India,Multi-region,Y,,,conceptual,,,"auto: This article reflects on the history of the development of digital identity systems, the legal framework around digital IDs as well as some ethical questions regarding access to personal information by states and corporations.",,,high,B5:recent,,0.0
LM00247,"Evaluating the Role of India Stack in Enhancing Financial Inclusion: A Case Study of UPI and Aadhaar-enabled Services in Delhi, India",2026,Ramya Kathal,Digital Repository (National Repository of Grey Literature),dissertation,,W7220260751,http://www.nusl.cz/ntk/nusl-783172,,0,B,B5,,Delhi; India,South Asia,Y,Y,,qualitative,,,"auto: The thesis studies the role of India's Digital Public Infrastructure specifically Aadhaar and Unified Payment Interface in enhancing financial inclusion among the Micro, Small and Medium Enterprises in India, with help of field observations from Delhi.",,,high,B5:india; B5:recent,,
LM00248,The Platform Society,2018,José van Dijck; Thomas Poell; Martijn de Waal,,book,10.1093/oso/9780190889760.001.0001,W4249673087,https://doi.org/10.1093/oso/9780190889760.001.0001,,2865,C,C2,,,Not place-specific,,,,unclear,Y,,"auto: Abstract Individuals all over the world can use Airbnb to rent an apartment in a foreign city, check Coursera to find a course on statistics, join PatientsLikeMe to exchange information about one’s disease, hail a cab using Uber, or read the news through Facebook’s Instant Articles.",,,medium,C2:landmarks,W2922335598,150.3684
LM00249,"The Metaverse as a Virtual Form of Smart Cities: Opportunities and Challenges for Environmental, Economic, and Social Sustainability in Urban Futures",2022,Zaheer Allam; Ayyoob Sharifi; Simon Elias Bibri; David Sydney Jones; John Krogstie,Smart Cities,article,10.3390/smartcities5030040,W4285004952,https://doi.org/10.3390/smartcities5030040,https://www.mdpi.com/2624-6511/5/3/40/pdf?version=1657504483,684,C,C2,,,Not place-specific,,,,review,Y,Y,auto: This paper undertakes an upper-level literature review of the area of the Metaverse from a broader perspective.,,,high,C2:landmarks,,60.5748
LM00250,Glitchy vignettes of platform urbanism,2019,Agnieszka Leszczynski,Environment and Planning D Society and Space,article,10.1177/0263775819878721,W2978834101,https://doi.org/10.1177/0263775819878721,,322,C,C2,,,Not place-specific,,,,conceptual,Y,,"auto: In this paper, I advance a counter-topographical minor theory of platform urbanism.",,,high,C2:landmarks,,21.8483
LM00251,Questioning mobility as a service: Unanticipated implications for society and governance,2019,Kate Pangbourne; Miloš N. Mladenović; Dominic Stead; Dimitris Milakis,Transportation Research Part A Policy and Practice,article,10.1016/j.tra.2019.09.033,W2946715324,https://doi.org/10.1016/j.tra.2019.09.033,https://www.sciencedirect.com/science/article/pii/S0965856418309601/pdf,304,C,C2,,,Not place-specific,,,,conceptual,Y,,"auto: In this paper we focus on the development of a new service model for accessing transport, namely Mobility as a Service (MaaS) and present one of the first critical analyses of the rhetoric surrounding the concept.",,,medium,C2:landmarks,,16.6636
LM00252,Platform Urbanism,2019,Sarah Barns,Springer eBooks,book,10.1007/978-981-32-9725-8,W4235487284,https://doi.org/10.1007/978-981-32-9725-8,,260,C,C2,,,Not place-specific,,,,unclear,Y,,,,,low,C2:landmarks,,20.9781
LM00253,"Regulate, replicate, and resist – the conjunctural geographies of platform urbanism",2020,Mark J Graham,Urban Geography,article,10.1080/02723638.2020.1717028,W3002251334,https://doi.org/10.1080/02723638.2020.1717028,https://www.tandfonline.com/doi/pdf/10.1080/02723638.2020.1717028?needAccess=true,250,C,C2,,,Not place-specific,,,,conceptual,Y,,auto: This paper argues that platforms control urban interactions whilst remaining unaccountable through a strategic deployment of ‘conjunctural geographies’ – a way of being simultaneously embedded and disembedded from the space-times they mediate.,,,high,C2:landmarks,,66.3866
LM00254,The rise of on-demand ‘Instant Deliveries’ in European cities,2017,Lætitia Dablanc; Eléonora Morganti; Niklas Arvidsson; Johan Woxenius; Michael J. Browne; Neïla Saidi,Supply Chain Forum an International Journal,article,10.1080/16258312.2017.1375375,W2755229219,https://doi.org/10.1080/16258312.2017.1375375,,232,C,C2,,European,Global North,,,,quantitative,Y,,auto: This exploratory paper contributes to a new body of research that investigates the potential of digital market places to disrupt transport and mobility services.,,,high,C2:landmarks,,14.4844
LM00255,Platformization of the Unlikely Creative Class: Kuaishou and Chinese Digital Cultural Production,2019,Jian Lin; Jeroen de Kloet,Social Media + Society,article,10.1177/2056305119883430,W2991063027,https://doi.org/10.1177/2056305119883430,https://journals.sagepub.com/doi/pdf/10.1177/2056305119883430,219,C,C2,,China,China & East Asia,,,,conceptual,Y,,"auto: This article studies the platformization of cultural production in China through the specific lens of Kuaishou, an algorithm-based video-sharing platform targeting second- and third-tier cities as well as the countryside.",,,high,C2:landmarks,,46.6909
LM00256,"Infrastructuralization of Tik Tok: transformation, power relationships, and platformization of video entertainment in China",2020,Zongyi Zhang,Media Culture & Society,article,10.1177/0163443720939452,W3045097095,https://doi.org/10.1177/0163443720939452,,215,C,C2,,China,China & East Asia,,,,qualitative,Y,,"auto: The article contributes to complicate the issue of ‘infrastructuralization of platform’ through an empirical study on China’s video streaming platform, Tik Tok.","auto: Therefore, the article not only fills in the gap of a case study on infrastructural video streaming platform but also intends to highlight changing power relationships between government and platform in the process of infrastructuralization.",,high,C2:landmarks,,15.6481
LM00257,City-as-a-Platform: The Rise of Participatory Innovation Platforms in Finnish Cities,2016,Ari‐Veikko Anttiroiko,Sustainability,article,10.3390/su8090922,W2520015019,https://doi.org/10.3390/su8090922,https://doi.org/10.3390/su8090922,209,C,C2,,Finland; Helsinki,Global North,,,,conceptual,Y,,auto: This article discusses the idea of city as a platform.,,,high,C2:landmarks,,17.3429
LM00258,Negotiating the platform pivot: From participatory digital ecosystems to infrastructures of everyday life,2019,Sarah Barns,Geography Compass,article,10.1111/gec3.12464,W2964659322,https://doi.org/10.1111/gec3.12464,,199,C,C2,,,Not place-specific,,,,conceptual,Y,,"auto: This paper addresses the different ways that platforms are coming into focus, evidenced by growing literatures on platform capitalism, the platform society, platform surveillance, and platform urbanism.",,,high,C2:landmarks,,38.2358
LM00259,Gig work as migrant work: The platformization of migration infrastructure,2021,Niels van Doorn; Darsana Vijay,Environment and Planning A Economy and Space,article,10.1177/0308518x211065049,W4200318025,https://doi.org/10.1177/0308518x211065049,https://journals.sagepub.com/doi/pdf/10.1177/0308518X211065049,198,C,C2,,Amsterdam; Berlin; New York,Global North,,,,conceptual,Y,,"auto: Accordingly, we argue that there is an urgent need to center migrant experiences and the role of migrant labor in gig economy research, in order to generate a better understanding of how gig work offers certain opportunities and challenges to migrants with a variety of backgrounds and skill levels.","auto: To fill this research gap, this article examines why migrant workers in Berlin, Amsterdam, and New York take up platform labor and how they incorporate it into their everyday lives and migration trajectories.",,high,C2:landmarks,,31.5938
LM00260,Cyberspace and cityscapes: on the emergence of platform urbanism,2020,Jathan Sadowski,Urban Geography,article,10.1080/02723638.2020.1721055,W3003313551,https://doi.org/10.1080/02723638.2020.1721055,,191,C,C2,,,Not place-specific,,,,conceptual,Y,,"auto: Technological modes of urbanism continue to transform and expand with new technologies, new actors, and new developments that are ripe for critical geographical analysis.",,,high,C2:landmarks,,11.9432
LM00261,"Mobile workers, contingent labour: Migration, the gig economy and the multiplication of labour",2021,Moritz Altenried,Environment and Planning A Economy and Space,article,10.1177/0308518x211054846,W3212665405,https://doi.org/10.1177/0308518x211054846,https://journals.sagepub.com/doi/pdf/10.1177/0308518X211054846,184,C,C2,,Berlin,Global North,,,,qualitative,Y,,auto: The article takes the surprising exit of the food delivery platform Deliveroo from Berlin as a starting point to analyse the relationship between migration and the gig economy.,,,high,C2:landmarks,,31.5355
LM00262,Platform Urbanism: Negotiating Platform Ecosystems in Connected Cities,2019,Sarah Barns,QUT ePrints (Queensland University of Technology),report,,W2993701489,https://www.palgrave.com/gp/book/9789813297241,,182,C,C2,,,Not place-specific,,,,computational,Y,,auto: This book reflects on what it means to live as urban citizens in a world increasingly shaped by the business and organisational logics of digital platforms.,,,high,C2:landmarks,,
LM00263,Does Sharing Mean Caring? Regulating Innovation in the Sharing Economy,2015,Sofia Ranchordás,Minnesota journal of law science & technology,article,10.24926/15529541.3715,W1938174871,https://doi.org/10.24926/15529541.3715,https://scholarship.law.umn.edu/cgi/viewcontent.cgi?article=1356&context=mjlst,175,C,C2,,,Not place-specific,,,,unclear,Y,,"auto: Sharing economy practices have become increasingly popular in recent years.From swapping systems to network transportation to private kitchens, sharing with strangers appears to be the new urban trend.Although Uber, Airbnb, and other online platforms have democratized access to a number of servic…",,,medium,C2:landmarks,,45.7863
LM00264,A new institution on the block: On platform urbanism and Airbnb citizenship,2019,Niels van Doorn,New Media & Society,article,10.1177/1461444819884377,W2982535524,https://doi.org/10.1177/1461444819884377,https://journals.sagepub.com/doi/pdf/10.1177/1461444819884377,161,C,C2,,,Not place-specific,,,,conceptual,Y,,"auto: This article argues that Airbnb should be understood as a new urban institution that is transforming relations between market, state, and civil society actors.",,,high,C2:landmarks,,25.7695
LM00265,Platform mobilities and the production of urban space: Toward a typology of platformization trajectories,2020,John G. Stehlin; Michael Hodson; Andrew McMeekin,Environment and Planning A Economy and Space,article,10.1177/0308518x19896801,W3005598257,https://doi.org/10.1177/0308518x19896801,https://research.manchester.ac.uk/en/publications/0702a0be-3891-4626-adb7-b8103d0536b3,155,C,C2,,East Asia; Europe; North America,Multi-region,,,,unclear,Y,,"auto: This paper aims to explore the driving forces and concrete expressions of this platformization of urban mobility, as a particularly diverse and volatile component of a broader platform urbanism.",auto: We conclude by reflecting on implications for future research.,,high,C2:landmarks,,26.6852
LM00266,"Temporal arbitrage, fragmented rush, and opportunistic behaviors: The labor politics of time in the platform economy",2020,Yu-Jie Chen; Ping Sun,New Media & Society,article,10.1177/1461444820913567,W3083379431,https://doi.org/10.1177/1461444820913567,,152,C,C2,,China,China & East Asia,,,,qualitative,Y,,auto: This article examines how on-demand service workers on digital platforms make and live their time in the case of China’s food delivery industry.,auto: It fills an important research gap by addressing the under-explored yet essential temporal dimensions in the expanding “just-in-time” labor force.,,high,C2:landmarks,,18.4491
LM00267,"The Metaverse as a virtual form of data-driven smart cities: the ethics of the hyper-connectivity, datafication, algorithmization, and platformization of urban society",2022,Simon Elias Bibri; Zaheer Allam,Computational Urban Science,article,10.1007/s43762-022-00050-1,W4288077582,https://doi.org/10.1007/s43762-022-00050-1,https://link.springer.com/content/pdf/10.1007/s43762-022-00050-1.pdf,147,C,C2,,,Not place-specific,,,,computational,Y,Y,"auto: This paper examines the forms, practices, and ethics of the Metaverse as a virtual form of data-driven smart cities, paying particular attention to: privacy, surveillance capitalism, dataveillance, geosurveillance, human health and wellness, and collective and cognitive echo-chambers.",,,high,C2:landmarks; C2:recent,,13.6235
LM00268,"Platform urbanism in a pandemic: Dark stores, ghost kitchens, and the logistical-urban frontier",2022,Aaron Shapiro,Journal of Consumer Culture,article,10.1177/14695405211069983,W4210399324,https://doi.org/10.1177/14695405211069983,https://pmc.ncbi.nlm.nih.gov/articles/PMC8808137/pdf/10.1177_14695405211069983.pdf,135,C,C2,,,Not place-specific,,,,conceptual,Y,Y,auto: I examine two business models that feature prominently in this swell of financial optimism: dark stores and ghost kitchens.,,,high,C2:landmarks,,12.2698
LM00269,"The Metaverse as a virtual form of data-driven smart urbanism: platformization and its underlying processes, institutional dimensions, and disruptive impacts",2022,Simon Elias Bibri; Zaheer Allam; John Krogstie,Computational Urban Science,article,10.1007/s43762-022-00051-0,W4290998746,https://doi.org/10.1007/s43762-022-00051-0,https://link.springer.com/content/pdf/10.1007/s43762-022-00051-0.pdf,132,C,C2,,,Not place-specific,,,,qualitative,Y,Y,auto: This study analyzes the core emerging trends enabling and driving data-driven smart cities and uses the outcome to devise a novel framework for the digital and computing processes underlying the Metaverse as a virtual form of data-driven smart cities.,,,high,C2:landmarks; C2:recent,,11.7342
LM00270,"Digital utility: Datafication, regulation, labor, and DiDi’s platformization of urban transport in China",2019,Yu-Jie Chen; Jack Linchuan Qiu,Chinese Journal of Communication,article,10.1080/17544750.2019.1614964,W2947815373,https://doi.org/10.1080/17544750.2019.1614964,https://figshare.com/articles/journal_contribution/Digital_Utility_Datafication_Regulation_Labor_and_DiDi_s_Platformization_of_Urban_Transport_in_China/10219505,129,C,C2,,China,China & East Asia,,,,qualitative,Y,,auto: This article develops the critical concept of digital utility through studying the case of DiDi Chuxing and the platformization of transport services in urban China.,,,high,C2:landmarks,,29.683
LM00271,Platform urbanism and the Chinese smart city: the co-production and territorialisation of Hangzhou City Brain,2020,Federico Caprotti; Dong Liu,GeoJournal,article,10.1007/s10708-020-10320-2,W3093678459,https://doi.org/10.1007/s10708-020-10320-2,https://link.springer.com/content/pdf/10.1007/s10708-020-10320-2.pdf,128,C,C2,,China; Hangzhou,China & East Asia,,,,unclear,Y,,,,,low,C2:landmarks,,6.4909
LM00272,Beyond the smart city: a typology of platform urbanism,2022,Federico Caprotti; I-Chun Catherine Chang; Simon Joss,Urban Transformations,article,10.1186/s42854-022-00033-9,W4220722580,https://doi.org/10.1186/s42854-022-00033-9,https://urbantransformations.biomedcentral.com/track/pdf/10.1186/s42854-022-00033-9,127,C,C2,,,Not place-specific,,,,conceptual,Y,Y,"auto: In the paper, we argue that platform urbanism is an evolution of the smart city, constituted by novel, digitally-enabled socio-technical assemblages that enable new forms of social, economic and political intermediation.","auto: We further outline several directions for future research on platform urbanism, specifically: a.) the need to critically investigate new power geometries of corporate, legal and regulatory alignments; b.) how platform urbanism may be expressed in, and affect, cities in the Global South; c.) how it may need to be critically engaged with in regard to its development in response to emergent events such as the Covid-19 pandemic; and d.) how it may shape visions of the current and future city.",,high,C2:landmarks; C2:recent,,8.6386
LM00273,Platform methods: studying platform urbanism outside the black box,2020,Desiree Fields; David Bissell; Rachel Macrorie,Urban Geography,article,10.1080/02723638.2020.1730642,W3007165087,https://doi.org/10.1080/02723638.2020.1730642,http://hdl.handle.net/11343/273473,122,C,C2,,,Not place-specific,,,,conceptual,Y,,auto: This intervention reflects on critical perspectives on algorithms and geographical work on the urban-digital interface to highlight a set of approaches for studying the politics of platform urbanism.,,,high,C2:landmarks,,8.8276
LM00274,Who owns the future city? Phases of technological urbanism and shifts in sovereignty,2020,Jathan Sadowski,Urban Studies,article,10.1177/0042098020913427,W3031832953,https://doi.org/10.1177/0042098020913427,,115,C,C2,,,Not place-specific,,,,conceptual,Y,,"auto: This critical commentary aims to outline a new framework for analysing the urban political economic dynamics currently unfolding through different combinations of power, technology and capital in cities.",,,medium,C2:landmarks,,7.5294
LM00275,"Artificial intelligence of things for synergizing smarter eco-city brain, metabolism, and platform: Pioneering data-driven environmental governance",2024,Simon Elias Bibri; Jeffrey R. Huang; John Krogstie,Sustainable Cities and Society,article,10.1016/j.scs.2024.105516,W4396768445,https://doi.org/10.1016/j.scs.2024.105516,https://doi.org/10.1016/j.scs.2024.105516,109,C,C2,,,Not place-specific,,,,review,Y,Y,"auto: To fill this gap, this study aims to explore the linchpin potential of AIoT in seamlessly integrating these data-driven governance systems to advance environmental governance in smarter eco-cities.","auto: However, despite significant progress in understanding the distinct roles of emerging data-driven governance systems—namely City Brain, Smart Urban Metabolism (SUM), and platform urbanism—enabled by Artificial Intelligence of Things (AIoT), a critical gap persists in systematically exploring the untapped potential stemming from their synergistic and collaborative integration in the context of environmental urban governance. | To fill this gap, this study aims to explore the linchpin potential…",,high,C2:landmarks,,19.1106
LM00276,Affective platform urbanism: Changing habits of digital on-demand consumption,2020,David Bissell,Geoforum,article,10.1016/j.geoforum.2020.06.026,W3043305912,https://doi.org/10.1016/j.geoforum.2020.06.026,,102,C,C2,,,Not place-specific,,,,unclear,Y,,,,,low,C2:landmarks,,14.8251
LM00277,Urban Operating Systems,2020,Andrés Luque‐Ayala; Simon Marvin,The MIT Press eBooks,book,10.7551/mitpress/10869.001.0001,W4253840475,https://doi.org/10.7551/mitpress/10869.001.0001,https://doi.org/10.7551/mitpress/10869.001.0001,97,C,C2,,European; United States,Global North,,,,computational,Y,,"auto: Subjecting this claim to critical scrutiny, in this book, Andrés Luque-Ayala and Simon Marvin examine the cultural, historical, and contemporary contexts in which urban computational logics have emerged.",,,medium,C2:landmarks,,11.3226
LM00278,The Evolution of City-as-a-Platform: Smart Urban Development Governance with Collective Knowledge-Based Platform Urbanism,2021,Palmyra Farinazzo Reis Repette; Jamile Sabatini‐Marques; Tan Yiğitcanlar; Denílson Sell; Eduardo Costa,Land,article,10.3390/land10010033,W3119938775,https://doi.org/10.3390/land10010033,https://www.mdpi.com/2073-445X/10/1/33/pdf?version=1609575373,94,C,C2,,,Not place-specific,,,,unclear,Y,,"auto: With these developments in mind, this study aims to tackle the question of “How can platform urbanism support local governance efforts in the development of smarter cities?” Through an integrative review of journal articles published during the last decade, the evolution of City-as-a-Platform was…",,,high,C2:landmarks,,7.0945
LM00279,Navigating platform urbanism,2018,Shenja van der Graaf; Pieter Ballon,Technological Forecasting and Social Change,article,10.1016/j.techfore.2018.07.027,W2884655586,https://doi.org/10.1016/j.techfore.2018.07.027,,92,C,C2,,,Not place-specific,,,,unclear,Y,,,,,low,C2:landmarks,,7.2931
LM00280,Platform governance and the rural–urban divide: Sellers' responses to design change,2020,Wesley Wu-Yi Koo; Charles Eric Eesley,Strategic Management Journal,article,10.1002/smj.3259,W3111677101,https://doi.org/10.1002/smj.3259,,92,C,C2,,,Not place-specific,,,,unclear,Y,,auto: This study shows that sellers' local heterogeneity generates equivocal responses and carries unintended consequences for platform governance.,"auto: Using data from a leading e‐commerce platform, we find that relative to urban sellers, rural sellers were particularly poor at adjusting to a major design change, resulting in a persistent performance gap. | We attribute these misaligned responses to rural sellers' lack of local access to rich information.",,medium,C2:landmarks,,8.8122
LM00281,Urbanism Under Google: Lessons from Sidewalk Toronto,2019,Ellen Goodman; Julia Powles,SSRN Electronic Journal,preprint,10.2139/ssrn.3390610,W2947538565,https://doi.org/10.2139/ssrn.3390610,https://doi.org/10.2139/ssrn.3390610,91,C,C2,,Toronto,Global North,,,,unclear,Y,,,,,low,C2:landmarks,,
LM00282,Understanding Sensor Cities: Insights from Technology Giant Company Driven Smart Urbanism Practices,2020,Gaspare D’Amico; Pasqua L’Abbate; Wenjie Liao; Tan Yiğitcanlar; Giuseppe Ioppolo,Sensors,article,10.3390/s20164391,W3047087365,https://doi.org/10.3390/s20164391,https://www.mdpi.com/1424-8220/20/16/4391/pdf,88,C,C2,,,Not place-specific,,,,conceptual,Y,,auto: The data-driven approach to sustainable urban development is becoming increasingly popular among the cities across the world.,,,medium,C2:landmarks,,6.3611
LM00283,"Platform urbanism, smartphone applications and valuing data in a smart city",2020,Gillian Rose; Parvati Raghuram; Sophie Watson; Edward Wigley,Transactions of the Institute of British Geographers,article,10.1111/tran.12400,W3039732243,https://doi.org/10.1111/tran.12400,https://onlinelibrary.wiley.com/doi/pdfdirect/10.1111/tran.12400,86,C,C2,,Milton Keynes; United Kingdom,Global North,,,,unclear,Y,,"auto: This paper looks at the design of a group of eight smartphone apps by a range of different actors in Milton Keynes, a small UK city with a large number of smart city initiatives.",,,high,C2:landmarks,,6.4909
LM00284,Biopolitical platforms: the perverse virtues of digital labour,2021,Karen Gregory; Jathan Sadowski,Journal of Cultural Economy,article,10.1080/17530350.2021.1901766,W3154347224,https://doi.org/10.1080/17530350.2021.1901766,,85,C,C2,,,Not place-specific,,,,unclear,Y,,"auto: By theorising empirical research with people who work as food delivery workers for Deliveroo, we show how platforms, specifically those that provide services in urban places, encourage, even require, workers to develop a form of human capital based on three perverse virtues that make them more pr…",,,medium,C2:landmarks,,18.7134
LM00285,# BlockSidewalk to Barcelona: Technological sovereignty and the social license to operate smart cities,2020,Monique Mann; Peta Mitchell; Marcus Foth; Irina Anastasiu,Journal of the Association for Information Science and Technology,article,10.1002/asi.24387,W3027354750,https://doi.org/10.1002/asi.24387,https://figshare.com/articles/journal_contribution/_BlockSidewalk_to_Barcelona_technological_sovereignty_and_the_social_license_to_operate_smart_cities/20700766,84,C,C2,,Barcelona; Toronto,Global North,,,,conceptual,Y,,"auto: Abstract This article explores technological sovereignty as a way to respond to anxieties of control in digital urban contexts, and argues that this may promise a more meaningful social license to operate smart cities.","auto: We critique Alphabet's Sidewalk Labs development in Toronto, which faces public backlash from the #BlockSidewalk campaign in response to concerns over not just privacy, but also lack of community consultation, the prospect of the city losing its civic ability to self‐govern, and its repossession of public land and infrastructure.",,medium,C2:landmarks,,7.2247
LM00286,Platform-mediated short-term rentals and gentrification in Madrid,2020,Álvaro Ardura Urquiaga; Iñigo Lorente Riverola; Javier Ruiz Sánchez,Urban Studies,article,10.1177/0042098020918154,W3035564473,https://doi.org/10.1177/0042098020918154,http://oa.upm.es/62703/,77,C,C2,,European; Madrid,Global North,,,,conceptual,Y,,auto: Gentrification demands updated frameworks to assess the impact of some major global trends on the local populations’ access to housing.,"auto: Having undergone classical patterns of gentrification over the last two decades, the central district of Madrid and its surroundings are showing patterns of a new wave of gentrification in a context of economic crisis, planetary rent gaps, increasing global tourism and an increase in rental prices in central areas that may be related to the emergence of short-term rentals – making Madrid a relevant case for depicting transnational gentrification in the Southern European capitals.",,high,C2:landmarks,,10.2582
LM00287,Short-term rentals as digitally-mediated tourism gentrification: impacts on housing in New Orleans,2020,Dustin Robertson; Christopher Oliver; Eric Nost,Tourism Geographies,article,10.1080/14616688.2020.1765011,W3025377650,https://doi.org/10.1080/14616688.2020.1765011,,76,C,C2,,New Orleans,Global North,,,,quantitative,Y,,auto: The ways in which short-term rental (STR) companies like Airbnb re-spatialize tourism are becoming apparent and force a reconsideration of “tourism gentrification” studies.,"auto: We demonstrate how digital platforms like Airbnb and HomeAway, which enable housing units to be used as STRs, quickly open and close rent gaps, especially in historic, low-income neighborhoods outside of traditional tourist zones.",,high,C2:landmarks,,10.3435
LM00288,Mapping Platform Urbanism: Charting the Nuance of the Platform Pivot,2020,Ashlin Lee; Adrian Mackenzie; Gavin J. D. Smith; Paul J. Box,Urban Planning,article,10.17645/up.v5i1.2545,W3012058390,https://doi.org/10.17645/up.v5i1.2545,https://www.cogitatiopress.com/urbanplanning/article/download/2545/2545,75,C,C2,,,Not place-specific,,,,mixed,Y,,auto: This article seeks to assist urban planners in these efforts by analysing and mapping the qualities of platform urbanism.,,,medium,C2:landmarks,,6.3611
LM00289,"Emerging platform urbanism in China: Reconfigurations of data, citizenship and materialities",2019,Federico Caprotti; Dong Liu,Technological Forecasting and Social Change,article,10.1016/j.techfore.2019.06.016,W2954329179,https://doi.org/10.1016/j.techfore.2019.06.016,https://www.sciencedirect.com/science/article/pii/S0040162518320298/pdf,72,C,C2,,China,China & East Asia,,,,unclear,Y,,auto: • Platform urbanism increasingly defines the ways in which cities develop for the future. • Platform urbanism is one of the latest developments of the smart city. • Chinese platform urbanism challenges currently held notions of urban citizenship and urban lifestyles. • China's urban platforms sho…,,,high,C2:landmarks,,5.2504
LM00290,From brick-and-mortar to location-less restaurant: The spatial fixing of on-demand food delivery platformization,2022,Gianni Talamini; Weike Li; Xin Li,Cities,article,10.1016/j.cities.2022.103820,W4283016326,https://doi.org/10.1016/j.cities.2022.103820,,68,C,C2,,,Not place-specific,,,,unclear,,Y,,,,low,C2:recent,,17.4051
LM00291,"The Metaverse as a Virtual Model of Platform Urbanism: Its Converging AIoT, XReality, Neurotech, and Nanobiotech and Their Applications, Challenges, and Risks",2023,Simon Elias Bibri,Smart Cities,article,10.3390/smartcities6030065,W4376137186,https://doi.org/10.3390/smartcities6030065,https://www.mdpi.com/2624-6511/6/3/65/pdf?version=1683778544,56,C,C2,,,Not place-specific,,,,computational,,Y,"auto: Therefore, this study analyzes and synthesizes a large body of scientific literature on the unfolding convergence of AIoT and XR technologies, neurotechnology, and nanobiotechnology in the realm of the Metaverse in order to derive a novel conceptual framework for the Metaverse as an envisioned vi…",,,high,C2:recent,,6.3474
LM00292,Silicon Savannahs and motorcycle taxis: A Southern perspective on the frontiers of platform urbanism,2023,Liza Rose Cirolia; Rike Sitas; Andrea Pollio; Alexis Gatoni Sebarenzi; Prince K. Guma,Environment and Planning A Economy and Space,article,10.1177/0308518x231170193,W4367680010,https://doi.org/10.1177/0308518x231170193,https://journals.sagepub.com/doi/pdf/10.1177/0308518X231170193,46,C,C2,,Africa; African; Kigali; Nairobi,Africa,,,,conceptual,,Y,"auto: In this article, in contrast, we offer a more ambivalent analysis of a compelling trend in several African cities: the platformization of motorcycle taxis.",,,high,C2:recent,,20.4816
LM00293,Towards alternative platform futures in post-pandemic cities? A case study on platformization and changing socio-spatial relations in on-demand food delivery,2022,Yannick Ecker; Anke Strüver,Digital Geography and Society,article,10.1016/j.diggeo.2022.100032,W4213368224,https://doi.org/10.1016/j.diggeo.2022.100032,https://www.sciencedirect.com/science/article/pii/S2666378322000071/pdf,43,C,C2,,Austria; Europe; Graz,Global North,,,,qualitative,,Y,"auto: Drawing on the case study of Graz (Austria), this paper expands generalized speculation by a concrete exploration of what alternative platform futures in (post-)pandemic cities might hold.","auto: Digital platforms have become an increasingly central concept for reflecting societal processes, but the historical and spatial embeddedness of platformization is often neglected as dystopian warnings and promises of efficiency take center stage. | At the same time, the findings point out limitations of the local alternative platform model and contribute to the critical discourse on urban platforms.",,high,C2:recent,,13.4164
LM00294,Sustaining urban labour markets: Situating migration and domestic work in India's ‘gig’ economy,2022,Ambika Tandon; Aayush Rathi,Environment and Planning A Economy and Space,article,10.1177/0308518x221120822,W4291824657,https://doi.org/10.1177/0308518x221120822,,28,C,C2,,Bengaluru; Delhi; India,South Asia,Y,Y,,qualitative,,Y,auto: The domestic work sector in India has been absorbing an overwhelming proportion of workers who migrate from rural and semi-urban spaces to cities for employment.,,,medium,C2:india,,9.0652
LM00295,Creative digipreneurs: Artistic entrepreneurial practices in platform-mediated space,2023,Alica Repenning; Anna Oechslen,Digital Geography and Society,article,10.1016/j.diggeo.2023.100058,W4368340770,https://doi.org/10.1016/j.diggeo.2023.100058,https://doi.org/10.1016/j.diggeo.2023.100058,25,C,C2,,Bengaluru; Berlin; Germany; India,Multi-region,Y,,,qualitative,,Y,"auto: Taking this observation as a starting point, this paper aims to explore the entanglement of entrepreneurial, artistic, and creative practices and processes with digital platforms.",,,medium,C2:india,,15.1929
LM00296,The Platformization of Student Housing and the Rise of Mid‐Term Rentals. The Case of Uniplaces in Lisbon,2023,Agustín Cócola-Gant; Daniel Malet Calvo,Tijdschrift voor Economische en Sociale Geografie,article,10.1111/tesg.12560,W4380051391,https://doi.org/10.1111/tesg.12560,https://onlinelibrary.wiley.com/doi/pdfdirect/10.1111/tesg.12560,23,C,C2,,Lisbon,Global North,,,,qualitative,,Y,"auto: In this paper, we complement these approaches with a conceptualization of how digital platforms have restructured the supply of student rooms in houses of multiple occupation.",,,high,C2:recent,,4.9279
LM00297,Urban infrastructure reconfiguration and digital platforms: Who is in control?,2024,Mike Hodson; Andrew McMeekin; Andy Lockhart,Environmental Innovation and Societal Transitions,article,10.1016/j.eist.2024.100816,W4391501417,https://doi.org/10.1016/j.eist.2024.100816,https://doi.org/10.1016/j.eist.2024.100816,21,C,C2,,,Not place-specific,,,,conceptual,,Y,auto: The literature on urban sustainability transitions has grown substantially over the last two decades.,,,high,C2:recent,,4.042
LM00298,"Protest, pandemic, & platformisation in Hong Kong: Towards cities of alternatives",2022,Yung Au,Digital Geography and Society,article,10.1016/j.diggeo.2022.100043,W4296311543,https://doi.org/10.1016/j.diggeo.2022.100043,https://www.sciencedirect.com/science/article/pii/S2666378322000186/pdf,18,C,C2,,Hong Kong,China & East Asia,,,,unclear,,,"auto: This paper explores the variety of alternative, local platforms that flourished in Hong Kong during 2019–2020, a tumultuous time which was shaped by the Anti-Extradition Law Amendment Bill protests and the COVID-19 pandemic.",,,high,C2:recent,,1.4504
LM00299,Splintering by Proxy: A Reflection on the Spatial Impacts and Distributed Agency of Platform Urbanism,2022,Nancy Odendaal,Journal of Urban Technology,article,10.1080/10630732.2021.2007204,W4210481755,https://doi.org/10.1080/10630732.2021.2007204,,17,C,C2,,,Not place-specific,,,,conceptual,,Y,auto: Insight into the socio-technical dynamics of infrastructure unbundling and the impact on urban space is perhaps one of the most enduring conceptual legacies of the Splintering Urbanism thesis.,,,high,C2:recent,,7.426
LM00300,The Platformization of Public Participation: Considerations for Urban Planners Navigating New Engagement Tools,2023,Pamela J. Robinson; Peter A. Johnson,The urban book series,conference-paper,10.1007/978-3-031-31746-0_5,W4379177110,https://doi.org/10.1007/978-3-031-31746-0_5,https://link.springer.com/content/pdf/10.1007/978-3-031-31746-0_5.pdf,15,C,C2,,,Not place-specific,,,,unclear,,Y,,,,low,C2:recent,,6.3651
LM00301,Dispossession by platformization: The rise of on-demand recycling in urban India,2023,Aman Luthra; Jake Lowe; Karina Ochoa Berkley,Geoforum,article,10.1016/j.geoforum.2023.103731,W4328050993,https://doi.org/10.1016/j.geoforum.2023.103731,,14,C,C2,,India,South Asia,Y,,,unclear,,Y,,,,low,C2:india; C2:recent,,6.3084
LM00302,The spatial politics of platformization: Negotiating platform power in everyday taxi driving in Mumbai,2023,Tobias Kuttler,Geoforum,article,10.1016/j.geoforum.2023.103890,W4388581296,https://doi.org/10.1016/j.geoforum.2023.103890,https://www.econstor.eu/bitstream/10419/318878/1/Full-text-article-Kuttler-The-spatial-politics.pdf,13,C,C2,,Mumbai,South Asia,Y,,,unclear,,Y,,,,low,C2:india; C2:recent,,5.8578
LM00303,Is the COVID‐19 pandemic accelerating the platformisation of the urban economy?,2022,Daniela Ferreira; Renato Miguel do Carmo; Mário Vale,Area,article,10.1111/area.12785,W4210854233,https://doi.org/10.1111/area.12785,https://onlinelibrary.wiley.com/doi/pdfdirect/10.1111/area.12785,12,C,C2,,Lisbon,Global North,,,,qualitative,,Y,"auto: This paper shows that, while the pandemic lockdown decelerated everyday life, it has also potentiated further acceleration of the platformisation of urban economic sectors.",,,high,C2:recent,,3.6261
LM00304,Spatiotemporal (In)justice in Digital Platforms: An Analysis of Food-Delivery Platforms in South India,2020,Shyam Krishna,IFIP advances in information and communication technology,conference-paper,10.1007/978-3-030-64697-4_11,W3107039429,https://doi.org/10.1007/978-3-030-64697-4_11,https://inria.hal.science/hal-03450730,10,C,C2,,India,South Asia,Y,,,unclear,,,,,,low,C2:india,,1.6361
LM00305,Platforms in the city and cities at the service of platforms: An urban perspective on the platform economy and workers’ responses,2023,Maël Dif‐Pradalier; Thomas Jammet; Julie Tiberghien; Filippo Bignami; Niccolò Cuppini,The Economic and Labour Relations Review,article,10.1017/elr.2023.53,W4390505542,https://doi.org/10.1017/elr.2023.53,https://www.cambridge.org/core/services/aop-cambridge-core/content/view/8DCA9C91DC369B9BDA2442171CB52C71/S1035304623000534a.pdf/div-class-title-platforms-in-the-city-and-cities-at-the-service-of-platforms-an-urban-perspective-on-the-platform-economy-and-workers-responses-div.pdf,10,C,C2,,European,Global North,,,,conceptual,,Y,"auto: Abstract The social and economic impacts of the emerging platform economy are most obvious in urban settings, where platforms are giving rise to unfamiliar dynamics of inclusion and exclusion, cooperation and division, as well as social and political integration and fragmentation.",,,medium,C2:recent,,4.506
LM00306,Platformization of Urban Life,2022,,transcript Verlag eBooks,book,10.1515/9783839459645,W4297859249,https://doi.org/10.1515/9783839459645,https://doi.org/10.1515/9783839459645,9,C,C2,,Austria; Germany; Graz; Netherlands,Global North,,,,unclear,,Y,auto: Anke Strüver is a professor of human geography with a focus on urban studies at the University of Graz (Austria).In 2004 she completed her PhD at Radboud Universiteit Nijmegen (Netherlands) on the socio-cultural production of cross-border spaces and their effects on everyday practices.Her researc…,,,high,C2:recent,W4296182860,2.5818
LM00307,Digital platforms and the spatial transformation of urban villages in southern China: a case for platform-urban villagism?,2024,Aiping Kuang; Godfrey Kwok-yung Yeung; Mingfeng Wang; Zhang Xiao,Urban Geography,article,10.1080/02723638.2024.2359308,W4400084617,https://doi.org/10.1080/02723638.2024.2359308,,9,C,C2,,China; Guangzhou,China & East Asia,,,,conceptual,,Y,"auto: In contrast to the dichotomy of platform urbanism-ruralism populated in recent urban geography, we propose an analytical framework of “platform-urban villagism” to examine the roles and impacts of digital platforms on the ongoing spatial transformations in urban villages in southern China.",,,high,C2:recent,,9.808
LM00308,Urban mobilities in Mumbai: Towards worker-centric platformisation beyond ‘urban solutionism’,2024,Tobias Kuttler,Urban Studies,article,10.1177/00420980241264645,W4401101618,https://doi.org/10.1177/00420980241264645,https://doi.org/10.1177/00420980241264645,8,C,C2,,India; Mumbai,South Asia,Y,,,qualitative,,Y,auto: This paper examines the potential of ride-hailing platforms through a more critical lens.,,,high,C2:india,,6.1296
LM00309,Smart City Governance and the challenge of digital platforms within the public sector,2022,Viviana Vaira,IEEE International Smart Cities Conference (ISC2),conference-paper,10.1109/isc255366.2022.9922452,W4308087287,https://doi.org/10.1109/isc255366.2022.9922452,,7,C,C2,,,Not place-specific,,,,unclear,,Y,auto: This paper focuses on a compared analysis of the ongoing “platformization” and on the so-called Government-as-a-Platform (GaaP) approach applied to Smart City-paradigm.,,,high,C2:recent,,2.4884
LM00310,From platform capitalism to strategic place-based platformisation?,2025,Mike Hodson; Andrew McMeekin; Andy Lockhart,Environment and Planning A Economy and Space,article,10.1177/0308518x251342914,W4413202214,https://doi.org/10.1177/0308518x251342914,https://assets.publishing.service.gov.uk/media/5a8169cbed915d74e33fe131/West_Midlands_devolution_deal_unsigned_final_web.pdf,6,C,C2,,,Not place-specific,,,,conceptual,,Y,auto: In this paper we argue that there is a need to strengthen understanding of the role of urban (governing and infrastructural) context in platform urbanism.,,,high,C2:recent,,11.5987
LM00311,Localized processes of platformization: The example of Surabaya,2025,Alessandra Renzi; Janna Frenzel,Big Data & Society,article,10.1177/20539517251338776,W4410311984,https://doi.org/10.1177/20539517251338776,https://doi.org/10.1177/20539517251338776,5,C,C2,,Indonesia; Surabaya,Southeast Asia,,,,conceptual,,Y,"auto: This article analyzes how universalist paradigms for platform urbanism are being adapted, modulated, and subverted through an evolving platform ecosystem that is specific to the city of Surabaya, Indonesia's second largest city.",,,high,C2:recent,,2.3317
LM00312,Between algorithms and the streets,2020,Anurag Mazumdar,Routledge eBooks,book-chapter,10.4324/9780429319754-20,W3093740643,https://doi.org/10.4324/9780429319754-20,,4,C,C2,,India,South Asia,Y,,,qualitative,,,"auto: This chapter explores the contestations and affordances of the ride-hailing economy, the practices and discourses of performing “community” and the governance of and by platforms.",,,high,C2:india,,1.7449
LM00313,Platformized Cities and Urban Life,2022,Sybille Bauriedl; Anke Strüver,Urban studies,book-chapter,10.14361/9783839459645-002,W4296177871,https://doi.org/10.14361/9783839459645-002,https://doi.org/10.14361/9783839459645-002,3,C,C2,,,Not place-specific,,,,unclear,,,,,,low,C2:recent,W4297869793,0.7493
LM00314,Parasitic platform urbanism in Dhaka and Melbourne,2025,Lutfun Nahar Lata; Andrew Copolov,Human Geography,article,10.1177/19427786251321611,W4408523117,https://doi.org/10.1177/19427786251321611,https://doi.org/10.1177/19427786251321611,3,C,C2,,Dhaka; Melbourne,Multi-region,,,,conceptual,,Y,"auto: This paper explores the relationship between platform-mediated labour on Uber, Pathao, UberEats and DoorDash, and the public infrastructures of two cities – Dhaka and Melbourne.",,,high,C2:india,,5.7994
LM00315,"Conceptualising urban informality in the platform economy: regulation, legitimisation, value extraction and collective agency",2025,Mindy Park; Christopher Foster; Richard Heeks,International Development Planning Review,article,10.3828/idpr.2025.10,W4411061774,https://doi.org/10.3828/idpr.2025.10,https://doi.org/10.3828/idpr.2025.10,3,C,C2,,,Not place-specific,,,,review,,Y,"auto: To develop our understanding of urban informality in the platform age, this paper situates Southern urbanism at this interface and explores the dynamics it creates.",,,medium,C2:recent,,6.3506
LM00316,Handbook of Platform Urbanism,2025,Annelien Smets; Pieter Ballon,Edward Elgar Publishing eBooks,book,10.4337/9781035313761,W7119772929,https://doi.org/10.4337/9781035313761,,3,C,C2,,Ireland,Global North,,,,conceptual,,Y,auto: ‘This book is an essential primer for platform urbanism providing a comprehensive overview of how platformed apps are reshaping the organisation and operation of city services across the globe.,,,high,C2:recent,,6.0504
LM00317,"Opportunities or challenges? Upgrading of periphery space with the rise of platform urbanism: Live streaming commerce in Yangtze River Delta, China",2026,Lin Zou; Yiwen Zhu; Simin Yan,Applied Geography,article,10.1016/j.apgeog.2026.103918,W7128306890,https://doi.org/10.1016/j.apgeog.2026.103918,,3,C,C2,,China,China & East Asia,,,,unclear,,Y,,,,low,C2:recent,,26.1924
LM00318,Going on a ride with Lefebvre: everyday contestation of platform mobilities in Mumbai,2022,Tobias Kuttler,Applied Mobilities,article,10.1080/23800127.2022.2140991,W4308145596,https://doi.org/10.1080/23800127.2022.2140991,,2,C,C2,,Europe; Mumbai; North America,Multi-region,Y,,,conceptual,,,"auto: This research approach detects differential space in the sense of Henri Lefebvre, in the way drivers appropriate or circumvent platform mechanisms beyond notions of overt resistance, thereby seeking to carve out meanings and notions of the political in the urban everyday.",,,high,C2:india,,0.7252
LM00319,"Counter-mapping platformization. Rethinking the spatial differentiation of platform control, labor relations and restaurant virtualization in proprietary markets for food-delivery",2024,Yannick Ecker; Maximilian Lukowsky; Marius Wecker,Digital Geography and Society,article,10.1016/j.diggeo.2024.100107,W4405023965,https://doi.org/10.1016/j.diggeo.2024.100107,https://doi.org/10.1016/j.diggeo.2024.100107,2,C,C2,,Germany; Hamburg,Global North,,,,qualitative,,Y,"auto: By gathering and repurposing publicly-available platform data through counter-cartographies , we explore the spatial differentiation of platformized delivery logistics, labor relations and restaurant virtualization .",,,high,C2:recent,,1.5324
LM00320,Informal service labour and digital platforms in India’s marriage economy,2026,Debalina Roy,International Journal of Sociology and Social Policy,article,10.1108/ijssp-01-2025-0077,W7128493135,https://doi.org/10.1108/ijssp-01-2025-0077,,2,C,C2,,India; Kolkata; Poland,Multi-region,Y,,,mixed,,Y,auto: Purpose This article examines how digital platforms are reshaping informal service labour within India’s expanding marriage economy.,"auto: Research limitations/implications This article primarily draws on digital ethnography conducted in and around Kolkata, which limits the generalisability of its findings across diverse regional contexts in India. | The study also calls for targeted support structures – such as micro-credit, cooperative networks and social security – for informal service providers navigating aspirational yet precarious markets like the marriage economy in post-reform India.",,high,C2:india,,28.1578
LM00321,Digital Tools for Low-Income Housing in Indian Cities,2017,Rakhi Mehra; Maria Angela Ferrario; Swati Janu,DOAJ (DOAJ: Directory of Open Access Journals),article,,W2785383861,https://doaj.org/article/4d11db9d5dfb4b78bce8b158fe5cf053,https://doaj.org/article/4d11db9d5dfb4b78bce8b158fe5cf053,2,C,C2,,Delhi; India,South Asia,Y,Y,,unclear,,,"auto: Through the ongoing work by the team at mHS CITY LAB, a social enterprise based in Delhi, the article looks at the possibilities offered by digital platforms across urban centres of global South in enabling lower income communities to self-build safer and better houses.",,,medium,C2:india,,0.0
LM00322,"PLATFORMISATION OF RIDE HAILING, FOOD DELIVERY AND DOMESTIC WORK SERVICES IN URBAN INDIA",2021,Simiran Lalvani; Sarah Zia; Anushree Gupta; Aayush Rathi,AoIR Selected Papers of Internet Research,article,10.5210/spir.v2021i0.12129,W3199210739,https://doi.org/10.5210/spir.v2021i0.12129,https://journals.uic.edu/ojs/index.php/spir/article/download/12129/10235,1,C,C2,,Bangalore; Delhi; India; Mumbai,South Asia,Y,Y,,qualitative,,,"auto: Working in the digital platform economies has typically been characterised by a corporatised and media fuelled narrative of independence—as a route to financial independence, freedom to determine work schedules, and the positioning of workers as ‘independent contractors’.",,,high,C2:india,,0.3472
LM00323,"Ciudades, comunicación digital y pospandemia: de las smart cities al urbanismo de plataformas",2022,Luis Sebastián Ramón Rossi,Universitas,article,10.17163/uni.n37.2022.05,W4292840629,https://doi.org/10.17163/uni.n37.2022.05,https://universitas.ups.edu.ec/index.php/universitas/article/download/6344/5866,1,C,C2,,,Not place-specific,,,,conceptual,,,"auto: The paper will focus on the old connection between cities and digital communication in light of transformations speeded up both in the social, economic and health emergency of Covid-19 and in the post-pandemic.",,,medium,C2:recent,,0.0994
LM00324,Platform Urbanism and “Splintering Amenitization”: An Analysis of Canadian Cities,2024,Anirudh Govind; Agnieszka Leszczynski; Ate Poorthuis,Annals of the American Association of Geographers,article,10.1080/24694452.2024.2322474,W4393871037,https://doi.org/10.1080/24694452.2024.2322474,https://tspace.library.utoronto.ca/bitstream/1807/94383/1/227%20Walks%20Income%20Inequality%20Canada%20Aug%202013.pdf,1,C,C2,,Canada; Montreal; Toronto; Vancouver,Global North,,,,quantitative,,,auto: This article engages with the spatialities of platform urbanism by foregrounding where digital platforms are located in cities.,,,high,C2:recent,,1.0898
LM00325,"Unequal taxi geographies: Antagonisms in platform-driven urban restructuring in Delhi, India",2025,Anurag Mazumdar,Environment and Planning D Society and Space,article,10.1177/02637758251384794,W4415064905,https://doi.org/10.1177/02637758251384794,https://journals.sagepub.com/doi/pdf/10.1177/02637758251384794?download=true,1,C,C2,,Delhi; India,South Asia,Y,Y,,qualitative,,Y,"auto: This article considers how the relationship of everyday spatial practices of digital on-demand, ride-hailing taxi drivers and social imaginaries of urban restructuring remain imbricated in class and religious antagonisms.",,,high,C2:india,,1.9331
LM00326,Platformization in the southern city: Entrepreneurial volunteering and the suturing of collective life in Hyderabad,2025,Anushree Gupta; Aalok Khandekar,Environment and Planning D Society and Space,article,10.1177/02637758251389048,W4415622542,https://doi.org/10.1177/02637758251389048,,1,C,C2,,Hyderabad; India,South Asia,Y,,,qualitative,,,"auto: This article focuses on the online networked spaces that emerged in response to the COVID-19 crisis in Hyderabad, India.",,,high,C2:india; C2:recent,,0.4663
LM00327,Labor Productivity and Wage Inequality in the Gig Economy: Evidence from Bangladesh and Canada,2025,,Canadian Journal of Business and Information Studies,article,10.34104/cjbis.025.05460560,W4417043517,https://doi.org/10.34104/cjbis.025.05460560,https://doi.org/10.34104/cjbis.025.05460560,1,C,C2,,Bangladesh; Canada,Multi-region,,,,quantitative,,Y,auto: We investigate the pattern of labor productivity and wage inequality in two gig economy models: Bangladesh and Canada.,,,high,C2:india,,1.9331
LM00328,Household platforms as transactional infrastructures: the case of Urban Company,2026,Adrian Mabbott Athique; Akshaya Kumar,Journal of Cultural Economy,article,10.1080/17530350.2026.2613813,W7140141488,https://doi.org/10.1080/17530350.2026.2613813,,1,C,C2,,India,South Asia,Y,,,qualitative,,Y,"auto: In this article, we interrogate the case of Urban Company, a household platform offering domestic services in urban India.",,,medium,C2:india,,14.0789
LM00329,"Platform Urbanization: How Digital Platforms (Avito, Yandex, Wildberries) Restructure the Space of Urban Agglomerations",2026,D. D. Khamitov,THE KAZAN SOCIALLY-HUMANITARIAN BULLETIN,article,10.26907/2079-5912.2026.2.36-46,W7168355438,https://doi.org/10.26907/2079-5912.2026.2.36-46,https://kasogve.elpub.ru/jour/article/download/567/289,1,C,C2,,Russia,Global North,,,,quantitative,,Y,"auto: The purpose of the study is to identify the mechanisms through which Avito, Yandex, and Wildberries influence the spatial structure of agglomerations.",,,high,C2:recent,,14.0789
LM00330,Platform Politics and Silicon Savannahs: The rise of on-demand logistics and mobility in Nairobi and Kigali,2022,Rike Sitas; Liza Rose Cirolia; Andrea Pollio; Alexis Gatoni Sebarenzi; Price Guma; Anirudh Rajashekar,PORTO@Iris,other,10.25375/uct.19582621,W7216113425,https://doi.org/10.25375/uct.19582621,https://africancentreforcities.net/wp-content/uploads/2022/05/Platform-Politics-and-Silicon-Savannahs_web.pdf,1,C,C2,,Africa; African; Kenya; Kigali; Nairobi; Rwanda,Africa,,,,mixed,,,"auto: In response, the overarching objective of this research was to understand how urban mobility – particularly the use of motorcycles – is being reconfigured by the introduction of platform-based systems for two-wheel paratransit sectors in African cities.","auto: This gap, in part, stems from the difficulty of studying these rapidly evolving systems and practices. | These cases provide valuable insights into the rise of the platformisation of motorcycle taxis in African cities, as well as the lack of coherent regulation at this important urban interface.",,high,C2:recent,,
LM00331,Conclusion: On Understanding Situated Platform Urbanism,2023,Nancy Odendaal,Policy Press eBooks,book-chapter,10.1332/policypress/9781529218565.003.0007,W4386924388,https://doi.org/10.1332/policypress/9781529218565.003.0007,,0,C,C2,,Africa; African,Africa,,,,conceptual,,,"auto: This conclusion answers the main question posed by the book: if corporate smart promises are inadequate in responding meaningfully to urban challenges in Africa, how do disruptive practices that use digital platforms do so more effectively?",,,high,C2:recent,,0.0
LM00332,"The Rise of Digital Labor Platforms in India: Gig Economy, Labor Rights, and Economic Inequality",2024,Shunsuke Sato,,preprint,10.22541/au.172979358.85441650/v1,W4403718723,https://doi.org/10.22541/au.172979358.85441650/v1,https://www.authorea.com/doi/pdf/10.22541/au.172979358.85441650,0,C,C2,,Boston; India,Multi-region,Y,,,quantitative,,,auto: This paper examines the rapid growth of digital labor platforms in India and its implications for labor rights and economic inequality.,"auto: It examines the structure of the gig economy, the challenges facing platform workers, and the regulatory framework (or lack thereof) that governs platform labor. | However, the lack of job security and formal contracts presents significant challenges for workers, many of whom face long hours, low pay, and limited recourse in cases of unfair treatment or dismissal.Demographics of Gig WorkersThe majority of gig workers in India are young men, particularly from urban and semi-urban areas, with l…",,high,C2:india,,
LM00333,Social Media and Youth Activism in South Asia: Examining the Role of Digital Platforms in Social Movements in Bangladesh and India,2024,Shunsuke Sato,,preprint,10.22541/au.173016226.67134443/v1,W4403819665,https://doi.org/10.22541/au.173016226.67134443/v1,https://www.authorea.com/doi/pdf/10.22541/au.173016226.67134443,0,C,C2,,Bangladesh; India; South Asia; South Asian,South Asia,Y,,,qualitative,,,"auto: This paper explores the role of social media in facilitating youth activism and shaping social movements in South Asia, focusing on Bangladesh and India.","auto: The findings suggest that, despite limitations, social media has become a crucial tool for youth-led movements in South Asia, enhancing visibility and engagement in social causes.IntroductionIn recent years, social media has emerged as a powerful tool for activism, particularly among youth in South Asia. | This environment of surveillance can discourage young people from openly participating in activism online, hindering the effectiveness of digital movements (Mukherjee, 2019).Digital Divide …",,high,C2:india,,
LM00334,"UBER IN EXURBIA : Peripheral Platformization, Post‐Suburbanization and the Public–Private Ridehail Partnership in the Toronto City Region",2024,Fabian Namberger,International Journal of Urban and Regional Research,article,10.1111/1468-2427.13278,W4403946247,https://doi.org/10.1111/1468-2427.13278,https://onlinelibrary.wiley.com/doi/pdfdirect/10.1111/1468-2427.13278,0,C,C2,,North American; Toronto,Global North,,,,conceptual,,,auto: This article accounts for this trend by putting forward the concept of the public–private ridehail partnership (PPRP).,,,high,C2:recent,,0.0
LM00335,Cities and Digital Platforms,2025,Elham Bahmanteymouri,Routledge eBooks,book,10.4324/9781003352273,W4407904345,https://doi.org/10.4324/9781003352273,,0,C,C2,,Amsterdam; Auckland; Singapore; Sydney,Multi-region,,,,qualitative,,,"auto: Through rigorous case studies from cities such as Amsterdam, Auckland, Sydney, and Singapore, this book delves into the operational dynamics of these platforms as part of the broader “Cybernetic Capital Cycle”, a concept developed by the author to describe the nuanced interplay between digital in…",,,high,C2:recent,,0.0
LM00336,Platform co-operatives in the age of gig economy: A case study of SEWA cooperative federation,2025,Sreeda TP,International Journal of Arts Humanities and Social Studies,article,10.33545/26648652.2025.v7.i1d.228,W4410700110,https://doi.org/10.33545/26648652.2025.v7.i1d.228,https://www.socialstudiesjournal.com/archives/2025/vol7issue1/PartD/7-1-85-307.pdf,0,C,C2,,Gujarat; India,South Asia,Y,,,qualitative,,,auto: This paper is a case study of such an initiative located in Gujarat named SEWA co-operative federation on how they make use of digital platform for connectivity and networking.,,,high,C2:india,,0.0
LM00337,The Gig Economy in India: Economic Empowerment or Precarious Employment?,2025,Heena Gandhi,International Journal For Multidisciplinary Research,article,10.36948/ijfmr.2025.v07i03.48782,W4411750796,https://doi.org/10.36948/ijfmr.2025.v07i03.48782,https://www.ijfmr.com/papers/2025/3/48782.pdf,0,C,C2,,India,South Asia,Y,,,qualitative,,,auto: This paper investigates whether the gig economy is a tool of economic empowerment or a vehicle for precarious employment.,"auto: However, it also raises critical concerns related to income insecurity, absence of social protection, and the lack of formal labor rights.",,high,C2:india,,0.0
LM00338,Design in the ‘hybrid city’: DIY meets platform urbanism in Dhaka’s informal settlements,2016,Teresa Swist; Liam Magee; David Sweeting,,other,10.64628/aa.jahkyygy6,W4413617258,https://doi.org/10.64628/aa.jahkyygy6,,0,C,C2,,Dhaka,South Asia,,,,unclear,,,,,,low,C2:india,,
LM00339,Gig Workers in India- a Legal Perspective,2025,BHASWATI TALUKDAR; Bimal Kumar Baishya,Advanced International Journal for Research,article,10.63363/aijfr.2025.v06i06.1776,W4416022710,https://doi.org/10.63363/aijfr.2025.v06i06.1776,https://aijfr.com/papers/2025/6/1776.pdf,0,C,C2,,India,South Asia,Y,,,conceptual,,,"auto: In recent years, India has seen a rapid rise in the gig economy, driven by digital platforms, widespread smartphone use, and the growing demand for flexible, on-demand services.","auto: As a result, gig workers frequently deal with low and unpredictable incomes, long hours, and lack of support in times of illness or injury.",,high,C2:india,,0.0
LM00340,The Virtual City in the Twenty-First Century: Exploring the Role of Digital Platforms in Urban Evolution,2025,Patricio Julián Feldman; Susana Finquelievich,The urban book series,book-chapter,10.1007/978-3-031-94235-8_32,W4416240257,https://doi.org/10.1007/978-3-031-94235-8_32,,0,C,C2,,,Not place-specific,,,,unclear,,,,,,low,C2:recent,,0.0
LM00341,Platform Urbanism and Land-Use Transformation in Shanghai: Dual Neighborhood Impacts of E-Commerce Logistics in Relation to the 2017–2035 Master Plan,2025,Jane Zheng; Yuanyi Zhao,Land,article,10.3390/land15010004,W7116204708,https://doi.org/10.3390/land15010004,https://www.mdpi.com/2073-445X/15/1/4/pdf?version=1766146343,0,C,C2,,Shanghai,China & East Asia,,,,mixed,,,"auto: This study examines how platformized e-commerce logistics reshapes urban land use at the neighborhood scale, using Shanghai as an empirical case.",,,high,C2:recent,,0.0
LM00342,"Platform Urbanism and Culinary Logistics: Mobility, Infrastructure, and Micro-Entrepreneurship in Post-Digital Kolkata",2026,Sayon Pramanik; Sampurna Biswas,Lecture notes in civil engineering,conference-paper,10.1007/978-981-95-3873-7_11,W7118006460,https://doi.org/10.1007/978-981-95-3873-7_11,,0,C,C2,,Kolkata,South Asia,Y,,,unclear,,,,,,low,C2:india,,0.0
LM00343,"Platformisation, technical citizenship and making space for rights in the city",2025,Aphra Kerr; Jos Pierson,Edward Elgar Publishing eBooks,book-chapter,10.4337/9781035313761.00032,W7119656903,https://doi.org/10.4337/9781035313761.00032,https://doi.org/10.4337/9781035313761.00032,0,C,C2,,,Not place-specific,,,,unclear,,,,,,low,C2:recent,W7155507327,0.0
LM00344,Participatory Governance through AI-Powered Digital Platforms: A Comparative Study of Indian States,2026,Dr. J Narsimuloo,Journal of Emerging Technologies and Innovative Research,article,10.56975/jetir.v13i1.574746,W7125483078,https://doi.org/10.56975/jetir.v13i1.574746,http://www.jetir.org/papers/JETIR2601349.pdf,0,C,C2,,Andhra Pradesh; India; Karnataka; Kerala; Maharashtra,South Asia,Y,,,mixed,,,"auto: This paper examines the role of Artificial Intelligence (AI)-powered digital platforms in enhancing participatory governance in India, with a comparative analysis of four states—Kerala, Karnataka, Maharashtra, and Andhra Pradesh.",,,high,C2:india,,0.0
LM00345,GIG ECONOMY IN INDIA: OPPORTUNITIES AND CHALLENGES,2026,Tushar Kumar Goyal,,article,10.47760/oajmr.2026.v02i02.002,W7130941463,https://doi.org/10.47760/oajmr.2026.v02i02.002,https://doi.org/10.47760/oajmr.2026.v02i02.002,0,C,C2,,India,South Asia,Y,,,unclear,,,"auto: India’s gig economy has expanded quickly over the past decade, stepping in to tackle ongoing issues like structural unemployment and too few steady jobs in a more open market.","auto: Using concepts like precarious labor and intersectionality, it highlights how class divides, caste discrimination, gender gaps and urban-rural splits influence the participants.",,high,C2:india,,0.0
LM00346,ANALYSIS OF GIG WORKERS IN THE INDIAN LABOUR MARKET WITH SPECIAL REFERENCE TO BENGALURU URBAN,2025,ANU THOMAS; DR. CJ LAKSHMI,International Journal of Social Sciences and Commerce,article,10.64906/ijssc.2025.02.03.90,W7134130263,https://doi.org/10.64906/ijssc.2025.02.03.90,https://doi.org/10.64906/ijssc.2025.02.03.90,0,C,C2,,Bengaluru; India,South Asia,Y,,,quantitative,,,"auto: Between 1951 to 2012, there has been a significant shift in the population from agriculture to manufacturing and services.It was mainly during this time, when people started pursuing multiple small jobs, free-floating projects transcending themselves into digital marketplace where workers connect…","auto: Between 1951 to 2012, there has been a significant shift in the population from agriculture to manufacturing and services.It was mainly during this time, when people started pursuing multiple small jobs, free-floating projects transcending themselves into digital marketplace where workers connect with their customers through online platforms.Freelancers with short-term commitments and workers who are connected through online platforms such as Uber, Ola, Swiggy and Zomato include themselves in…",,high,C2:india,,0.0
LM00347,Youth Participation and Work Experience in India’s Gig Economy: Evidence from Bengaluru,2026,Ananya Sahoo; Jennifer Fernandes,Scholars Journal of Economics Business and Management,article,10.36347/sjebm.2026.v13i02.004,W7134250700,https://doi.org/10.36347/sjebm.2026.v13i02.004,https://saspublishers.com/article/23707/download/,0,C,C2,,Bengaluru; India,South Asia,Y,,,quantitative,,,"auto: The gig economy has become a key factor in the transformation of India's urban labour market, changing not only how work is organised but also how it is accessed.",,,high,C2:india,,0.0
LM00348,"The digitalization of urban governance in India : platforms, processes and people in Bhubaneswar",2025,Khaliq Parkar,,dissertation,10.70675/d873922dzaa84z42cbza800z2e64d2aebeaa,W7152371429,https://doi.org/10.70675/d873922dzaa84z42cbza800z2e64d2aebeaa,,0,C,C2,,Bhubaneswar; India; Odisha,South Asia,Y,,,unclear,,,"auto: La numérisation de la gouvernance urbaine en Inde : plateformes, processus et personnes, à Bhubaneswar Au cours de la dernière décennie, le gouvernement indien a introduit des programmes qui revigorent l'utilisation des technologies numériques pour conduire la réforme de la gouvernance.",,,medium,C2:india; C2:recent,,
LM00349,"Delivering food, navigating stigma: the social experience of gig workers in urban India",2026,Mohammad Sajjad Hussain,Labor History,article,10.1080/0023656x.2026.2661746,W7154984835,https://doi.org/10.1080/0023656x.2026.2661746,,0,C,C2,,Hyderabad; India,South Asia,Y,,,qualitative,,,"auto: Drawing on 25 months of ethnographic fieldwork in Hyderabad (India), including being a delivery worker, this article examines how stigma is produced, felt, and navigated by the delivery workers in the platformized food delivery ecosystem.",,,medium,C2:india,W7159795220; W7160061079,0.0
LM00350,"India's Shift to the Instant Service Economy: Platform Growth, Urban Consumption, and Socioeconomic Impact",2026,Myra Abhishek Chamaria,International Journal of Science and Research (IJSR),article,10.21275/sr26415114702,W7154996303,https://doi.org/10.21275/sr26415114702,https://www.ijsr.net/archive/v15i4/SR26415114702.pdf,0,C,C2,,India,South Asia,Y,,,qualitative,,,"auto: This study examines the rapid emergence of the instant service economy in urban India, driven by digital platforms offering rapid delivery and on-demand services.",,,high,C2:india,,0.0
LM00351,Spaces of Urban Platformisation,2026,Rabea Berfelde,Routledge eBooks,book,10.4324/9781003741985,W7155501689,https://doi.org/10.4324/9781003741985,,0,C,C2,,Berlin,Global North,,,,qualitative,,,auto: This book uses Berlin as a pivotal case study to analyse the transformation of urban spaces under the combined influences of financialisation and platformisation.,,,high,C2:recent,,0.0
LM00352,"Decent Work, Inclusion, and Growth in Gig Workers of India: The Viksit Bharat Vision",2026,Naynith Nitesh Rathod; Yuvraj Singh Kimtee; Dikshit Jain; Kishan T Patel,JOURNAL OF ADVANCE AND FUTURE RESEARCH,article,10.56975/jaafr.v4i4.508663,W7160600572,https://doi.org/10.56975/jaafr.v4i4.508663,https://rjwave.org/jaafr/papers/JAAFR26A4775.pdf,0,C,C2,,India,South Asia,Y,,,unclear,,,"auto: This study focuses on the Indian gig workforce by analysing twenty key research papers, policy reports, and institutional studies.","auto: Despite the recognition of gig workers under the Social Security Code(2020), implementation gaps remain significant.",,high,C2:india,,0.0
LM00353,"Digital platforms for micro and small enterprises in India: performance, future of work and sustainability implications",2026,Sumesh P. Soman; Bino Paul G. D.; Unmesh Patnaik; Kamal Kumar Murari,International Journal of Productivity and Performance Management,article,10.1108/ijppm-11-2024-0785,W7162301726,https://doi.org/10.1108/ijppm-11-2024-0785,,0,C,C2,,India,South Asia,Y,,,mixed,,,"auto: Purpose This article explores the transformative impact of digital platforms on micro and small enterprises (MSEs), emphasizing their role in enhancing performance, shaping the future of work (FoW) and contributing to sustainability.",,,high,C2:india,,0.0
LM00354,"The Platformisation of Performance Traditions: Archiving Nachni Performances on Digital Platforms and the Parallel Economy of YouTubers in Purulia, West Bengal",2026,Sudatta Ghosh,,article,10.1177/23477989261446784,W7162469001,https://doi.org/10.1177/23477989261446784,https://doi.org/10.1177/23477989261446784,0,C,C2,,India; West Bengal,South Asia,Y,,,qualitative,,,"auto: This article explores the parallel economy of YouTubers in Purulia, West Bengal, which has emerged alongside the platformisation of the nachni performance tradition.",,,high,C2:india,,0.0
LM00355,From unpaid care work to gig labour: Women and the platform economy in India,2026,Sushmitha BC; Sunitha V Ganiger,International journal of applied research,article,10.22271/allresearch.2026.v12.i5d.13701,W7162671924,https://doi.org/10.22271/allresearch.2026.v12.i5d.13701,https://www.allresearchjournal.com/archives/2026/vol12issue5/PartD/12-5-78-973.pdf,0,C,C2,,India,South Asia,Y,,,conceptual,,,"auto: This paper critically examines the socio-economic conditions of women engaged in India’s platform economy using secondary sources such as academic literature, policy reports, labour studies and feminist scholarship.",,,medium,C2:india,,0.0
LM00356,Rethinking Platform Urbanization from the Perspective of Latin American Cities: Theoretical Insights and Empirical Contributions of Regional Research on Airbnb,2026,Pedro Henrique Cícero Ferreira; João Bosco Moura Tonucci Filho,Revista Brasileira de Estudos Urbanos e Regionais,article,10.22296/2317-1529.rbeur.202613en,W7164204273,https://doi.org/10.22296/2317-1529.rbeur.202613en,https://rbeur.anpur.org.br/rbeur/article/download/7951/5788,0,C,C2,,Argentina; Brazil; Chile; Latin America; Latin American,Latin America,,,,review,,,"auto: This article combines bibliometric and content analyses of studies on Airbnb across Latin America, emphasizing regional urban theories in the study of platformization.",,,high,C2:recent,,0.0
LM00357,"Converging Platforms: Media, Precarity and Everyday Resistance among Urban Gig Workers – A Case Study of Delhi",2026,Jagriti Lamba; Anjan Sen,International Journal of Research Publication and Reviews,article,10.55248/gengpi.07.0526.a1407,W7164383969,https://doi.org/10.55248/gengpi.07.0526.a1407,https://doi.org/10.55248/gengpi.07.0526.a1407,0,C,C2,,Delhi; India; South Asian,South Asia,Y,Y,,mixed,,,auto: Digital Platform-mediated work has significantly impacted the urban labour market in terms of changing traditional flexible work arrangements and making them more precarious.This paper will examine how digital platforms algorithms and media practices have shaped working conditions for gig workers…,"auto: Digital Platform-mediated work has significantly impacted the urban labour market in terms of changing traditional flexible work arrangements and making them more precarious.This paper will examine how digital platforms algorithms and media practices have shaped working conditions for gig workers in Delhi/Delhi NCR (Delhi/National Capital Region).I used a convergent mixed-methods approach that included structured surveys, semi-structured interviews, ethnographic research and grounded theory c…",,high,C2:india,,0.0
LM00358,"Algorithmic Governance, Local Government Regulation, And Sustainable Labour Policy: A Structural Equation Modelling Approach To Gig Delivery Workers In South India",2026,"R. Swathi Lakshmi, S. Manimaran, P.S.Venkateswaran",Lex localis - Journal of Local Self-Government,article,10.52152/qz31mj32,W7202174809,https://doi.org/10.52152/qz31mj32,https://lex-localis.org/index.php/LexLocalis/article/download/803995/3748,0,C,C2,,Chennai; India,South Asia,Y,,,quantitative,,,"auto: This study develops and validates a governance-oriented framework that examines the relationships among algorithmic governance, local government regulatory effectiveness, platform accountability, worker trust, and sustainable employment in the delivery gig sector in Chennai, India.",,,high,C2:india,,0.0
LM00359,AN ANALYTICAL STUDY OF THE PROBLEMS AND CHALLENGES FACED BY GIG ECONOMY WORKERS AND THEIR IMPACT ON JOB SATISFACTION IN BANGALORE CITY,2026,Dr. Radhika.B,INTERNATIONAL JOURNAL OF RESEARCH IN MANAGEMENT,article,10.5281/zenodo.21967239,W7203723732,https://doi.org/10.5281/zenodo.21967239,https://doi.org/10.5281/zenodo.21967239,0,C,C2,,Bangalore,South Asia,Y,,,quantitative,,,auto: Abstract: The gig economy has emerged as an important source of employment by providing flexible and accessible work opportunities through digital platforms.,,,high,C2:india,,0.0
LM00360,From crisis to governmental fix: platformisation-as-negotiation in authoritarian Vietnam,2026,Marie Gibert‐Flutre,Urban Geography,article,10.1080/02723638.2026.2724059,W7204802596,https://doi.org/10.1080/02723638.2026.2724059,,0,C,C2,,Ho Chi Minh City; Vietnam,Southeast Asia,,,,qualitative,,,auto: This article examines how ride-hailing platforms reshape urban governance in authoritarian contexts through the case of Grab in Vietnam.,,,high,C2:recent,,0.0
LM00361,Learning from the Margin in Platform Urbanism,2026,Tooran Alizadeh; Deepti Prasad,Routledge eBooks,book-chapter,10.4324/9781003630333-33,W7208794325,https://doi.org/10.4324/9781003630333-33,,0,C,C2,,India,South Asia,Y,,,qualitative,,,auto: The arguments in this chapter are informed by 25 interviews conducted with the civil society actors behind a variety of bottom-up platform urbanism in India.,,,high,C2:india,,0.0
LM00362,Planning for platform urbanism,2026,Subina Shrestha,plaNext - Next Generation Planning,article,10.24306/plnxt/130,W7213176381,https://doi.org/10.24306/plnxt/130,https://doi.org/10.24306/plnxt/130,0,C,C2,,Canada,Global North,,,,conceptual,,,"auto: Following this, I show where and how planning might intervene and argue for concerted efforts in anticipatory urban planning that (i) bridges the work/non-work dichotomy prevalent in contemporary planning processes and, (ii) meaningfully engages with mobile logistical workers towards creating inc…",,,high,C2:recent,,0.0
LM00363,Accumulation by platformization: Digital platforms in urban space as a form of governance and enclosure,2026,Francisco Fernández-Trujillo Moares; Ana Santamarina; Jorge Sequera,Digital Geography and Society,article,10.1016/j.diggeo.2026.100191,W7213949144,https://doi.org/10.1016/j.diggeo.2026.100191,https://doi.org/10.1016/j.diggeo.2026.100191,0,C,C2,,,Not place-specific,,,,conceptual,,,"auto: This text introduces the Special Issue The Emergence of Digital Platforms in Urban Space, proposing the concept of accumulation by platformization as a framework for understanding the structural transformation of urban life under platform capitalism.",,,high,C2:recent,,0.0
LM00364,From Informal Labour to Digital Platforms: The Sustainability of Assam's Emerging Gig Economy,2026,Arabinda Medhi,International Journal For Multidisciplinary Research,article,10.36948/ijfmr.2026.v08i05.88764,W7214944612,https://doi.org/10.36948/ijfmr.2026.v08i05.88764,https://www.ijfmr.com/papers/2026/5/88764.pdf,0,C,C2,,Assam; India,South Asia,Y,,,conceptual,,,"auto: This paper critically examines the opportunities and structural challenges characterising the gig economy in Assam, a region traditionally dominated by agriculture and informal labour.","auto: In Assam, the growth of gig work is hampered by persistent challenges, including inadequate digital infrastructure in semi-urban and rural areas (Bezbarua, 2020), earnings volatility, lack of social safety nets, and algorithmic control by platform aggregators (Joshi, 2022; Saxena, 2021).",,high,C2:india,,0.0
LM00365,"The Mental Health Toll of Gig Work in Pakistan: A Structural Equation Modeling Analysis of Work Intensity, Financial Uncertainty, And Algorithmic Control",2026,Muhammad Hamza; Dr. Zahida Llyas; Majid Ali; Dr. Nasir Mahmood; Temoor Anjum,Journal of Management & Social Science,article,10.63075/vhgmg213,W7216267893,https://doi.org/10.63075/vhgmg213,https://rjmssjournal.com/index.php/7/article/download/466/440,0,C,C2,,Pakistan,South Asia,,,,quantitative,,,"auto: This research explores the factors of mental health in gig workers by looking at the effects of work intensity, financial uncertainty, algorithmic control, and social hiding.","auto: Purpose: The high rate of growth of the gig economy in Pakistan has changed labor markets; however, there is a lack of knowledge about the psychological effects of workers.",,high,C2:india,,0.0
LM00366,"Platform Urbanism and the Fractal City: Deconstructing Gentrification, Megacity Hypertrophy, and the Algorithmic Periphery",2025,"Revista, Zen; GEOGRAPHY, 10",Zenodo (CERN European Organization for Nuclear Research),article,10.5281/zenodo.17727212,W7106823810,https://doi.org/10.5281/zenodo.17727212,https://doi.org/10.5281/zenodo.17727212,0,C,C2,,,Not place-specific,,,,qualitative,,,"auto: This paper critically examines the multifaceted impacts of platform urbanism on contemporary cities, proposing the concept of the ""fractal city"" as an analytical lens to understand its complex, self-similar, and often contradictory spatial manifestations.",,,high,C2:recent,,0.0
LM00367,Fairwork India Ratings 2020:Labour Standards in the Gig Economy,2020,"Parthasarathy, Balaji; Srinivasan, Janaki; Neerukonda, Mounika; Taduri, Pradyumna; Ustek-Spilda, Funda; Vadekkethil, Aradhana Cherupara; Graham, Mark; Heeks, Richard; id_orcid 0000-0002-4551-2208",Research Explorer (The University of Manchester),other,,W7111788257,https://research.manchester.ac.uk/en/publications/620b35d7-b8b0-463e-b5fc-98cf9a345425,https://pure.manchester.ac.uk/ws/files/226906805/Fairwork_India_2020_report.pdf,0,C,C2,,India,South Asia,Y,,,qualitative,,,"auto: Fairwork IndiaRatings 2020: Labour Standards in the Platform Economy This is the second year of scoring platforms using the Fairwork principles in India.Last year, twelve platforms, from sectors including ride-hailing, e-commerce, food-delivery, and home services, were scored.This year, eleven pl…",,,high,C2:india,,
LM00368,Exploring the Socio - Economic Conditions of Gig Workers in Hyderabad,2026,Dr. J. Ratna Prabhakar; Mrs. Chaviti Sai Vani,Zenodo (CERN European Organization for Nuclear Research),article,10.5281/zenodo.19555052,W7154062576,https://doi.org/10.5281/zenodo.19555052,https://doi.org/10.5281/zenodo.19555052,0,C,C2,,Hyderabad,South Asia,Y,,,conceptual,,,"auto: This study examines the socio-economic conditions of gig workersin Hyderabad, highlighting their opportunities, challenges, and government initiatives.","auto: The gig workforce in Hyderabad is mostly young people driven byfinancial need, unemployment, or lack of alternatives.",,high,C2:india,,0.0
LM00369,GIG ECONOMY WORKERS AND LABOUR PROTECTION IN INDIA: REIMAGINING EMPLOYMENT RIGHTS IN THE DIGITAL AGE,2026,Taranbir Singh,Zenodo (CERN European Organization for Nuclear Research),article,10.5281/zenodo.21182395,W7167247647,https://doi.org/10.5281/zenodo.21182395,https://doi.org/10.5281/zenodo.21182395,0,C,C2,,European; India; United Kingdom,Multi-region,Y,,,conceptual,,,"auto: The rise of the gig economy has become a defining element of India's digital economy, transforming conventional employment relations through its flexible, platform-based, and technologically enabled nature.","auto: The current labour legislation system, which is primarily based on traditional employer-employee relationships, lacks sufficient legal provisions to govern work done via digital mediation and algorithmic control.",,high,C2:india,,0.0
LM00370,Socio-Economic and Career Dynamics of Gig Economy Workers in Karnataka: A Conceptual Review of Platform-Based Employment,2026,"Shetty, Praveena; Dr Ishwara P",Zenodo (CERN European Organization for Nuclear Research),article,10.5281/zenodo.21288329,W7167923807,https://doi.org/10.5281/zenodo.21288329,https://doi.org/10.5281/zenodo.21288329,0,C,C2,,Bengaluru; Karnataka,South Asia,Y,,,review,,,"auto: Abstract The rise of the gig economy is a game-changing work trend in Karnataka, especially in its fast-growing cities like Bengaluru, which have seen a surge in flexible work arrangements enabled by digital platforms.","auto: The results show that while gig work provides flexibility, independence and opportunities for earning income, it also creates income instability, lack of formal social security benefits and a lack of opportunities for long-term career progression.",,high,C2:india,,0.0
LM00371,From subordination to freedom? An ethnography of Bangalore’s auto- rickshaw drivers and ride-hailing economy,2026,Shivani Daxini,Durham e-Theses (Durham University),dissertation,,W7203512664,https://etheses.durham.ac.uk/id/eprint/16787/1/sdaxini%20PhD%20Thesis%20deposit.docx,,0,C,C2,,Bangalore; India,South Asia,Y,,,qualitative,,,"auto: Drawing from ethnographic fieldwork conducted between September 2023 and September 2024, during which I used the mobile ‘go-along’ method to interview drivers as we travelled around the city, I explore how my interlocutors used the Kannada word svantantrya (which drivers best translated as ‘freed…",,,high,C2:india,,
LM00372,"Platformisation in Smaller Indian Cities: Informal Institutions, Labour and Technology Adoption in Urban Mobility",2026,Manan Singla,Zenodo (CERN European Organization for Nuclear Research),article,10.5281/zenodo.22656569,W7211949094,https://doi.org/10.5281/zenodo.22656569,https://doi.org/10.5281/zenodo.22656569,0,C,C2,,Bengaluru; Delhi; India; Mumbai,South Asia,Y,Y,,unclear,,,"auto: This paper draws together research on informal institutions, platform labour, algorithmic management, and transport governance to ask what happens when platform models built for large metropolitan markets are extended to smaller cities.",,,high,C2:india; C2:recent,,0.0
LM00373,La plataformización como problema urbano: limitaciones y desafíos en la gobernanza de plataformas,2024,Patricio Feldman,Vivienda y Ciudad,article,,W7217234418,https://revistas.unc.edu.ar/index.php/ReViyCi/article/view/46374,https://revistas.unc.edu.ar/index.php/ReViyCi/article/view/46374,0,C,C2,,,Not place-specific,,,,conceptual,,,auto: This article deepens the particular analysis of platformization understood as an urban issue.,"auto: The study of platformization from an urban perspective, therefore, requires an approach to the issues, limitations, and challenges in the urban governance of platforms as a nodal topic of urban studies in the second half of the 21st century.",,medium,C2:recent,,0.0
LM00374,The Penetration of the Gig Economy in Post-Pandemic India: Transforming the Traditional Economic Landscape,2025,Aahana Jain,Innovative Research Thoughts,article,,W7217542778,https://irt.shodhsagar.com/index.php/j/article/view/1638,https://irt.shodhsagar.com/index.php/j/article/download/1638/1710,0,C,C2,,India,South Asia,Y,,,qualitative,,,"auto: This research investigates the extent and impact of gig economy penetration in India’s post-pandemic context, analyzing its implications on employment structures, socio-economic dynamics, and labor rights.",,,high,C2:india,,0.0
