theme,openalex_id,year,title,decision,reason
A1,W7160767622,2026,Primary Health Care and Addressing Urban–Rural Health Disparities in Kazakhstan,exclude,core concept missing
A1,W2961052907,2019,The Policy Formulation of Educational Funding in Yogyakarta Province,exclude,context terms missing
A1,W7220195426,2026,Multi-Modal Network Traffic Forecasting with Large Language Models and Edge Intelligence in Smart Cities,exclude,"flag, core not in title: \b(sensor network|wireless|5g|6g|edge co"
A1,W4296168772,2022,Tugu Ngejaman: Penanda Kuasa dan Pengingat Waktu di Yogyakarta,borderline,core concept mentioned once
A1,W7160411102,2026,Enhancing Democratic Governance in Romania: A Comprehensive Analysis of Citizen Participation Initiatives,exclude,core concept missing
A1,W3144955668,2020,PENYELENGGARAAN KESEJAHTERAAN PENDUDUK LANJUT USIA (Penelitian Tentang Upaya Mewujudkan Kesejahteraan Lanjut Usia di Kota Surakarta),borderline,core concept mentioned once
A1,W4416288489,2025,Identification of Criteria and Sub-Criteria for Urban Governance Pathology from the Perspective of Systems and Cybernetic Models: A Case Study of Hormozgan and Kerman Provinces,include,rules
A1,W3163890914,2021,"Métropole d’Equilibre et Dynamique Territoriale: Concept, Réalités et Perspectives dans l’espace UEMOA",borderline,core concept mentioned once
A1,W7166508392,2026,Impact of the Built Environment on Public Sentiment During Winter in Cold-Region Cities: A Case Study of Harbin Based on Social Media,exclude,"flag, core not in title: \b(sensor network|wireless|5g|6g|edge co"
A1,W3157961198,2021,Measurement of Financial Performance Using the Concept of Value for Money in The Government of Bandung City,include,rules
A1,W4396864407,2024,Strategic Approaches to Mitigating Poverty Amidst COVID-19 In Denpasar: An Institutional Analysis,include,rules
A1,W4414594567,2025,Food Insecurity in Amsterdam Noord: Experiences of Infrastructural Violence in an Urban Food Environment,exclude,"core mentioned once, not in keyword tags"
A1,W7166694020,2026,The Effect of Management Control Systems and Human Resource Competence on Budget Absorption in Regional Government Organizations of Medan City,include,rules
A1,W2978837608,2018,Government role in development of child-friendly city based on traditional games,exclude,"core mentioned once, not in keyword tags"
A1,W4246347399,2017,The Spanish decentralisation model,include,core in title; context terms missing
A1,W4313186623,2022,Impact of the COVID-19 pandemic on smart city performance in Europe,include,rules
A1,W4401681064,2022,ASPEK KESADARAN HUKUM MASYARAKAT DI KELURAHAN CIPONDOH TERHADAP PELAKSANAAN KELURAHAN BERSIH NARKOBA,exclude,"core mentioned once, not in keyword tags"
A1,W7117889498,2025,Governance dynamics for balancing authority and efficiency: assessing the depth of Ghana’s decentralisation programme,include,rules
A1,W4402700030,2024,"PENGARUH NORMA SUBJEKTIF, PENGETAHUAN DAN EFIKASI DIRI TERHADAP KEPATUHAN ZAKAT PROFESI DI PEMERINTAH KOTA BENGKULU",exclude,"core mentioned once, not in keyword tags"
A1,W1895103177,2015,Seasonal and diurnal trends in black carbon properties and co-pollutants in Mexico City,exclude,"core mentioned once, not in keyword tags"
A1,W7218151975,2022,"Of, On, In Entrepreneurial Briefing of Pre-Retirement Civil Servants through Counseling on Household-Scale Hydroponic Cultivation in the Metro City Government- Environment",include,rules
A1,W4392902353,2024,Medical and social aspects of the activities of local self-government and the medical community of Yekaterinodar in the late XIX – early XX century,exclude,"flag, core not in title: \b(patients?|clinical|randomi[sz]ed|prev"
A1,W2569642894,2017,The Global Development Context,exclude,core concept missing
A1,W7202371929,2026,"Colonial urban governance and ethnicized commercial rivalry: Arab-Chinese socio-economic relations in Surabaya, 1906-1919",include,rules
A1,W7204573682,2026,Healthscaping and Climate Volatility,exclude,"flag, core not in title: \b(patients?|clinical|randomi[sz]ed|prev"
A1,W4409846442,2025,"Restoring the Land Grab in the Gulf Coast of Kupang Regency: Authority, Decentralization, And Local Resistances",include,core in title; context terms missing
A1,W2603889567,2015,"Urban governance in post-apartheid cities - modes of engagement in South Africa's metropoles, Marie Huchzermeyer and Christoph Haferburg (eds.) : book review",include,rules
A1,W4412383797,2025,Challenges of Decentralization in Liberia: An Analysis of Effectiveness in Improving Local Governance and Public Service Access,include,rules
A1,W3105741652,2020,Incidence of Urban poverty in Guntur Municipal Corporation of Andhra Pradesh- An Empirical study,include,no abstract; core (and context) in title
A1,W3034085708,2020,"Urban cycling mobility: management and urban institutional arrangements to support bicycle tourism activities—case study from Curitiba, Brazil",exclude,core concept missing
A1,W3005093099,2017,Regional economic policy,include,rules
A1,W4406842731,2025,Advancing public safety and housing solutions: A comprehensive framework for machine learning and predictive analytics in urban policy optimization,include,rules
A1,W4408139081,2025,Spatial Order and City Authorities in Thirteenth-Century Bologna,borderline,core concept mentioned once
A1,W4405737862,2024,Urban governance in the pandemic and beyond: framing the debate from cities of the South,borderline,stub abstract (possible book review)
A1,W4390758795,2023,Analisa Kebijakan Peraturan Perundang-Undangan Kawasan Tanpa Rokok di Masjid Al-Ikhlas Jebres Surakarta,include,rules
A1,W4409907325,2023,Rancang Bangun Sistem Penghitungan Pencapaian Standar Pelayanan Minimal (SPM) Pendidikan Dasar dengan Algoritma Fuzzy Logic,include,rules
A1,W2089254379,2015,The new urbanization policy in China: Which way forward?,exclude,core concept missing
A1,W3163931799,2021,EFEKTIVITAS PERDA KOTA SOLOK MENGENAI PENDIRIAN BANGUNAN DALAM PERSPEKTIF HUKUM TATA NEGARA (Studi Kasus di Kelurahan Pasar Pandan Air Mati Kecamatan Tanjung Harapan),borderline,core concept mentioned once
A1,W4411126447,2025,"Implementation of Occupational Safety and Health Standards in Government Offices in the Province of Negros Occidental, Philippines",exclude,"core mentioned once, not in keyword tags"
A1,W7160257869,2026,"Remote Work and Urban Change: Housing, Commuting, and Social Stratification",exclude,"core mentioned once, not in keyword tags"
A2,W3206037496,2021,A Study on the Tasks and Improvements for Green Spaces according to the Saemangeum Master Plan,include,rules
A2,W3043301266,2020,Innovation and Collaboration Between Users and Providers,exclude,"core mentioned once, not in keyword tags"
A2,W7164837113,2026,Urban Evolution and Legal Stability: Immovable Property Law Put to the Test by Urbanization,include,rules
A2,W7215255349,2023,About Construction Works in Jizzakh during the Years of Independence,borderline,core concept mentioned once
A2,W3161320793,2021,Distributional consequences of surging housing rents,exclude,core concept missing
A2,W7168880269,2026,"Evaluating the relationship between two indeces of crop water stress and the SEBAL algorithm for estimating evapotranspiration using satellite images (Study area: agricultural lands of Dasht Abbas district, Dehlran city)",exclude,"flag, core not in title: \b(cellular automata|land[- ]use change "
A2,W4214812388,2019,Optimization of the Design of Structures in Coverage Using the Genetic Algorithm Method,exclude,context terms missing
A2,W4414765861,2025,The socio-technicities of campaigning as a form of planning: lessons from the Hamara Shehar Mumbai Abhiyaan in Mumbai and the Main Bhi Dilli campaign in Delhi,include,rules
A2,W7134926922,2026,Decommissioning gas stations in Seoul: Determinants of closure and land-use transitions,exclude,core concept missing
A2,W3126979532,2021,Building Energy Model for Mexican Energy Standard Verification Using Physics-Based Open Studio SGSAVE Software Simulation,include,rules
A2,W3187882405,2021,Manajemen Penerimaan Peserta Didik Baru Sistem Zonasi Tingkat Sekolah Menengah Atas di Sekayu Tahun Pelajaran 2021/2022,include,rules
A2,W3118808921,2019,Designing a Bundle of Rights. The Construction of Commons in the Case of Cavallerizza Reale in Turin,include,rules
A2,W4407202910,2025,Ecological security driving mechanisms and optimization of zoning in Chinese urban agglomerations: A case study of the central plains urban agglomeration,include,rules
A2,W7213277606,2026,Green Governance in Urban Spatial Planning: Managing River Buffer Zones for Sustainable Cities in Bali,include,rules
A2,W4407108041,2025,Promoting Sustainable Urban Walkability: A Modified Delphi Study on Key Indicators for Urban Walkability in Gulf Cooperation Council Urban Streets,include,rules
A2,W3146490056,2021,Identification of green infrastructure networks based on ecosystem services in a rapidly urbanizing area,exclude,core concept missing
A2,W3019576329,2020,"Application of seismic prospecting to determine the width of influence of surface faults associated to land subsidence – a case of study in the Aguascalientes Valley, México",include,rules
A2,W3211595668,2021,Recent Developments in Urban Planning: The New York Experience,include,rules
A2,W4239186498,2019,Introduction,include,rules
A2,W7216659013,2016,Land Use and Land Cover Change Detection of Ganakbari Mauja in Savar Upozila,exclude,"flag, core not in title: \b(cellular automata|land[- ]use change "
A2,W4281638184,2022,Developing a comprehensive conceptual framework for city branding based on urban planning theory: Meta-synthesis of the literature (1990–2020),include,no abstract; core (and context) in title
A2,W4416164971,2025,Linking Land Uses and Ecosystem Services Through a Bipartite Spatial Network: A Framework for Urban CO2 Mitigation,include,rules
A2,W7118206541,2026,"Can cities keep up? A Tetrad axes graphic (TAG) model for evaluating readiness for neighbourhood densification in Bengaluru, India",include,rules
A2,W4413771903,2025,Modeling intra-city functional regions through spatial interaction analysis: a case study of Chicago,include,rules
A2,W4376503772,2023,Early energy assessment at the neighborhood level to promote greater energy efficiency. The case of Nabta Smart Town in Egypt,include,rules
A2,W4230036616,2021,7. Town and Country Planning,include,rules
A2,W4396223889,2024,"Distributed Renewables, Smart Solutions: A Blueprint for Sustainable Buildings",exclude,core concept missing
A2,W4321456799,2023,Urban Planning and Affordable Housing,include,rules
A2,W7171205870,2026,Sustainable Urban Planning: Policy Approaches to Disaster Risk Reduction and Environmental Impact Mitigation in Makassar City,include,rules
A2,W4391660472,2024,Changes in Streamflow Statistics and Catchment Land Uses Across Select USGS Gages in Northwest and West‐central Arkansas,include,rules
A2,W7206181934,2026,การประเมนศกยภาพและแนวทางการพฒนาพนทจดเปลยนถายการสญจร บรเวณสถานรถไฟความเรวสงนครราชสมา กบสถานหวรถไฟโครงขายขนสงมวลชนภายในเมองสายสเขยว,include,rules
A2,W2522167922,2016,Using design technology to explore the implications of the New York City zoning amendment for quality and affordability,include,rules
A2,W4382359698,2022,Urban Planning Approach Towards Mitigation of Increasing Flood Risk,include,rules
A2,W3158809842,2021,Emotions analysis in public spaces for urban planning,include,no abstract; core (and context) in title
A2,W7169722400,2026,"The Nexus Between Urbanization and Precipitation Chemistry in the Pearl River Delta, China: Decoupling Analysis",exclude,"flag, core not in title: \b(cellular automata|land[- ]use change "
A2,W2943656614,2018,Service design for smart energy management: simulation tools and energy maps,borderline,core concept mentioned once
A2,W7133198705,2026,Agrorban: A Walkable Infrastructure for Sustainability,borderline,core concept mentioned once
A2,W4404326368,2024,Impact of Digitalisation in Construction on Australian Designers and Builders: A Cross-Analysis Based on the Size of Organisations,borderline,core concept mentioned once
A2,W4409148969,2025,From deficit to balance: Identifying blue-green infrastructure networks based on trade-offs and synergies between water and terrestrial ecosystem services in a water sensitive region,exclude,core concept missing
A2,W4392545332,2024,"Reliability assessment of land subsidence monitoring results using PSI technique in Ho Chi Minh City, Vietnam",exclude,"core mentioned once, not in keyword tags"
A3,W4399927545,2024,Smart City Conceptual Framework in the Context of Achieving Sustainable Development Goals,borderline,core concept mentioned once
A3,W7216414313,2025,Use Of Generative Artificial Intelligence In Sustainable Affordable Housing Projects In Iraqi Cities,include,rules
A3,W2605516484,2017,"Microbiota, Environment, and Diet",exclude,"flag, core not in title: \b(patients?|clinical|randomi[sz]ed|prev"
A3,W4400124081,2024,Optimization Algorithms for Equitable Public Housing Allocation in Hong Kong,include,rules
A3,W7171493895,2026,"Young Women’s Perspectives on Alcohol Environments in Urban Informal Settlements in Kampala, Uganda: An Exploratory Photovoice Analysis",include,rules
A3,W7117555112,2025,"Housing policy, homeownership, and inequality",include,no abstract; core (and context) in title
A3,W2909228737,2019,Pair-housing rats does not protect from behavioral consequences of an acute traumatic experience.,exclude,"flag, core not in title: \b(patients?|clinical|randomi[sz]ed|prev"
A3,W4362639447,2023,Planning of Affordable Housing for Slum Rehabilitation – A Review Approach,include,rules
A3,W7106404954,2025,The ‘Ashrayan’ housing project of Bangladesh: a study on beneficiaries’ perception regarding access to livelihood and basic services,include,rules
A3,W4317820188,2023,Addressing housing deficits from a multi-dimensional perspective: a review of Chilean housing policy,include,rules
A3,W2908772471,2019,Exploring young women’s constructions of love and strategies to navigate violent relationships in South African informal settlements,include,rules
A3,W2520511884,2016,"A Study of Morbidity And Nutritional Profile Among Under Five Children in An Urban Slum, Kolkata",borderline,flag: \b(patients?|clinical|randomi[sz]ed|prev
A3,W3202733352,2021,A Resilient Approach to Social Solidarity During Covid-19. Evidence from Smart Communities in South African Cities,exclude,core concept missing
A3,W7214115261,2026,"Living Alongside Rats: Belgrade’s Ashkali and Romani Trash-Pickers, Wasted Spaces, and Maimed Bodies",borderline,core concept mentioned once
A3,W7217481463,2022,"Knowledge, Attitude and Practice of food safety among the residents of an urban slum- A cross-sectional study",include,rules
A3,W3121259653,2018,Access to general social protection for immigrants in advanced democracies,borderline,core concept mentioned once
A3,W4414765861,2025,The socio-technicities of campaigning as a form of planning: lessons from the Hamara Shehar Mumbai Abhiyaan in Mumbai and the Main Bhi Dilli campaign in Delhi,borderline,core concept mentioned once
A3,W7215820440,2025,"SENTUHAN KASIH: KEGIATAN KREATIF DAN EDUKATIF DI UPTD LINGKUNGAN PONDOK SOSIAL (LIPONSOS) SIDOKARE, KAB. SIDOARJO",borderline,core concept mentioned once
A3,W3126979532,2021,Building Energy Model for Mexican Energy Standard Verification Using Physics-Based Open Studio SGSAVE Software Simulation,include,rules
A3,W2965664738,2019,Mining towns and urban sprawl in South Africa,exclude,core concept missing
A3,W4409345150,2025,Association of Escherichia coli pathotypes with fecal markers of enteropathy and nutritional status among underweight adults in Bangladesh,exclude,"flag, core not in title: \b(patients?|clinical|randomi[sz]ed|prev"
A3,W4416815303,2025,"“You’ve made it if you can, not have to live to survive, but live to live”: Beliefs about socioeconomic success and mobility among youth and parents in public housing",include,rules
A3,W3216994678,2021,Urban sustainability via urban productivity? A conceptual review and framework proposal,borderline,core concept mentioned once
A3,W2892412429,2018,"To Be Cared For. The Power of Conversion and Foreignness of Belonging in an Indian Slum, written by Nathaniel Roberts",include,no abstract; core (and context) in title
A3,W3023223662,2020,Demand for community-based care services and its influencing factors among the elderly in affordable housing communities: a case study in Nanjing City,include,rules
A3,W3159366430,2021,The spatiality of poverty and popular agency in the GCR: constituting an extended urban region,include,rules
A3,W4206973750,2022,Spatio-temporal analysis of tuberculosis and its correlation with the Living Conditions Index in an elderly population in Brazil,exclude,"flag, core not in title: \b(patients?|clinical|randomi[sz]ed|prev"
A3,W2898271340,2018,"An epidemiological cross sectional study to assess the prevalence of reproductive tract infections and sexually transmitted infections among married women in the reproductive age group in urban slum of Mumbai, Maharashtra, India",borderline,flag: \b(patients?|clinical|randomi[sz]ed|prev
A3,W2532863224,2016,Prevalence of gestational diabetes in some selected slums of Dhaka city,borderline,flag: \b(patients?|clinical|randomi[sz]ed|prev
A3,W4403167870,2024,Examination of the Value of Domestic Component Levels and the Weight of Company Benefits in High-Rise Building Projects,exclude,"core mentioned once, not in keyword tags"
A3,W7124898600,2026,"Fostering sustainability: an analysis of urban agriculture dynamics in two sub-Saharan cities – motivations, land access, and legislative challenges",borderline,core concept mentioned once
A3,W2154235822,2015,Physical abuse during pregnancy : an experience of 139 cases,include,rules
A3,W4226412833,2022,"Livelihood in the pluvial flood prone slum communities in Dhaka, Bangladesh",include,rules
A3,W4298028561,2016,Eclipsing council housing,borderline,core concept mentioned once
A3,W3008942682,2020,"Nutritional assessment of pregnant and lactating women in an urban slum of Siddipet District, Telangana, India",include,rules
A3,W4416573190,2025,Using the Low-Income Housing Tax Credit to Fund Assisted Living: Mapping the Current Environment,include,no abstract; core (and context) in title
A3,W4310172145,2022,Sustainable Slum Development,include,rules
A3,W4285790150,2019,Using survey data: towards valid estimates of poverty in the South,borderline,core concept mentioned once
A3,W4400980375,2024,Investor Confidence and the Growth of Reits in Kenya,exclude,"core mentioned once, not in keyword tags"
A3,W4233771267,2021,The Untold Story of Mental Health and Resilience of Internal Migrants in India,exclude,core concept missing
A4,W2606139594,2016,Gentrification: Research and Practitioner Perspectives,include,rules
A4,W4378220025,2023,GEOGRAPHIES OF MEMORY AND POSTWAR URBAN REGENERATION IN BRITISH LITERATURE. LONDON AS PALIMPSEST,include,rules
A4,W4396816018,2024,"The Causes, Consequences, and Challenges of Development-Induced Displacement with Special Reference to West Bengal, India",include,core in title; context terms missing
A4,W4392089110,2023,"On seperating the content of compensation, support, resettlement and site clearance from public investment projects: Some comments to the law on land law relating to special mechanism of Ho Chi Minh City",include,rules
A4,W7124898600,2026,"Fostering sustainability: an analysis of urban agriculture dynamics in two sub-Saharan cities – motivations, land access, and legislative challenges",borderline,core concept mentioned once
A4,W4288791253,2021,Pandemic demolitions: The unrecognized Bedouin villages in southern Israel and the ongoing housing crisis,include,rules
A4,W4399467250,2024,Root Shock and Postcolonial Trauma in Ireland,include,rules
A4,W2076616909,2015,Can Third-party Help Improve Data Quality in Research Interviews? A Natural Experiment in a Hard-to-study Population,borderline,core concept mentioned once
A4,W7169840975,2026,"Critical Infrastructure, Climate Disasters, and Cultural Survival: Policy Failures and Community Displacement in the Era of Managed Retreat",include,rules
A4,W2991233134,2018,"Resettlement, Mobility and Women's Safety in Cities*",include,rules
A4,W3095370283,2020,Community Mapping with Resettled Refugees: Reflections on Embeddedness,include,rules
A4,W4307925715,2022,Association of Promoting Housing Affordability and Stability With Improved Health Outcomes,exclude,"flag, core not in title: \b(patients?|clinical|randomi[sz]ed|prev"
A4,W3040166775,2020,EVALUASI PROSES PROGRAM COMMUNITY ACTION PLAN DALAM UPAYA MENINGKATKAN KUALITAS LINGKUNGAN DI KAMPUNG AKUARIUM JAKARTA UTARA,include,rules
A4,W4205833722,2021,Impact of COVID-19 on Housing Market: A Review of Emerging Literature,exclude,"core mentioned once, not in keyword tags"
A4,W4294382966,2022,“Snail Households”: Containerization of Migrant Housing on Shanghai's Fringe,include,rules
A4,W3040314202,2020,"From Closed to Claimed Spaces for Participation: Contestation in Urban Redevelopment Induced-Displacements and Resettlement in Kigali, Rwanda",include,rules
A4,W4412507258,2025,Claiming space,include,rules
A4,W2904176606,2017,"The politico-economic sides of the high-rise new-build gentrification of Santiago, Chile",include,rules
A4,W3182081514,2021,(Im)mobility at the margins: low-income households’ experiences of peripheral resettlement in India and South Africa,include,rules
A4,W2753865911,2017,Improving the asthma disparity gap with legal advocacy? A qualitative study of patient-identified challenges to improve social and environmental factors that contribute to poorly controlled asthma,exclude,"flag, core not in title: \b(patients?|clinical|randomi[sz]ed|prev"
A4,W2999749183,2019,Cities That Work: Hong Kong and Singapore,exclude,"core mentioned once, not in keyword tags"
A4,W4389145072,2023,Accessible and Affordable Housing for Urban MigrantWorkers: A Policy Perspective,include,rules
A4,W7125685566,2022,Race and the COVID-19 Eviction and Housing Crisis,include,rules
A4,W3101990717,2020,Reconfiguring urban waterscape: water kiosks in Delhi as a new governance model,borderline,core concept mentioned once
A4,W4308426303,2022,"Immigration, employment, and new town initiatives in Hong Kong",include,rules
A4,W2788954867,2018,"Analysis of Disaster Response During Landslide Disaster in Hakha, Chin State of Myanmar",exclude,"flag, core not in title: \b(refugee camps?|conflict-induced|inter"
A4,W7203457841,2026,State Eviction Moratoria and Foster Care Entries,include,rules
A4,W4384929659,2023,Social Equity and Urban Housing Policy Failures: Evaluation for Rehabilitation and Housing Resettlement Plans and Policies in Indian Cities,borderline,flag: \b(sensor network|wireless|5g|6g|edge co
A4,W4304610408,2022,Fabrications: Using Knitted Artworks to Challenge Developers’ Narratives of Regeneration and Recognise Manchester’s South Asian Working Class Textiles Businesses,borderline,core concept mentioned once
A4,W7219204793,2026,"PRESERVAÇÃO AMBIENTAL E INTERVENÇÕES URBANAS EM ÁREAS DE MANANCIAIS : Cantinho do Céu e Residencial Espanha às margens da represa Billings, São Paulo",exclude,"core mentioned once, not in keyword tags"
A4,W4286433180,2022,"Redlining, racism and food access in US urban cores",exclude,core concept missing
A4,W4396695383,2024,Southeast Asian Refugee Resettlement in Philadelphia Through the Shifting Frames of Racialization,include,rules
A4,W4320401825,2023,Trust and collaboration connect remediation and restoration to community revitalization,exclude,core concept missing
A4,W3007559468,2020,Rent Regulation in New York City: A Protracted Saga,borderline,core concept mentioned once
A4,W3154118775,2020,ISSUES OF SOCIAL AND ECONOMIC DEVELOPMENT OF OMSK REGION,exclude,"core mentioned once, not in keyword tags"
A4,W7140093056,2025,Deprived Education: A Non-rhetorical Lifestyle of Slum Dwellers,exclude,"core mentioned once, not in keyword tags"
A4,W7215943401,2024,An Analytical Study of the Problems Faced By Street Vendors in Mumbai Region,borderline,core concept mentioned once
A4,W2955766775,2019,Bordering through domicide: spatializing citizenship in Calais,exclude,"core mentioned once, not in keyword tags"
A4,W3118561126,2018,From Redevelopment to Gentrification in Hong Kong: A Case Study of Kwun Tong Town Center Project,include,rules
A4,W3135105928,2021,Stolen Lands and Stolen Opportunities,include,rules
A5,W7202290845,2026,Balancing Local Revenue and Agricultural Land Protection Through Property Tax Incentives: Evidence from Indonesia,include,rules
A5,W4413982410,2025,Associations Between Nutrient Intake and Vascular Inflammation Among Healthy Adults Living in Rural and Peri-Urban Particulate Matter 2.5-Affected Areas: An Exploratory Study,borderline,flag: \b(patients?|clinical|randomi[sz]ed|prev
A5,W2189878971,2015,"Migration, land use and forest change in St. Lucia, West Indies",exclude,core concept missing
A5,W7202392897,2026,"Strengthening Adolescent Self-Regulation to Reduce Excessive Gadget Use: A Community-Based Pre-Post Study in Surabaya, Indonesia",exclude,"core mentioned once, not in keyword tags"
A5,W7160656071,2026,‘Secondaryfication’ and land use transitions: Spatio-temporal dynamics and growth trajectories in Ghana's emerging secondary cities,exclude,"flag, core not in title: \b(soil|crop yields?|remote sensing|land"
A5,W4312444627,2022,Infrastructure Development and Conflict: A Conflict Resolution in The Construction of An Oil Refinery,exclude,context terms missing
A5,W7135386926,2026,"Physicochemical and microbiological quality of improved well water in Nkol-Afamba subdivision (Centre Region, Cameroon)",exclude,"core mentioned once, not in keyword tags"
A5,W4239312491,2019,Transitional urbanism,include,rules
A5,W7169712357,2026,Comparative study of soil arthropod diversity in organic and conventional farming systems,exclude,"flag, core not in title: \b(soil|crop yields?|remote sensing|land"
A5,W4410645085,2024,"Squatters, Tenants, Owners",exclude,context terms missing
A5,W2532167705,2016,Assessment of Households’ Food Insecurity through use of a USDA Questionnaire,exclude,"core mentioned once, not in keyword tags"
A5,W4404012885,2024,Examining the Sustainability of Food Consumption Based on Religiosity Dimensions in Urban and Sub-Urban Communities,include,rules
A5,W4404064550,2024,Mycobacterium tuberculosis infection and tuberculosis disease in the first decade of life: a South African birth cohort study,exclude,"flag, core not in title: \b(patients?|clinical|randomi[sz]ed|prev"
A5,W23120437,2019,"Drought Mitigation Policies: Waste Water Use, Energy and Food Provision in Urban and Peri-Urban Africa",include,rules
A5,W4401368517,2023,"Sosialisasi Proses dan Tahapan Pengadaan Tanah sesuai Regulasi untuk Lokasi Komplek Perkantoran Pemerintah Provinsi Papua Tengah di Desa Kadaridi, Distrik Wanggar Makmur, Kabupaten Nabire, Provinsi Papua Tengah",exclude,context terms missing
A5,W4389664133,2023,Ecological characterization of habitats of three insect species prized by populations in Kinshasa (DR. Congo),exclude,"flag, core not in title: \b(soil|crop yields?|remote sensing|land"
A5,W4381459876,2023,The Study of the Potential of Green Infrastructure Using Geodesign Approach in the Context of Covid-19 Pandemic in Bandung,include,rules
A5,W4406398882,2024,Evaluasi Implementasi Konsep Green Planning And Design,borderline,core concept mentioned once
A5,W4387401462,2023,"biomass and carbon stock potential of trees growing in a peri-urban park of assam, india",borderline,flag: \b(soil|crop yields?|remote sensing|land
A5,W3159366430,2021,The spatiality of poverty and popular agency in the GCR: constituting an extended urban region,borderline,core concept mentioned once
A5,W3011912387,2020,Evaluation of Forest Edge Structure and Stability in Peri-Urban Forests,include,rules
A5,W3045335174,2020,Internal Migration in Mongolia,exclude,core concept missing
A5,W4396816018,2024,"The Causes, Consequences, and Challenges of Development-Induced Displacement with Special Reference to West Bengal, India",exclude,context terms missing
A5,W4313068669,2022,Level of Community Knowledge About Medicine for Adult Worms in Baru Village Siantar Utara District,exclude,"flag, core not in title: \b(patients?|clinical|randomi[sz]ed|prev"
A5,W4324143672,2023,Organizational Stability in the Midst of Turnover and Leadership Change,exclude,"core mentioned once, not in keyword tags"
A5,W3040146607,2020,Welfare Economy and Land Acquisition: Theoretical Underpinnings,include,core in title; context terms missing
A5,W4224249239,2022,"Gender, agriculture and sustainable livelihood among rural farmers in northern Ghana",exclude,core concept missing
A5,W7216659013,2016,Land Use and Land Cover Change Detection of Ganakbari Mauja in Savar Upozila,exclude,"flag, core not in title: \b(soil|crop yields?|remote sensing|land"
A5,W4415050974,2025,"CARACTERISATION MORPHOLOGIQUE DU MOUTON BALI BALI A LA STATION DE RECHERCHE AGRONOMIQUE DE SAME ET AU PERIURBAIN DE KAYES, MALI",borderline,core concept mentioned once
A5,W3109644093,2020,Bypassing high-quality maternity facilities: evidence from pregnant women in peri-urban Nairobi,include,rules
A5,W4214710966,2022,The Dilution of Peri-Urban Socio-Cultural Identity: An Insight into Policies and Strategies in Malaysia and the European Commission,include,no abstract; core (and context) in title
A5,W7151420119,2026,"High Burden of Child Undernutrition and Associated Factors Among Children Aged 6–59 Months in a Peri-urban Setting of Dakar, Senegal",borderline,flag: \b(patients?|clinical|randomi[sz]ed|prev
A5,W4416859006,2025,Singapore: Making Space for Farming,include,rules
A5,W2337862763,2016,"CONTRIBUTION OF PERI-URBAN FORESTS TO NEIGHBOURHOOD LIVELIHOODS IN ABEOKUTA, OGUN STATE, NIGERIA",include,rules
A5,W4407174153,2025,Presence of the genus Loxosceles in the municipalities of San Benito and Tolata Cochabamba-Bolivia,exclude,"core mentioned once, not in keyword tags"
A5,W4244927554,2016,The Richest People of Dhaka City,include,rules
A5,W4405703524,2024,Multimorbidity and Depression Increase Prevalence of Frailty of Community-dwelling Indonesian Older Adults: Indonesia Care Networks Study,exclude,"flag, core not in title: \b(patients?|clinical|randomi[sz]ed|prev"
A5,W4284895871,2022,"Truncated Property Rights, Land Finance, and Grassroots Governments: A Case Study of Minor Property Rights Housing in Transitional China",include,rules
A5,W7134986819,2026,"Assessing bikeability across scales: a context-specific framework for Xiamen Island, China",exclude,core concept missing
A5,W4404906152,2024,Assessing food consumed away from home in low-and middle-income countries by developing specific modules for household surveys: Experimental evidence from Vietnam and Burkina Faso,exclude,"core mentioned once, not in keyword tags"
A6,W7160656071,2026,‘Secondaryfication’ and land use transitions: Spatio-temporal dynamics and growth trajectories in Ghana's emerging secondary cities,include,rules
A6,W4360608194,2023,MP77-03 THE EFFECT OF NEIGHBORHOOD ARCHETYPE ON PROSTATE CANCER-SPECIFIC MORTALITY FOR WISCONSIN MEN,exclude,"flag, core not in title: \b(patients?|clinical|randomi[sz]ed|prev"
A6,W4245834167,2021,Conclusion,include,rules
A6,W4387532079,2023,Did the COVID-19 pandemic change internal rural migration patterns in Serbia?,include,rules
A6,W3096596656,2020,"Hniezdne spoločenstvá vtákov vo vzťahu k štruktúre urbánneho prostredia malého mesta (Sabinov, východné Slovensko)",borderline,core concept mentioned once
A6,W3163890914,2021,"Métropole d’Equilibre et Dynamique Territoriale: Concept, Réalités et Perspectives dans l’espace UEMOA",borderline,core concept mentioned once
A6,W4214710966,2022,The Dilution of Peri-Urban Socio-Cultural Identity: An Insight into Policies and Strategies in Malaysia and the European Commission,exclude,core concept missing
A6,W4388642054,2023,Long Museum and Yuz Museum—A Heterotopic Vision Mediated by Billionaires,exclude,core concept missing
A6,W4280642507,2022,Smaller is smarter: A case for small to medium-sized smart cities,include,rules
A6,W3005093099,2017,Regional economic policy,borderline,core concept mentioned once
A6,W4385200364,2023,Defining the Urban Greenspaces in the Indian Context,include,rules
A6,W4289938776,2022,"Highways, railways and entrepreneurship in peripheral cities: evidence from China",borderline,core concept mentioned once
A6,W2997727960,2019,Economic and functional changes in the largest villages in Poland at the end of the 20th and the beginning of the 21st century,exclude,"core mentioned once, not in keyword tags"
A6,W4411117896,2025,Artificial intelligence and urban social risk in China: A spatial analysis,exclude,core concept missing
A6,W4400119922,2024,Automated Geospatial Approach for Assessing SDG Indicator 11.3.1: A Multi-Level Evaluation of Urban Land Use Expansion across Africa,exclude,"core mentioned once, not in keyword tags"
A6,W4292814187,2022,Unravelling the Complex Nature of Events-Focused Policy: A Framework to Aid Understanding,borderline,core concept mentioned once
A6,W4408150138,2024,"Master Plan of a Small Town: Experience of Preproject Sociogeographical Research (on the Example of Bezhetsk, Tver Oblast)",include,rules
A6,W7165530483,2026,"Patterns, drivers, and trends of urban cooling demand across global cities",exclude,"core mentioned once, not in keyword tags"
A6,W4403484179,2024,Assessment of the Total Amount of Surface Deposited Sediments in Small Towns,include,rules
A6,W2401971682,2016,"Urban Sprawl Monitoring using Remote Sensing and GIS Techniques of the City Jaipur, India",exclude,"core mentioned once, not in keyword tags"
A6,W7154066408,2026,Comparing Patterns of Semiotic Landscapes of Warning Security in Chinese and Russian Languages,exclude,"core mentioned once, not in keyword tags"
A6,W2604829603,2017,“The Spice of the Program”: Educational Pictures and the Small-Town Audience,exclude,core concept missing
A6,W4407903971,2025,Urban Heat Island Effect in Different Sizes from a 3D Perspective: A Case Study in the Beijing–Tianjin–Hebei Region,borderline,core concept mentioned once
A6,W2526973616,2016,Urban Health,borderline,core concept mentioned once
A6,W7151565585,2026,Urbanization and China's New Growth Stage,borderline,core concept mentioned once
A6,W4407054261,2025,High-speed rail network and regional carbon emissions: Carbon lock-in or unlocking?,exclude,core concept missing
A6,W2737450472,2017,Adjusting to the New Domestic Normal and the New International Normal: Supply-side Structural Reform 2.0,exclude,"core mentioned once, not in keyword tags"
A6,W3124274416,2021,Design of a Public Vehicle Tracking Service Using Long-Range (LoRa) and Intelligent Transportation System Architecture,exclude,"flag, core not in title: \b(sensor network|wireless|5g|6g|edge co"
A6,W2988883581,2019,Conclusion,exclude,core concept missing
A6,W4243717856,2020,"Modern Taste—Iranian Domestic Cultural Transformation and the Excellence of the Car-Urban Landscape: Kuy-e Farah, 1961 and Kuy-e Chahārom-e Ābān, 1969",exclude,"core mentioned once, not in keyword tags"
A6,W4404142849,2024,Assessment of Water Service Levels and User Satisfaction for Domestic Water Use in Emina-Boadi-Kumasi to Achieve the Sustainable Development of Urban Water Supply Systems in Ghana,exclude,"core mentioned once, not in keyword tags"
A6,W2345632567,2015,Population changes as litmus paper of the socio-economic development level of small towns in Poland,include,rules
A6,W4399351343,2024,Employment Generation by Small Businesses in Kolar,exclude,"core mentioned once, not in keyword tags"
A6,W2120882503,2015,"Urban economic development, changes in food consumption patterns and land requirements for food production in China",include,rules
A6,W3005746068,2020,Integrated spatial and energy planning: a means to reach sustainable development goals,exclude,"core mentioned once, not in keyword tags"
A6,W2899263335,2018,ECOLOGICAL FRIENDLY APPLIED TECHNOLOGY TO NEGOTIATE THE DILEMMA BETWEEN ENVIRONMENTAL PROTECTION AND URBAN DEVELOPMENT,borderline,core concept mentioned once
A6,W2601132801,2016,Analysis of Brand Slogan in Korean Small and Medium-sized Cities,include,no abstract; core (and context) in title
A6,W4411277299,2025,"Medication Recommendation, Counseling, and Pricing for Nasal Sprays in German Community Pharmacies: A Simulated Patient Investigation",exclude,"flag, core not in title: \b(patients?|clinical|randomi[sz]ed|prev"
A6,W2725134057,2017,Demographic potential in functional areas of the selected medium-sized cities in Poland and the Czech Republic,include,rules
A6,W7215170713,2021,สถานการณการทองเทยวถวลหาอดตในพนทอำเภอผกไห จงหวดพระนครศรอยธยา,exclude,"core mentioned once, not in keyword tags"
A7,W4290459056,2022,Artificial wetlands as a key for the construction of new sustainable urban systems,include,rules
A7,W4409788668,2025,"THE INFLUENCE OF PREVENTION FACTORS BY MOTHERS ON TODDLERS WITH DIARRHEA IN THE LAMPULO COMMUNITY HEALTH CENTER, BANDA ACEH CITY",exclude,"flag, core not in title: \b(patients?|clinical|randomi[sz]ed|prev"
A7,W2605516484,2017,"Microbiota, Environment, and Diet",exclude,"flag, core not in title: \b(patients?|clinical|randomi[sz]ed|prev"
A7,W7135386926,2026,"Physicochemical and microbiological quality of improved well water in Nkol-Afamba subdivision (Centre Region, Cameroon)",exclude,"flag, core not in title: \b(wastewater treatment plant|membrane|p"
A7,W7220137444,2025,Selection of the Best Machine Learning Model to Predict Poverty Conditions: A Study on North-Eastern Wetland Region of Bangladesh,exclude,"flag, core not in title: \b(deep learning|neural network|convolut"
A7,W7106404954,2025,The ‘Ashrayan’ housing project of Bangladesh: a study on beneficiaries’ perception regarding access to livelihood and basic services,include,rules
A7,W2597421644,2017,"Ownership, Infrastructure, and the Environment",include,rules
A7,W3212789254,2021,A Review of Methods and Techniques for Detecting Frost on Plant Surfaces,exclude,"core mentioned once, not in keyword tags"
A7,W4366085283,2023,"Poverty, Inequality and Social Protection Programs in Africa: Lessons from the COVID-19 Pandemic",exclude,"flag, core not in title: \b(patients?|clinical|randomi[sz]ed|prev"
A7,W4391577677,2024,Urban water system theory and its model development and application,include,no abstract; core (and context) in title
A7,W2748184073,2017,"Electrification in Rural Bangladesh Using Solar Home System: Progress, Problems and Prospect",include,rules
A7,W2242697585,2015,"Cross-sectoral governance of the climate, energy and water sectors: A ‘Rubik's cube’ analysis of cross-sectoral co-ordination",borderline,core concept mentioned once
A7,W4414594567,2025,Food Insecurity in Amsterdam Noord: Experiences of Infrastructural Violence in an Urban Food Environment,include,rules
A7,W7151420119,2026,"High Burden of Child Undernutrition and Associated Factors Among Children Aged 6–59 Months in a Peri-urban Setting of Dakar, Senegal",exclude,"flag, core not in title: \b(patients?|clinical|randomi[sz]ed|prev"
A7,W4385899675,2023,"Securing urban water supply through reservoir reoperation–An analysis of power resources and equity in cases from India, Spain and the USA",include,rules
A7,W4404748621,2024,Resilience Assessment of Urban Water Distribution Networks under Disturbance Influence of Aftershocks,include,rules
A7,W4392575021,2024,Persons Deprived of Liberty in the Philippines: A Call to Health Equality,exclude,"flag, core not in title: \b(patients?|clinical|randomi[sz]ed|prev"
A7,W2593233790,2017,Electricity consumption and economic growth in Pakistan: menace of circular debt,include,rules
A7,W4389210265,2023,Urban water resources management with energy constraint and carbon emission intensity under uncertainty: A dual objective optimization model,include,no abstract; core (and context) in title
A7,W7147615701,2026,Tunable Catalytic Platforms: Metal–Organic Frameworks for Electrocatalytic Carbon Dioxide Reduction Toward Value-Added Chemicals,exclude,"core mentioned once, not in keyword tags"
A7,W7164200639,2026,"Urban Water Scarcity, Household Water Consumption, and Conservation Practices: Evidence from Shimla, India",include,rules
A7,W4386607113,2023,"Application of Integrated Urban Water Security Index (IUWSI) in Sana’a, Yemen (Case study)",include,rules
A7,W3130339133,2021,Inward foreign direct investment in Bangladesh: Do we need to rethink about some of the macro-level quantitative determinants?,exclude,core concept missing
A7,W2804687531,2018,Risk factors for schistosomiasis in an urban area in northern Côte d’Ivoire,exclude,"flag, core not in title: \b(patients?|clinical|randomi[sz]ed|prev"
A7,W3119624550,2021,"Distribution of Beta-Lactamase Producing Gram-Negative Bacterial Isolates in Isabela River of Santo Domingo, Dominican Republic",exclude,"flag, core not in title: \b(patients?|clinical|randomi[sz]ed|prev"
A7,W4392890180,2023,Analysis of the rational allocation of regional reclaimed water based on the system coupling coordination criterion,include,rules
A7,W7109937358,2025,"Disaster Safety Policies from a Gender-Sensitive Perspective - A Case Study of Paju City, South Korea",exclude,"core mentioned once, not in keyword tags"
A7,W3034477742,2020,Assessment of Urban Water Supply Options by Using Fuzzy Possibilistic Theory,include,no abstract; core (and context) in title
A7,W3126767251,2021,Cross-correlation analysis of multiple fibre optic hydrophones for water pipeline leakage detection,include,no abstract; core in title; context terms missing
A7,W2410171218,2015,Optimizing Health in Aging Societies,exclude,"flag, core not in title: \b(patients?|clinical|randomi[sz]ed|prev"
A7,W4410103224,2025,Smart-oriented urban development for urban administrative units and smart urban areas in the urbanization context of Vietnam,include,rules
A7,W3093679004,2020,Exploring rural energy choice from the perspective of multi-dimensional capabilities: Evidence from photovoltaic anti-poverty areas in rural China,exclude,core concept missing
A7,W4327709583,2023,"Utility governance, incentives, and performance: Evidence from India's urban water sector",include,rules
A7,W4384835359,2023,"Economic Reform and The Development of Nigeria’s Power Sector, 2015-2020",include,rules
A7,W2900783872,2018,Dual Disruptions: Brexit and Technology,exclude,"flag, core not in title: \b(sensor network|wireless|5g|6g|edge co"
A7,W2512082565,2016,What Works to Make Cities Good for Living?,include,rules
A7,W7155178814,2026,Spatio-temporal dynamics of water quality during and after an extreme flood event in southern Brazil,exclude,"flag, core not in title: \b(wastewater treatment plant|membrane|p"
A7,W4307252771,2022,Infrastructure and health: laying down the big connections for well-being,borderline,flag: \b(patients?|clinical|randomi[sz]ed|prev
A7,W4412154243,2025,Heritage and Resilience: Sustainable Recovery of Historic Syrian Cities,exclude,"core mentioned once, not in keyword tags"
A7,W4309809328,2022,In Situ Deposited Polyaromatic Layer Generates Robust Copper Catalyst for Selective Electrochemical CO2 Reduction at Variable pH,exclude,"core mentioned once, not in keyword tags"
A8,W7220427302,2026,Integration of TransJakarta and Jakarta LRT for Urban Mobility in Jakarta,include,rules
A8,W2487313216,2015,Cross-Sector Collaboration between Business and Non-Business Actors,include,rules
A8,W2254457920,2015,"Transport Disadvantage, Car Dependence and Urban Form",include,no abstract; core (and context) in title
A8,W7124131443,2026,Travel to culture: cultural participation and the 20 min neighbourhood,include,rules
A8,W3205554176,2021,Reimagining the physical/social infrastructure of the American street: policy and design for mobility justice and conviviality,include,rules
A8,W7148238882,2026,Home-to-Campus Commuting Mode Choice Among University Students in a Small-Scale City: A Mixed Multinomial Logit Analysis of Sustainable Mode Preferences,include,rules
A8,W4402267152,2024,Seeing a pandemic: how COVID changed urban spaces and places,borderline,core concept mentioned once
A8,W7171636939,2026,Analysis of instruments governing the public transport subsidy regime in South Africa,include,core in title; context terms missing
A8,W4412370403,2025,ANALYSIS OF THE INFLUENCE OF PASSENGER SATISFACTION ON SUSTAINABLE TRANSPORTATION IN THE ARCHIPELAGO REGION (BATAM - INDONESIA),include,rules
A8,W3196024916,2021,"EFFECT OF INTEGRATED TICKETING ON SUSTAINABLE MOBILITY IN THE MATATU SACCOS IN NAIROBI COUNTY, KENYA",include,core in title; context terms missing
A8,W2789910207,2018,Reprint of Transport poverty and fuel poverty in the UK: From analogy to comparison,include,core in title; context terms missing
A8,W4417102270,2025,Occupational determinants of Long COVID in the population-based COVICAT cohort,exclude,"flag, core not in title: \b(patients?|clinical|randomi[sz]ed|prev"
A8,W7166683067,2026,Intelligent Transport Systems and their Impact on Urban Mobility,borderline,flag: \b(traffic flow|vehicle routing|optimi[s
A8,W2613358489,2017,"An Assessment of Motorcycle Operation in Ado-Odo Ota Local Government Area of Ogun State, Nigeria",borderline,core concept mentioned once
A8,W4403823869,2024,Sickness absence patterns during the COVID-19 pandemic among Finnish public sector employees,exclude,"flag, core not in title: \b(patients?|clinical|randomi[sz]ed|prev"
A8,W4307252771,2022,Infrastructure and health: laying down the big connections for well-being,exclude,"flag, core not in title: \b(patients?|clinical|randomi[sz]ed|prev"
A8,W4313598124,2022,Opportunity of Implementing Buy the Service (BTS) Subsidies for Bus Rapid Transit (BRT) to Improve the Quality of Public Transport Services in Padang Panjang City,include,rules
A8,W3196080565,2021,Sociodemographic inequities and active transportation in adults from Latin America: an eight-country observational study,include,rules
A8,W4395044844,2024,Incrementalism or jurisdictional design?,exclude,"core mentioned once, not in keyword tags"
A8,W4392623488,2024,MaaS and shared transport,exclude,context terms missing
A8,W7215459853,2024,Avaliação da região central de Maricá sob a ótica do Desenvolvimento Orientado para o Trânsito,include,rules
A8,W4408996593,2025,Towards Sustainable Cities: A KPI-Based Method to Compare Cities’ Performance and Encourage the Spread of Electric Cars,include,rules
A8,W1664659542,2015,"World attending in interaction: Multitasking, spatializing, narrativizing with mobile devices and Tinder",exclude,core concept missing
A8,W4410899952,2025,Urban Human Mobility and Energy,include,rules
A8,W4414763833,2026,Understanding the influence of public transport perceptions on the adoption of demand responsive transport services in the UK: A case study,include,rules
A8,W3094205932,2020,"Effect of Integrated Employee Training on Sustainable Mobility of Matatu Saccos in Public Transport Sector in Nairobi County, Kenya",include,core in title; context terms missing
A8,W2248738216,2015,A Cross-Sectional Survey on Older Adults’ Community Mobility in an Indian Metropolis,exclude,core concept missing
A8,W4401962576,2024,Planning for Introducing Electric Buses Based on Ecological and Financial Impacts,include,rules
A8,W3183281364,2021,Psychosocial Factors of Public Transport Users and Social Inclusion Implications among Older Women in Pakistan,include,rules
A8,W4410049893,2025,Strategy to Enhance Last mile connectivity of Metro rail transit system in India,include,rules
A8,W4240023240,2019,Route Recommendation System based on Safety Metrics and Route Profiling,include,rules
A8,W4313406748,2022,La segregación laboral de las mujeres como caso judicial,borderline,core concept mentioned once
A8,W3170105616,2021,Access to urban activities during the Covid-19 pandemic and impacts on urban mobility: The Brazilian context,include,no abstract; core (and context) in title
A8,W4281297683,2022,Challenges of delivering TOD in low-density contexts: the Swedish experience of barriers and enablers,borderline,core concept mentioned once
A8,W4407838930,2025,Institutional features driving socially sustainable urban mobility: Contributions from the Northern Central American Triangle,include,rules
A8,W7166591960,2026,Risk Perception and Cycling Behaviour: The Role of Pro-Environmental Attitudes and Experience in Urban Sustainable Mobility,include,rules
A8,W4412899474,2025,Transport equity in South Africa - How much progress was made over the last two decades?,include,core in title; context terms missing
A8,W3010887843,2019,Analysis of spatiotemporal data to predict traffic conditions aiming at a smart navigation system for sustainable urban mobility,include,rules
A8,W2407297090,2016,"Livelihoods in motion: Linking transport, mobility and income-generating activities",exclude,core concept missing
A8,W3135368305,2020,The effect of covid-19 on public transportation,include,core in title; context terms missing
A9,W2770970345,2017,Where the Wild Things are: Learning from Tunnerminnerwait and Maulboyheener,exclude,context terms missing
A9,W4220739787,2022,DESIGNING FLEXIBLE OPEN SPACES WITH ENERGY EFFICIENT SOLUTIONS FOR A RESILIENT BEIRUT - CASE STUDY OF RMEIL MEDAWAR DISTRICT,include,rules
A9,W4410309640,2025,"The practices of public spaces in traditional neighborhoods: case of the Argoub district, city of M'sila-Algeria",include,rules
A9,W4382939153,2023,Cultural Heritage and Legal Mobilisation After Terror: July 22 and the Battle for Y,include,rules
A9,W4409952603,2025,DEFINITION OF STRATEGIC DIRECTIONS AND DEVELOPMENT OF PROPOSALS FOR THE DEVELOPMENT OF URBAN FOREST FOR COASTAL CITIES,exclude,"core mentioned once, not in keyword tags"
A9,W4379618022,2016,Space and Psyche by Elisabeth Danze and Stephen Sonnenberg (review),exclude,"core mentioned once, not in keyword tags"
A9,W7218102923,2026,Evaluación del impacto del parque urbano Eloy Alfaro en los servicios ecosistémicos y la cohesión social de los habitantes del cantón Jipijapa,exclude,"flag, core not in title: \b(thermal comfort|microclimate|air qual"
A9,W2912214202,2018,Sensing La Séptima. Rethinking Bogotá's public spaces through emotions and the senses,include,rules
A9,W3205554176,2021,Reimagining the physical/social infrastructure of the American street: policy and design for mobility justice and conviviality,borderline,core concept mentioned once
A9,W2956070209,2019,Bringing Arts Closer to Local Communities: Spatial Opportunities and Impacts on Community Bonding,exclude,core concept missing
A9,W7161061661,2026,"Reflections of the Digital World on Public Space Perception: A Focus on Istanbul, Türkiye",include,rules
A9,W4402154845,2024,Architectural and urban planning organization of the system of public spaces in the Voroshilovsky district of Volgograd “Tsaritsyn Quarters”,include,rules
A9,W4206382343,2022,The Changing Nature of In-Between Spaces in the Transformation Process of Cities,include,rules
A9,W2293003355,2016,The Garage: Automobility and Building Innovation in America’s Early Auto Age by John A. Jakle and Keith A. Sculle (review),exclude,"core mentioned once, not in keyword tags"
A9,W4401909745,2024,Jean-Michel Wilmotte's Interior Urban Design as a Model of Public Interior Practice,exclude,"core mentioned once, not in keyword tags"
A9,W4390994775,2023,Women’s Changing Roles in Times of Conflict,include,rules
A9,W4388711130,2023,The Families’ Civil War: Black Soldiers and the Fight for Racial Justice by Holly A. Pinheiro Jr (review),exclude,"core mentioned once, not in keyword tags"
A9,W4360989126,2023,THE ABILITY TO CONTROL SPACE AND PROPERTY IN A MUNICIPALITY,include,rules
A9,W4394596549,2024,Ethnographie ponctuelle,borderline,core concept mentioned once
A9,W4389672667,2023,Wałęsanie się. Miastotwórcze efekty lubelskiej Nocy Kultury,borderline,core concept mentioned once
A9,W2991233134,2018,"Resettlement, Mobility and Women's Safety in Cities*",exclude,"core mentioned once, not in keyword tags"
A9,W7219311634,2025,PROJETO DA(NA) RUA: Pedagogia e reflexões sobre a ação tática,include,rules
A9,W2778422895,2017,Towards a Multi-Disciplinary Approach in Urban Design Education: Art and Software (Depthmap) Use in Urban Design of Public Spaces,include,rules
A9,W7204573682,2026,Healthscaping and Climate Volatility,exclude,"flag, core not in title: \b(patients?|clinical|randomi[sz]ed|prev"
A9,W4407029822,2025,Digital footprints of play: Decoding child-friendliness of cities through PPGIS,exclude,"core mentioned once, not in keyword tags"
A9,W7220164157,2026,ANALISIS TINGKAT KEPATUHAN HUKUM PENGGUNA WISATA PANTAI MUARO LASAK DALAM ERA NEW NORMAL PANDEMI COVID-19,exclude,"flag, core not in title: \b(patients?|clinical|randomi[sz]ed|prev"
A9,W7133485037,2025,Beyond Formal Parks: Youth Preferences and Experiential Quality in Informal Public Spaces,include,rules
A9,W4408139081,2025,Spatial Order and City Authorities in Thirteenth-Century Bologna,borderline,core concept mentioned once
A9,W4408409014,2025,Mode choices under car-reducing scenarios: Measurable factors and latent attitudes,exclude,"core mentioned once, not in keyword tags"
A9,W2626356543,2017,Accessible and Inclusive Public Space: The Regeneration of Waterfront in Informal Areas,include,rules
A9,W4403854904,2024,Can we rely on people's choices when envisioning retrofit of semi-public courtyards using blue-green infrastructure?,exclude,core concept missing
A9,W2606019269,2017,Place Attachment in a Tirana Neighborhood: The Influence of the “Rebirth of the City” Project,exclude,"core mentioned once, not in keyword tags"
A9,W2408818484,2016,Relationship between land use variations and spatiotemporal changes in amounts of thermal infrared energy emitted from urban surfaces in downtown Tokyo on hot summer days,exclude,core concept missing
A9,W4297724691,2022,Whose Heritage,include,rules
A9,W4211179078,2020,Salvaging the Gothic in Private and Public Spaces (c.1820–1870),include,rules
A9,W3158809842,2021,Emotions analysis in public spaces for urban planning,include,no abstract; core (and context) in title
A9,W3038256681,2020,MAKNA AMBATIK – PALMERAH,include,rules
A9,W4392837981,2023,Lanskap Linguistik Lembaga Pemerintah dan Swasta di Kota Surakarta,include,rules
A9,W7169786770,2026,An Indicator-Based Model for Assessing In-Between Character in South European Urban Spaces,borderline,core concept mentioned once
A9,W2759603856,2015,The analysis of suburban housing features based on the example of development investments realised in the vicinity of Krakow,exclude,"flag, core not in title: \b(patients?|clinical|randomi[sz]ed|prev"
A10,W2346328712,2016,EVALUATION OF A POPULAR SHOPPING MALL BUILT TO ACCOMMODATE PREVIOUS STREET VENDORS IN DOWNTOWN PORTO ALEGRE,include,rules
A10,W7219716348,2025,Conditions of Poor Waste Pickers in the Plastic Waste Supply Chain in The Implementation of Circular Economy at Mahija Parahita Nusantara Foundation,include,core in title; context terms missing
A10,W4366085283,2023,"Poverty, Inequality and Social Protection Programs in Africa: Lessons from the COVID-19 Pandemic",exclude,"flag, core not in title: \b(patients?|clinical|randomi[sz]ed|prev"
A10,W3173297163,2021,How Disadvantaged Groups and Street Vendors Participate in Management during Disaster and Crisis Periods. Corona Process Example,borderline,flag: \b(patients?|clinical|randomi[sz]ed|prev
A10,W4410340084,2025,Urban Solid Waste Management and Social Inclusion: Challenges and Perspectives in Latin America,include,rules
A10,W7217595250,2018,HALALAN TOYYIBAN UNDERSTANDING: A CASE OF MUSLIM STREET FOOD VENDORS IN SHAH ALAM,exclude,"core mentioned once, not in keyword tags"
A10,W4283580609,2022,"Financial stress, financial literacy, and financial insecurity in India’s informal sector during COVID-19",include,rules
A10,W2412674699,2016,The Strategies Of Scavengers In Maintaining Their Viability Based On Social Networks In Surabaya City,include,rules
A10,W7131071921,2026,Socioeconomic Consequences of Plastic Pollution Undermine Coastal Livelihoods,exclude,core concept missing
A10,W4416272230,2025,Implementasi Kebijakan Penataan Pedagang Kaki Lima Di Kawasan Kaki Jembatan Suramadu Sisi Surabaya,include,rules
A10,W7155718426,2024,"Inclusive Development as an Initiative to Alleviate the Social Exclusion of Urban Communities (Study on Street Vendors in Tedis Beach, Kupang City)",include,rules
A10,W4392899130,2024,Development of evaporative cooling mobile vending cart for vegetables,borderline,core concept mentioned once
A10,W2666044082,2017,"Information and Communication University review of street vending and its impact in Mpongwe, (case study) of markets in Mpongwe in Copperbelt province of Zambia",include,no abstract; core (and context) in title
A10,W2953478797,2019,The Informal Economy & conflict: Dohuk – Kurdistan Region of Iraq as a case study,include,rules
A10,W7138420542,2026,An Exploration of the Informal Waste Scavenger’s Case as Reflected in Mirdula Koshy’s Bicycle Dreaming,exclude,context terms missing
A10,W4214631724,2022,Respiratory Disorders Related to e-Waste Exposure among Workers in the Informal Sector in a Sub-Saharan African City: An Exposed Nonexposed Study,borderline,flag: \b(patients?|clinical|randomi[sz]ed|prev
A10,W4281386144,2022,Assessment of Pathogenic Micro-organisms Associated with Vegetable Salads,exclude,"flag, core not in title: \b(patients?|clinical|randomi[sz]ed|prev"
A10,W4409562111,2025,Waste material recycling: the horrors of informal waste material picking in Zimbabwe,include,rules
A10,W4410857445,2025,"As Extreme Heat Threats Grow, Can Heat Insurance Offer Protection?",borderline,core concept mentioned once
A10,W7220802593,2022,Rancang Bangun Sistem Informasi Praktik Kerja Lapangan berbasis Web (Studi Kasus: Program Studi Teknik Informatika Universitas Brawijaya),include,rules
A10,W3127450659,2021,Ambulant Market Foods: Consumer Problem or Solution?,include,rules
A10,W2913662440,2018,Determining the Difference Between Counterfeit & Luxury Products,borderline,core concept mentioned once
A10,W4414383651,2025,Which Value Counts? Towards a Decolonial Perspective on Value Creation,exclude,context terms missing
A10,W2796064428,2018,Governance Lessons from Urban Informality,include,rules
A10,W7169728766,2026,"Performing trust: Social media, reputational labor, and economic legitimacy in Indonesia's informal errand economy",borderline,core concept mentioned once
A10,W4387626124,2022,The Determinant of Labor Supply of Informal Sector in Gowa Regency,include,rules
A10,W3008697785,2020,An informal city,borderline,core concept mentioned once
A10,W2800824135,2018,Negotiating Streets and Space in Transnational Trade Marketplaces in Oran (Algeria) and Cairo (Egypt): “Place Struggle” in the Commercial City,include,rules
A10,W7161148593,2026,"Material flow analysis of municipal solid waste at an open disposal site: Quantifying waste dynamics, informal recovery and environmental leakage in Khulna city",borderline,core concept mentioned once
A10,W4396876338,2024,Status of Women Street Vendors in India: Issues and Challenges,include,rules
A10,W7133549166,2026,Noise Hazard Awareness Among Street Vendors and Evaluation of Noise Levels in the Market Areas of North Kolkata: A Cross-Sectional Study,include,rules
A10,W7220629085,2025,การสอบสวนโรคเฉพาะราย กรณผปวยตดเชอ Listeria Monocytogenes โรงพยาบาลเอกชนแหงหนง กรงเทพมหานคร กมภาพนธ 2568,exclude,"flag, core not in title: \b(patients?|clinical|randomi[sz]ed|prev"
A10,W3211456047,2021,Assistance and Non-Assistance Before and During the Time of COVID-19,borderline,core concept mentioned once
A10,W4417295111,2025,Assessing the Spatial Distribution and Infrastructure Gaps in Udaipur s Commercial Centers Using GIS and URDPFI Norms,borderline,core concept mentioned once
A10,W2937950821,2019,"Formalization of wastepickers in Bogota and Lima: Recognize, regulate, and then integrate?",borderline,core concept mentioned once
A10,W2202936410,2015,Living on the Edge: A Reflection on the Survival Strategies of Rural Teachers in the 2005-2008 Economic Depression of Zimbabwe,include,rules
A10,W4210878599,2021,Financial Inclusion Support and Performance of Livelihood Project in Rwanda: A Case of Street Vendors' Project in Gasabo District,include,rules
A10,W2122750147,2015,POLÍTICA NACIONAL DE RESÍDUOS SÓLIDOS E OS CATADORES DE MATERIAIS RECICLÁVEIS: ESTUDO DE CASO DE COOPERATIVAS NOS MUNICÍPIOS DO ESTADO DO RIO DE JANEIRO,include,rules
A10,W3037200989,2020,"Assessment of milk adulteration in the commercially available milk for the consumers in Cauvery delta region of Tamil Nadu, India",borderline,core concept mentioned once
A10,W4310588342,2022,The Politics of Street Vendors: Community Perspectives in the State in Medan City,include,rules
A11,W4384406936,2023,Crisis management during the COVID‐19 pandemic: Street food vendors' perspectives from Bangkok,exclude,"core mentioned once, not in keyword tags"
A11,W2775857568,2017,"Factors influencing forest rights disputes between farming households in Sanming City, Fujian Province, China",borderline,core concept mentioned once
A11,W7125529111,2024,"The well-being of internal migrants and their children in destination districts in Vietnam: A microeconometric analysis, 2015",include,rules
A11,W4210909634,2022,COVID-19 and social inequality in China: the local–migrant divide and the limits of social protections in a pandemic,borderline,flag: \b(patients?|clinical|randomi[sz]ed|prev
A11,W4415585454,2025,"Migration, Precarity and Solidarity Among Migrant Platform Workers in China’s Food Delivery and Ride-Hailing Sectors",include,no abstract; core in title; context terms missing
A11,W4387532079,2023,Did the COVID-19 pandemic change internal rural migration patterns in Serbia?,include,rules
A11,W3087812061,2020,"COVID-19: Reverse Migration of Labour and the Longer Road to SDGs, Documenting Coronavirus Pandemic as a News Correspondent",include,no abstract; core in title; context terms missing
A11,W3045335174,2020,Internal Migration in Mongolia,include,no abstract; core in title; context terms missing
A11,W4321376033,2023,"Time-trend analysis of tuberculosis diagnosis in Shenzhen, China between 2011 and 2020",exclude,"flag, core not in title: \b(patients?|clinical|randomi[sz]ed|prev"
A11,W3195504610,2021,A Middle Class Rooted in Urban-to-Urban Migration,include,no abstract; core (and context) in title
A11,W4396937078,2024,Spatial spillover effects of fiscal expenditure and economic opportunity on internal migration in Taiwan,include,rules
A11,W4210797699,2021,Social work services migrant workers in non-state economic sector in Ho Chi Minh City,include,rules
A11,W3021100486,2020,Transitions and Conflicts: Reexamining Impacts of Migration on Young Women’s Status and Gender Practice in Rural Shanxi,include,rules
A11,W3137237021,2021,Agriculture and Food Security in Asia,exclude,core concept missing
A11,W4220989156,2022,The logistics of neoliberal slavery: legal production of illegality,include,rules
A11,W4220789284,2022,Non-agricultural rural employment and urban-rural migration: is there a connection?,include,rules
A11,W2393746097,2015,Analysis on the Labor Relation Caused by Production Team Dispatch——Based on the Survey Among Chao'an County,borderline,core concept mentioned once
A11,W2555925728,2016,Modelling of Rural-Urban Migration: A Statistical Investigation of Western Uttar Pradesh (India),include,rules
A11,W4294382966,2022,“Snail Households”: Containerization of Migrant Housing on Shanghai's Fringe,include,rules
A11,W3047889218,2020,Unmet need for family planning after internal migration: Analysis of Ethiopia 2017–2018 PMA survey data,include,rules
A11,W4409180319,2025,Bangladeshi Construction Workers and the Politics of (Im)Mobility in Singapore,include,rules
A11,W2366861273,2016,The Ideological and Political Education Work of Chinese Migrant Workers to Urban Residents,include,no abstract; core (and context) in title
A11,W2945335648,2018,"Processes and Factors of Social Exclusion in Arrival Cities: Attitudes towards Syrians under Temporary Protection in Tarlabaşı, Istanbul",include,rules
A11,W7151565585,2026,Urbanization and China's New Growth Stage,borderline,core concept mentioned once
A11,W4398776559,2024,Polylocality in Queer Sinophone Cinema,borderline,core concept mentioned once
A11,W4200473477,2021,"Household Registration, Land Property Rights, and Differences in Migrants’ Settlement Intentions—A Regression Analysis in the Pearl River Delta",include,rules
A11,W3209249341,2021,"Push/Pull Factors, Networks and Rural Labor Migration: Based on the Survey Data of Rural Labor Force in Tobacco Enterprises",include,rules
A11,W2468692673,2016,Navigating the city: internal migration of Oaxacan indigenous women,include,rules
A11,W7204473765,2026,"The Portable Hometown: Social Networks, Moral Space, and the Making of Nostalgia among Rural Migrants in a Jiangxi Town",include,rules
A11,W2522480592,2016,Villagers-in-the-City,include,rules
A11,W4389145072,2023,Accessible and Affordable Housing for Urban MigrantWorkers: A Policy Perspective,include,rules
A11,W4399616995,2024,Cohort Profile: Migrant Health Follow-Up Study (MHFUS) of internal migration in South Africa,borderline,flag: \b(sensor network|wireless|5g|6g|edge co
A11,W2353862271,2015,The Obstacle and Countermeasures on New Generation of Migrant Workers Integrating with City,include,rules
A11,W4206759165,2022,To settle but not convert hukou among rural migrants in urban China: How does family-level eligibility for citizenship benefits matter?,include,no abstract; core (and context) in title
A11,W4399351343,2024,Employment Generation by Small Businesses in Kolar,borderline,core concept mentioned once
A11,W7135038325,2026,Rewriting the Richness of Ethnic Diversities: Tales of Rural-Urban Migrants’ in Mathare Informal Settlement in Nairobi City County-Kenya,include,rules
A11,W2964291704,2019,"New Professional Farmers’ Training (NPFT): A multivariate analysis of farmers’ participation in lifelong learning in Shaanxi, China",exclude,core concept missing
A11,W2922225784,2018,Ruts of Gentrification: Breaking the Surface of Vienna's Changing Cityscape,exclude,"core mentioned once, not in keyword tags"
A11,W4205409460,2021,Tree Cover: Bulwarks against Fury of the Nature,borderline,core concept mentioned once
A11,W2501288762,2015,Social Integration and Intentions of Rural–Urban Migrants,include,no abstract; core (and context) in title
A12,W7131626961,2025,Existential Crisis and Realism in Badal Sircar’s Evam Indrajit,include,rules
A12,W4389303845,2023,"Nullius: The Anthropology of Ownership, Sovereignty, and the Law in IndiaKritiKapila (Chicago: HAU Press, 2022)",include,rules
A12,W3186403492,2021,Predictors and Inter-Linkage of Household and Individual Food Insecurity in Urban Geriatric Subjects: A Community Based Study from India,include,rules
A12,W3139769579,2017,Domestic workers’ movement in Maharashtra,borderline,core concept mentioned once
A12,W7202377694,2026,Social Transformation of Naga Kinship Networks into Business Networks in Mokokchung Town,exclude,"core mentioned once, not in keyword tags"
A12,W2206387980,2015,From capital to habitus: class differentiation of family educational patterns in urban China,include,rules
A12,W2991233134,2018,"Resettlement, Mobility and Women's Safety in Cities*",include,rules
A12,W4399758455,2024,Women and the City: Observations on Muslim Women’s Lives in Kano (Nigeria) and Bobo-Dioulasso (Burkina Faso),borderline,stub abstract (possible book review)
A12,W4391386603,2024,My Life Wasn't Like George Clooney's,exclude,"flag, core not in title: \b(patients?|clinical|randomi[sz]ed|prev"
A12,W7167524341,2026,Toward a Local View of Between-Group Inequality: Fractured Broker Networks and the Implications for Mobilization in Urban Slums,include,rules
A12,W4230585388,2018,Conclusion,include,rules
A12,W2053943731,2015,The Palestinian Middle Class in Rawabi,include,rules
A12,W7167684118,2015,Rink,borderline,core concept mentioned once
A12,W2945631266,2019,Feminist perspectives on third places,include,rules
A12,W7134935221,2026,Unmet need for contraception among married women (15-49 years) of an urban slum of South Gujarat - A cross-sectional study,borderline,flag: \b(patients?|clinical|randomi[sz]ed|prev
A12,W2949378255,2019,Assuring Gender Safety and Equity in Health Care: The Time for Action Is Now,include,rules
A12,W7114993642,2025,"Exploring nutritional status, nutrient intake and knowledge level of nutrition among women of reproductive age in urban slum and rural community : A comparative study in Varanasi",include,rules
A12,W4385858280,2023,The Audacious Raconteur: Sovereignty and Storytelling in Colonial India,exclude,"flag, core not in title: \b(patients?|clinical|randomi[sz]ed|prev"
A12,W3006789854,2019,"Variations in Marriage Squeeze by Region, Religion, and Caste in India",include,rules
A12,W4403102907,2024,Residential Segregation of Foreign Immigrants in South Korea by Country‐of‐Birth Income,include,core in title; context terms missing
A12,W7125777577,2026,"Indian English Novels and the Rule of Law: Constitutional Morality, Citizenship, and Nation-Building",borderline,core concept mentioned once
A12,W4407267930,2025,How to Create Inclusive Growth for India as it Moves Towards Becoming a Developed Nation,include,rules
A12,W4205151180,2019,Susan NeimanLearning from the Germans: Race and the Memory of Evil,include,rules
A12,W4415153831,2025,"Queer Indigeneity and the Simulacra of Normativity: Gender, Resistance, and Cultural Erosion in Adivasi Chhota Udepur",include,rules
A12,W4394909302,2024,The city in class perspective,borderline,core concept mentioned once
A12,W7214528576,2026,Embodied social exclusion: habit memory and the reproduction of caste in Dalit autobiographies,include,core in title; context terms missing
A12,W3202160252,2021,Health and Nutrition: Malnutrition and Anaemia,exclude,core concept missing
A12,W2898092979,2018,Australian urban geographies of housing in the context of the rise of China in the “ Asian Century ”,include,rules
A12,W4391608597,2024,"Urban, Progressive Melting Pots",exclude,"core mentioned once, not in keyword tags"
A12,W7215338507,2016,Mobility And ‘Multiple Jeopardy’ in Love in The Kingdom of Oil,include,rules
A12,W2492272054,2016,"Who Is Responsible for Sudden, Severe Harassment?",include,rules
A12,W4206917979,2021,Caste based discrimination in karnataka,include,rules
A12,W2886519896,2019,"Narratives of the Dispossessed and Casteless: Politics of Land and Caste in Rajarhat, West Bengal",include,rules
A12,W7217859536,2024,The dangers of Bullying and sexual harrasement: Bahaya Anti Penindasan dan Pecehan Seksual,borderline,core concept mentioned once
A12,W4313402091,2023,Unraveling the Most Influential Determinants of Residential Segregation in Jakarta: A Spatial Agent-Based Modeling and Simulation Approach,include,rules
A12,W2905252194,2017,Cosmopolitan Mandarin in the Making of a New Chinese Middle-Class Consumer,include,rules
A12,W4389336165,2023,"Péter Apor. A hétköznapi hatalom: Politikai nyelv, szaktudás, társadalmi cselekvés [Everyday power: political language, specialized knowledge, social action]",exclude,"core mentioned once, not in keyword tags"
A12,W3007778745,2017,Twilight of the Proletariat: Reading Critical Balkanology as Liberal Ideology,include,rules
A12,W3015200687,2020,"Quality of Living, Health and Well-Being of Slum Dwelling Women Domestic Workers in Kolkata",include,no abstract; core in title; context terms missing
A12,W7156082694,2026,Employment status of persons with disabilities in India: Insights from national sample survey data 2018,include,rules
A13,W4406621476,2025,City Branding: Leveraging Historical Heritage with Kyrenia Castle,include,rules
A13,W4366271454,2023,"Films, Fictionalities and Realities: Image of the City",include,rules
A13,W4367368241,2023,Denpasar City Branding as Tourism Development Strategy: Law Branding Aspect Point of View,include,rules
A13,W3048434613,2020,The impact of the 34th America's cup on taxable sales in the San Francisco bay area,exclude,context terms missing
A13,W3084234984,2020,Mega-event transport legacy in a developing country: The case of Rio 2016 Olympic Games and its Transolímpica BRT corridor,include,no abstract; core in title; context terms missing
A13,W3157605935,2021,Implementing a Sustainability Legacy Strategy: A Case Study of PyeongChang 2018 Winter Olympic Games,include,core in title; context terms missing
A13,W3013964756,2020,"Experiencing Abstraction: On Mega-Events, Liminality, and Resistance",include,no abstract; core in title; context terms missing
A13,W4379987671,2023,The Fusion of Ancient and Contemporary: A Visual Rhetoric Analysis of the Visual Representation of Shaanxi in the Opening and Closing Ceremonies of the National Games,include,rules
A13,W2495110597,2016,Preparedness for the Rio 2016 Olympic Games: hospital treatment capacity in georeferenced areas,borderline,flag: \b(patients?|clinical|randomi[sz]ed|prev
A13,W4281638184,2022,Developing a comprehensive conceptual framework for city branding based on urban planning theory: Meta-synthesis of the literature (1990–2020),include,no abstract; core (and context) in title
A13,W4402075644,2024,‘Heri-ligion’: The Heritagization of Religion and the Sacralization of Heritage,include,no abstract; core in title; context terms missing
A13,W4230797631,2017,Tokyo 2020,include,rules
A13,W4243751615,2021,"Safety, fear, risk, and terrorism in the context of religious tourism",exclude,context terms missing
A13,W4385578587,2023,"Clashes of cultures at the FIFA World Cup: Reflections on soft power, nation building, and sportswashing in Qatar 2022",include,no abstract; core in title; context terms missing
A13,W4415268890,2025,BANGUNAN KOLONIAL EKS DAPUR OESING DI BANYUWANGI SEBAGAI URBAN HERITAGE,include,rules
A13,W2768662834,2017,Resistance to Places of Collective Memories: A Rapid Transformation Landscape in Beijing,exclude,core concept missing
A13,W4391137335,2024,Service Supply Chain Management (SSCM) in an Old Town of Mardin: Service Routing,exclude,"core mentioned once, not in keyword tags"
A13,W7160853093,2026,Health evaluation and protection management of ancient trees in historic city,include,rules
A13,W2883060007,2018,Preliminary results of the molecular genetic investigation of the poplar hybridization naturally and in the urban beautification,include,rules
A13,W4297724691,2022,Whose Heritage,include,rules
A13,W4400609223,2024,Vernacular branding: sustaining city identity through vernacular architecture of indigenous villages,exclude,core concept missing
A13,W2028542556,2015,Further investigations of geomagnetic diurnal variations associated with the 2011 off the Pacific coast of Tohoku earthquake (Mw 9.0),exclude,core concept missing
A13,W2607163645,2016,Isokinetic Performance of Knee Extensors and Flexors in Male Weightlifters,exclude,"flag, core not in title: \b(sensor network|wireless|5g|6g|edge co"
A13,W7220192562,2023,Post Covid-19 Pandemic New Marketing Theories and Practices Emerging from Innovations in the Tourism Sector.,exclude,"core mentioned once, not in keyword tags"
A13,W2284738174,2016,Effects of odd–even traffic restriction on travel speed and traffic volume: Evidence from Beijing Olympic Games,include,rules
A13,W4415828700,2025,Potential of Rehabilitating Benghazi Historical Buildings - Challenges and Strategies,exclude,"core mentioned once, not in keyword tags"
A13,W7105836443,2025,Integrated City Branding to Tackle Urban challenges and enhance resident’s quality of life: key insights for emerging Asian Cities,include,no abstract; core (and context) in title
A13,W4391111258,2024,Conclusion,exclude,"core mentioned once, not in keyword tags"
A13,W4392967345,2024,Research On Effectiveness of Low-Carbon Policies on Labor Mobility,borderline,core concept mentioned once
A13,W2980255675,2019,"Branding, Promotion, and the Tourist City",borderline,core concept mentioned once
A13,W3013098625,2019,City Branding and Public Space. An empirical analysis of Dolce & Gabbana’s Alta Moda event in Naples,include,rules
A13,W2514665937,2016,"Urban development and visual culture: Commodifying the gaze in the regeneration of Tigné Point, Malta",exclude,"core mentioned once, not in keyword tags"
A13,W4390882488,2023,"Understanding City Branding through Quality of Life (QOL) of Foreign Visitors in Busan, Korea",include,rules
A13,W4235770503,2015,Remembering cities,include,rules
A13,W2515033366,2016,Heritage Conservation Management in Egypt: The balance between heritage conservation and real-estate development in Alexandria,include,rules
A13,W4408237184,2025,Reviving Historic Cores: Meeting Sustainability Goals Through Urban Recycling,include,rules
A13,W7166733252,2026,Invisible heritage,exclude,context terms missing
A13,W4391884802,2024,Policy and the creative economy,exclude,"core mentioned once, not in keyword tags"
A13,W7128238605,2019,Les conditions d’application de la nouvelle clause générale anti-abus en droit fiscal luxembourgeois,exclude,context terms missing
A13,W4407613387,2025,Naming streets after artists strengthens an effort of Bandung creative city branding,include,rules
A14,W4220739787,2022,DESIGNING FLEXIBLE OPEN SPACES WITH ENERGY EFFICIENT SOLUTIONS FOR A RESILIENT BEIRUT - CASE STUDY OF RMEIL MEDAWAR DISTRICT,include,rules
A14,W4383758906,2021,Urban Inequalities and the Lived Politics of Resilience,include,rules
A14,W2601215468,2016,"Measuring the Unmeasurable: Comparative Assessment of Urban Vulnerability for Coastal Megacities — New York, London, Tokyo, Kolkata and Lagos",include,rules
A14,W3215495475,2021,Deep adaptation and collapsology,exclude,"flag, core not in title: \b(patients?|clinical|randomi[sz]ed|prev"
A14,W4414510595,2025,Reuse of Ablution Water for Landscaping in Hayatabad Peshawar - A Step Towards Climate Change Adaptation,include,rules
A14,W4390505575,2024,"Shallow-subsidence vulnerability in the city of New Orleans, southern USA",include,rules
A14,W7163917835,2026,"Climate Change Impacts and Adaptation Strategies of Riverside Communities: A Case Study of Cam Le River, Da Nang, Vietnam",include,rules
A14,W4404667986,2024,Variations of riskification: Climate change adaptation in four European cities,include,rules
A14,W3200630288,2021,"COVID-19 Pandemic, Urban Resilience and Real Estate Prices: The Experience of Cities in the Yangtze River Delta in China",include,rules
A14,W4293767724,2022,Climate Change and Respiratory Diseases: Relationship between SARS and Climatic Parameters and Impact of Climate Change on the Geographical Distribution of SARS in Iran,borderline,flag: \b(deep learning|neural network|convolut
A14,W7213880856,2026,"Nesting ecology of Chelodina longicollis in stormwater ponds, Australian Capital Territory, Australia",exclude,"core mentioned once, not in keyword tags"
A14,W7167905542,2026,Do wireless emergency alerts prompt adaptive behaviors during urban heat waves?,borderline,flag: \b(sensor network|wireless|5g|6g|edge co
A14,W4323045302,2023,Science and battlefields,include,rules
A14,W3125776299,2021,A comparative analysis to depict underlying attributes that might determine successful implementation of local adaptation plans,include,rules
A14,W7203789248,2026,Climate Vulnerability in Solar Microgeneration: Analysis of the Impacts of Urban Flooding on Photovoltaic Systems,include,rules
A14,W4413372571,2024,A Knowledge-Based Urban Development Model: Linking Innovation and Smart Governance,borderline,core concept mentioned once
A14,W4382362903,2023,Key Risks across Sectors and Regions,exclude,"flag, core not in title: \b(patients?|clinical|randomi[sz]ed|prev"
A14,W4406000284,2025,Unequal access to drinking water in the city of Doba (Chad): An urban political ecology perspective,include,rules
A14,W4404710771,2024,Impacts of heat on human well-being,exclude,"flag, core not in title: \b(patients?|clinical|randomi[sz]ed|prev"
A14,W7171297571,2025,AI-Driven Climate Analysis for Sustainable Urban Planning,exclude,"flag, core not in title: \b(deep learning|neural network|convolut"
A14,W2990818124,2019,Towards climate services for European cities: Lessons learnt from the Copernicus project Urban SIS,borderline,core concept mentioned once
A14,W2320483991,2015,Planning of Neighborhood Parks for the Disaster Prevention in Jecheon City,borderline,core concept mentioned once
A14,W3155681399,2021,The dynamic development process of urban resilience: From the perspective of interaction and feedback,include,no abstract; core (and context) in title
A14,W3196307018,2021,Considering equity in wildfire protection,exclude,core concept missing
A14,W4386607113,2023,"Application of Integrated Urban Water Security Index (IUWSI) in Sana’a, Yemen (Case study)",borderline,core concept mentioned once
A14,W2592740617,2017,Size does matter: City scale and the asymmetries of climate change adaptation in three coastal towns,include,rules
A14,W7171205870,2026,Sustainable Urban Planning: Policy Approaches to Disaster Risk Reduction and Environmental Impact Mitigation in Makassar City,include,rules
A14,W2298980701,2016,The urban political ecology of ecosystem services: The case of Barcelona,include,no abstract; core (and context) in title
A14,W4313368147,2022,"The extraordinary Zhengzhou flood of 7/20, 2021: How extreme weather and human response compounding to the disaster",include,no abstract; core in title; context terms missing
A14,W2794757165,2018,Governing green change: Ecosystem-based measures for reducing landslide risk in Rio de Janeiro,exclude,core concept missing
A14,W7131776917,2026,"Integrating rainfall duration to urban flood exposure assessment in Bornova Watershed, Izmir, Turkey",include,no abstract; core (and context) in title
A14,W4383807884,2023,"Evaluation of urban flood resilience and its Space-Time Evolution: A case study of Zhejiang Province, China",include,rules
A14,W7161230181,2026,Digital Twin Governance for Urban Resilience and Sustainability,include,no abstract; core (and context) in title
A14,W2606448385,2016,Risk adaptation space of water resources to climate change in China′s city agglomeration under construction,include,no abstract; core (and context) in title
A14,W4380206126,2023,Tasting the “Future of Food” on a Bay-Area Cellular Agriculture Tour,exclude,context terms missing
A14,W4210671185,2021,Conclusion and practical recommendations,include,rules
A14,W4410103224,2025,Smart-oriented urban development for urban administrative units and smart urban areas in the urbanization context of Vietnam,borderline,core concept mentioned once
A14,W7162519138,2026,Spatial Design Strategies for Public Open Spaces as Tsunami-Responsive Infrastructure: A Study of Coastal Cities in Sri Lanka,include,rules
A14,W4307252771,2022,Infrastructure and health: laying down the big connections for well-being,exclude,"flag, core not in title: \b(patients?|clinical|randomi[sz]ed|prev"
A14,W4220865403,2022,"An Overview of Flood Concepts, Challenges, and Future Directions",borderline,flag: \b(remote sensing|land surface temperatu
A15,W2229882140,2015,Emerging Asias: Introduction,exclude,"core mentioned once, not in keyword tags"
A15,W4281638184,2022,Developing a comprehensive conceptual framework for city branding based on urban planning theory: Meta-synthesis of the literature (1990–2020),include,no abstract; core (and context) in title
A15,W4416580663,2025,Strategic Plan Examples,exclude,core concept missing
A15,W4401290482,2024,Education for a Sustainable Future: Analysis of Universitiesvision and Mission Statements in Line With Global Sustainable development Goals,exclude,"core mentioned once, not in keyword tags"
A15,W3210658666,2021,Environmental Sensitivity of Planning Practices in Bangladesh vis-à-vis Evolution of Planning Theories,include,rules
A15,W7170168843,2026,Reframing Sustainability in East African Cities:,include,rules
A15,W4307252771,2022,Infrastructure and health: laying down the big connections for well-being,exclude,core concept missing
A15,W2375210546,2015,"Probe into the Way Planning of National Trails System:A Case Study of Colorful Hills of Shunyi,in Beijing",exclude,"core mentioned once, not in keyword tags"
A15,W2971423532,2019,Geographical Juxtaposition: A New Direction in CPTED,exclude,"core mentioned once, not in keyword tags"
A15,W4386783285,2023,"Influence of Dykes’ Characteristics on Food Crop Production in Lower River Nyando Basin, Kenya",exclude,"core mentioned once, not in keyword tags"
A15,W4320489105,2023,Optimal Configuration Method for the Installed Capacity of the Solar-Thermal Power Stations,exclude,"core mentioned once, not in keyword tags"
A15,W3003806796,2020,Determinants of intentions to prevent triatomine infestation based on the health belief model: An application in rural southern Ecuador,exclude,"flag, core not in title: \b(patients?|clinical|randomi[sz]ed|prev"
A15,W2785502374,2016,From ‘southern’ to ‘ordinary’,exclude,"core mentioned once, not in keyword tags"
A15,W3040646451,2020,Dopo Los Angeles: prospettive per una geografia urbana critica in Italia,include,rules
A15,W4307044059,2022,In pursuit of just sustainability: decision-making and conflicting rationalities in government-led housing projects,include,rules
A15,W3112187183,2020,Agonistic planning theory revisited: The planner’s role in dealing with conflict,include,rules
A15,W2754275800,2016,Examining the Legitimacy of the Current ‘Authorised Representative’ Licensing Model,include,rules
A15,W4233190411,2016,How to prepare planners in the Bologna European education context: Adapting Friedmann’s planning theories to practical pedagogy,include,rules
A15,W2309641815,2016,"Revealing Synergies, Tensions, and Silences Between Preservation and Planning",exclude,"core mentioned once, not in keyword tags"
A15,W4309623230,2022,Injected Urbanism? Exploring India’s Urbanizing Periphery,include,rules
A15,W3000378214,2020,Strategic Planning and Change Management in Telecommunication Industry in Kenya: Case Study of Telkom Kenya,exclude,"core mentioned once, not in keyword tags"
A15,W4396721344,2024,Tax Administration and Financial Performance of Manufacturing Firms in Kenya: A literature Review,exclude,"core mentioned once, not in keyword tags"
A15,W2514323269,2016,New Knowledge in Planning (in Africa),exclude,core concept missing
A15,W7213965346,2026,Mga Kwento ng Kalye (‘street narratives’): Gloc-9 and the subaltern voice(s) in Filipino hip hop,exclude,"core mentioned once, not in keyword tags"
A15,W4400081367,2024,"Stray urbanism: stray donkeys and place-identity in Makhanda, South Africa",include,rules
A15,W7207871492,2026,"Por una definición política de espacio público: una propuesta para la ciudad de San José, Costa Rica",borderline,core concept mentioned once
A15,W2801024173,2018,Theorising small city as ordinary city: Rethinking development and urbanism from China’s south-west frontier,include,rules
A15,W3149669942,2021,Social Encounter by Experiment? Potentials and Pitfalls of Real-World Labs for Urban Planning,borderline,core concept mentioned once
A15,W4206671838,2021,The sports event planning process,exclude,"core mentioned once, not in keyword tags"
A15,W2605599137,2018,Comparative approaches to gentrification,include,rules
A15,W2509894154,2016,Intention inertia and the plasticity of planning,exclude,"core mentioned once, not in keyword tags"
A15,W3116399719,2020,City-State Britain: A Counter-Narrative to ‘Brexit’,borderline,core concept mentioned once
A15,W3191948031,2021,OF CROWDED HISTORIES AND URBAN THEORY : A Feminist Critique of Temporal Closure and Patrimonial Claims to the Urban,include,rules
A15,W7160763758,2026,Southern Urbanism,include,no abstract; core (and context) in title
A15,W4388273913,2023,Juxtaposition and layering; the construction of the Moroccan postcolonial urban identity,include,rules
A15,W3209913254,2021,Morphological periodization of large-scale residential development in Krasnoyarsk,exclude,"core mentioned once, not in keyword tags"
A15,W2959325867,2019,Optimization of parameters and modes of operation of the spiral-screw roller,exclude,"core mentioned once, not in keyword tags"
A15,W4311873238,2022,Communication Planning In The Development Of Students' Morals At SD Fatma Kenanga Foundation In Bengkulu,exclude,"core mentioned once, not in keyword tags"
A15,W4410750225,2025,Comparative Analysis of Planning Theories for Optimizing Disaster Preparedness and Response in Urban Communities,include,no abstract; core (and context) in title
A15,W4322750057,2022,Konflikti v prostorskem načrtovanju: kritični pregled teoretičnih pristopov k zmanjševanju konfliktnosti,exclude,"core mentioned once, not in keyword tags"
A16,W2513249932,2015,Wheel of Life,exclude,"core mentioned once, not in keyword tags"
A16,W2947326540,2019,To the Memory of Marko Godina with Nostalgia!,exclude,"flag, core not in title: \b(patients?|clinical|randomi[sz]ed|prev"
A16,W7115598787,2025,Rhythms of growth: Unpacking infrastructure and geopolitics in the Balkans,borderline,core concept mentioned once
A16,W4401973182,2024,The Anti‐Organization man: D onald E. Westlake's Parker novels,exclude,core concept missing
A16,W7134201610,2026,Queer Nightlife Autopoiesis:,include,no abstract; core in title; context terms missing
A16,W3159268209,2021,"Space, time and the female body: New Delhi on foot at night",include,rules
A16,W4297724691,2022,Whose Heritage,exclude,"flag, core not in title: night-?time lights?|night lights?|lumino"
A16,W2911432861,2018,Perilaku Sosial Pekerja Seks Komersial (Psk) di Jalan Bambu Kuning Kelurahan Bambu Kuning Kecamatan Tenayan Raya Kota Pekanbaru,exclude,"core mentioned once, not in keyword tags"
A16,W4403057358,2024,When a Stranger Approaches at Night: The Impact of Adaptive Street Lighting on Safety Perception,include,rules
A16,W4414174077,2023,The Second-Annual American Music Honors Awards,include,rules
A16,W4412181927,2025,"An Exploratory Ethnography of the New Tourist Nightlife in Bairro Alto, Lisbon",include,rules
A16,W4378009309,2023,Measuring the Effects of Streetscape Characteristics on Perceived Safety and Aesthetic Appreciation of Pedestrians,include,rules
A16,W4248158776,2021,To Forage,exclude,"flag, core not in title: \b(patients?|clinical|randomi[sz]ed|prev"
A16,W4205119655,2022,Arrhythmanalysis and Revolutionary Rupture of Détournement: Lefebvre and the Pedagogical Rhythms of Post-Fordism,include,no abstract; core in title; context terms missing
A16,W4401351597,2024,"Tracing the ruptures and rhythms of summer heat, energy vulnerability and home",exclude,context terms missing
A16,W7163884902,2026,"Relationship between Sleep Hygiene, Sleep Quality, and Fatigue in Critical Care Nurses",exclude,"flag, core not in title: \b(patients?|clinical|randomi[sz]ed|prev"
A16,W4240023240,2019,Route Recommendation System based on Safety Metrics and Route Profiling,borderline,core concept mentioned once
A16,W3112321553,2020,FIRE SAFETY MEASURES IN THE CITIES OF VOLYN IN THE 18TH CENTURY (THE CASE STUDY OF DUBNO),borderline,core concept mentioned once
A16,W7167739860,2026,Making Food and Meaning Together: Spaces and Temporalities of Being-in-Common in West Amman,include,rules
A16,W4205667877,2018,La nuit : Imaginaire et réalités nocturnes dans le monde gréco-romain,exclude,context terms missing
A16,W2907669690,2018,APA’s Origins Reflected Enlightened Thinking About Care for People With Mental Illness,exclude,"flag, core not in title: \b(patients?|clinical|randomi[sz]ed|prev"
A16,W4321349710,2023,The Boston Massacre: A Family History by Serena Zabin,exclude,"core mentioned once, not in keyword tags"
A16,W2766094475,2017,Secondary collisions and injury severity: A joint analysis using structural equation models,exclude,"flag, core not in title: night-?time lights?|night lights?|lumino"
A16,W4413975401,2025,Roman Stories,exclude,"flag, core not in title: night-?time lights?|night lights?|lumino"
A16,W1510249098,2015,Blazing New Trails in Denver,include,rules
A16,W7165879148,2026,“Daddy Says I Have To Be Home at Nine”,include,rules
A16,W4385602981,2023,A geographical perspective on the formation of urban nightlife landscape,include,rules
A16,W4414146154,2024,EVALUATION OF THE LEVEL OF STREET LIGHTING ON THE SAFETY ROAD USERS: CASE STUDY OF THE KERTAJATI – KADIPATEN ROAD,include,rules
A16,W4406145408,2024,"Feminist City: Claiming Space in a Man-Made World , by Leslie Kern",exclude,"core mentioned once, not in keyword tags"
A16,W7143405100,2026,Automatic Street Lighting System Using Light Sensor Based on Microcontroller,exclude,"core mentioned once, not in keyword tags"
A16,W3217785905,2021,An Introduction to Bernard Shaw's “On the Municipal Gallery”,include,rules
A16,W4240215591,2020,CITY GARBAGE FROM THE NONGO RIVER,include,rules
A16,W4210297760,2021,Early American Music and the Construction of Race,exclude,"core mentioned once, not in keyword tags"
A16,W4319976966,2022,More Human Than Human: The Exile in Blade Runner,exclude,"core mentioned once, not in keyword tags"
A16,W4315798111,2023,The social construction of touristification. Residents’ perspectives on mobilities and moorings,include,rules
A16,W7213469631,2026,Competent Excess: Reconfiguring Intoxication Across Early to Mid-Adulthood in Denmark,borderline,core concept mentioned once
A16,W4402977854,2024,Defining nursing excellence,exclude,core concept missing
A16,W7163735614,2026,Spatial and temporal analyses of winter falls in urban areas,exclude,"core mentioned once, not in keyword tags"
A16,W7165763629,2026,Investigating lighting uniformity as perceptual continuity: Fear of crime in night-time transit-adjacent spaces,borderline,flag: night-?time lights?|night lights?|lumino
A16,W4413216383,2025,Applying Computer Vision for the Detection and Analysis of the Condition and Operation of Street Lighting,exclude,"flag, core not in title: \b(deep learning|neural network|convolut"
B1,W4396714181,2023,Aspectos da plataformização educacional na educação básica brasileira,include,rules
B1,W3106111955,2020,The Moroccan press,exclude,"core mentioned once, not in keyword tags"
B1,W7160411102,2026,Enhancing Democratic Governance in Romania: A Comprehensive Analysis of Citizen Participation Initiatives,exclude,core concept missing
B1,W4399441069,2024,Trust and e-commerce consumption: evidence from China,borderline,core concept mentioned once
B1,W3191160532,2021,Federated Digital Platforms: Value Chain Integration for Sustainable Infrastructure Planning and Delivery,include,rules
B1,W7204886375,2026,Aftermath of 1:1 Assemblages: A Transformation Journey of Sociotechnical Imaginaries in Three Latin American Programs,exclude,core concept missing
B1,W4394968824,2022,Hate Speech Legislation and Freedom of Expression: Finding the Balance,include,rules
B1,W4415448043,2025,Bounded-born globals: Rethinking internationalization in the platform economy,include,rules
B1,W4417164762,2025,THE IMPACT OF DIGITALIZATION ON THE LABOR MARKET AND THE FORMATION OF NEW COMPETENCIES,borderline,core concept mentioned once
B1,W7213973258,2026,"Educational Digital Sovereignty and EdTech Platform Capitalism: Rethinking Innovation, Data Governance and Artificial Intelligence in Public Education",include,rules
B1,W4391966955,2024,Platformization: The Dangers of the Artificial Public Sphere,include,no abstract; core (and context) in title
B1,W7217193058,2025,LEGAL SAFEGUARDS FOR E-COMMERCE CUSTOMER DATA UNDER UAE LAW: A DOCTRINAL ANALYSIS OF FEDERAL DECREE-LAW NO. 45 OF 2021,exclude,"core mentioned once, not in keyword tags"
B1,W7127906345,2026,Digital Trauma as a Health Safety and Security Risk: The Impact of Love Bombing and Breadcrumbing Through Concepts in Cyberpsychology and Mental Public Health,exclude,"flag, core not in title: \b(patients?|clinical|randomi[sz]ed|prev"
B1,W4414313262,2025,Anticipatory identity control: Upstream governance on digital platforms,include,rules
B1,W7203932005,2026,Social Protection under Conditions of Inequality – Gender-Specific Motives and Perceptions in Platform Work,include,rules
B1,W7160613891,2026,Digital Pathways in NEP 2020: Building a Net Zero and Sustainable Education Ecosystem,exclude,"core mentioned once, not in keyword tags"
B1,W2959650448,2019,Rural digital geographies and new landscapes of social resilience,exclude,core concept missing
B1,W4313161796,2022,Determinants of Intention to Use Ride-Hailing Services in Vietnam,borderline,core concept mentioned once
B1,W7133137971,2026,"FAKE NEWS, POLÍTICA E EXTREMA DIREITA: OS LIMITES CONSTITUCIONAIS ENTRE LIBERDADE DE EXPRESSÃO E DEFESA DA DEMOCRACIA NO BRASIL",borderline,core concept mentioned once
B1,W7204459316,2026,"The afterlives of propaganda: media archeology, everyday labor, and postcolonial statecraft in Nigeria’s 2023 election",borderline,core concept mentioned once
B1,W7204141871,2026,Posting back at patriarchy: How young women negotiate risk and gendered expectations in online spaces,exclude,"core mentioned once, not in keyword tags"
B1,W3161967032,2019,Online Discussion Forum as a Tool for Interactive Learning and Communication,exclude,"core mentioned once, not in keyword tags"
B1,W7128002480,2026,Not That Personal: A Qualitative Study of Personalization Practices on Six European Public Streaming Services,borderline,core concept mentioned once
B1,W7119180002,2025,Socio-cultural factors of trust in East Asian business networks,exclude,"core mentioned once, not in keyword tags"
B1,W7220679547,2026,Requirements engineering for countering hostile narratives: a vision for socio-technical intervention systems beyond detection,exclude,"core mentioned once, not in keyword tags"
B1,W4281567934,2022,The gender of the platform economy,include,rules
B1,W4206786659,2022,Fairness in the Platform Economy: A Bibliometric Analysis of Journal Research Articles,include,no abstract; core (and context) in title
B1,W3112654429,2020,Branding Romania in the Age of Disruption.Technology as a Soft Power Instrument,exclude,"flag, core not in title: \b(sensor network|wireless|5g|6g|edge co"
B1,W7108441467,2025,"Is Democracy Working? The Interplay of Everyday Life, Representation, and Democratic Health in America",exclude,"core mentioned once, not in keyword tags"
B1,W7105803152,2025,Law Enforcement in Combating Disinformation through Social Media,borderline,core concept mentioned once
B1,W4386639281,2023,How to Recover the Supply Chain under COVID-19 Period Through Recovery Its Resilience,borderline,core concept mentioned once
B1,W7131347288,2026,United by Unique: reimagining future cancer care through precision health and prevention,exclude,"flag, core not in title: \b(patients?|clinical|randomi[sz]ed|prev"
B1,W3205399049,2021,“Tom had us all doing front-end web development”: a nostalgic (re)imagining of Myspace,include,rules
B1,W4391512670,2024,Navigating the Digital Frontier: Emerging Trends in Digital Innovation Management for 2023 and Beyond,borderline,core concept mentioned once
B1,W2773812755,2017,Work in the Platform Economy: Beyond Lower Transaction Costs,include,rules
B1,W3161380454,2021,Structured analysis of ICT adoption in the European construction industry,include,rules
B1,W7162423957,2026,A grounded theory framework for hybrid e-commerce adoption in the cassava supply chain coordination: case of Kongo Central,borderline,core concept mentioned once
B1,W7202281246,2026,"WATER SYSTEMS IN CLIMATE CHANGE: INTEGRATION OF TECHNOLOGY, ECOLOGY, AND SUSTAINABLE MANAGEMENT FOR FUTURE RESILIENCE",exclude,"core mentioned once, not in keyword tags"
B1,W4412608625,2025,The Platformization of Digital Journalism in Slovenia,include,rules
B1,W4379621099,2022,Regulating the algorithm: platform economy workers in China,include,rules
B2,W4285264715,2022,New Perspectives in Critical Data Studies: The Ambivalences of Data Power—An Introduction,include,rules
B2,W4414249665,2025,Introduction,include,rules
B2,W7196924529,2026,The Right to Opacity in the Age of Data Colonialism: Reading African Speculative Fiction through Glissant and Couldry–Mejias,include,rules
B2,W7164747647,2026,Assessment Without Protection: High-Stakes Digital Assessment Environments and the Hidden Risks of Technology-Facilitated Gender-Based Violence Against Girls and Young Women in Schools,exclude,"core mentioned once, not in keyword tags"
B2,W7163091266,2026,Децентралізовані автономні організації: «корпоративна обгортка» як obstacle épistémologique,exclude,"flag, core not in title: \b(sensor network|wireless|5g|6g|edge co"
B2,W3202427451,2021,"Latin American perspectives on datafication and artificial intelligence: Traditions, interventions and possibilities",include,rules
B2,W4400089360,2024,Digital Surveillance in Organizations,borderline,core concept mentioned once
B2,W3031660976,2020,Thinking With Care About Personal Data Profiling: A More-Than-Human Approach,include,rules
B2,W7160858719,2025,Datafication and algorithmic processing in digital writing and self-publishing: A case study of Inkitt/Galatea,include,rules
B2,W7203449518,2026,AI for Cultural and Educational Diplomacy,exclude,"flag, core not in title: \b(deep learning|neural network|convolut"
B2,W4387344789,2023,'Don't Fall for This': Communications about Cybersafety from the AARP,exclude,"core mentioned once, outside opening/aim (strict)"
B2,W3184434053,2021,The Datafication of Law: How Technology Encodes Carceral Power and Affects Judicial Practice in the United States,include,rules
B2,W4394684448,2024,Soberanía Digital y Educación: Un Vínculo Ausente en la Literatura,borderline,core concept mentioned once
B2,W3022939180,2020,Self-Tracking in the World,borderline,core concept mentioned once
B2,W3129493364,2020,Technological Imaginaries and Technological Determinism: Algorithms Mediating a Better Tomorrow?,exclude,"core mentioned once, outside opening/aim (strict)"
B2,W7152024181,2026,The Exhaustion of Subjectivity,exclude,core concept missing
B2,W2986152972,2019,Learning analytics performance improvement design (LAPID) in higher education: Framework and concerns,exclude,"core mentioned once, outside opening/aim (strict)"
B2,W7215417506,2024,Terveysdatataloudet: Innovaatiopolitiikan mielikuvastot tulevaisuuden terveydenhoitoa tekemässä,include,rules
B2,W4389087129,2023,Machine aurality: uncanny resonances and the sonic anxieties of surveillance capitalism,include,rules
B2,W4220925048,2022,Understanding surveillance capitalism from the viewpoint of migration,include,rules
B2,W3211003618,2021,"The Datafication of Intimacy: Mobile Dating Apps, Dependency, and Everyday Life",include,rules
B2,W3048692446,2015,Human-data experience design : progettare con i personal data,borderline,core concept mentioned once
B2,W2799512607,2018,Algorithmic affordances for productive resistance,borderline,core concept mentioned once
B2,W3092125396,2020,"THE DATAFICATION OF CHILDHOOD: EXAMINING CHILDREN’S AND PARENTS’ DATA PRACTICES, CHILDREN’S RIGHT TO PRIVACY AND PARENTS’ DILEMMAS",include,rules
B2,W2980209414,2019,Crimmigration in Border Security? Sorting Crossing through Biometric Identification at Australia’s International Airports,exclude,core concept missing
B2,W7171416877,2026,Artificial intelligence for intelligent educational mobility systems: optimising student transportation and learning quality through cognitive data analytics,exclude,core concept missing
B2,W7213272945,2026,Surveillance capitalism and the dark side of international business: the BLOCKS case,include,rules
B2,W4390113931,2023,Decolonizing mHealth Technology for User Empowerment and Persuasion in the Global South Healthcare Context: A Case Study,exclude,"core mentioned once, outside opening/aim (strict)"
B2,W2615330669,2017,Infancy Online: An Introduction,borderline,core concept mentioned once
B2,W4407576934,2025,Digital soft power,exclude,"core mentioned once, outside opening/aim (strict)"
B2,W4410867452,2025,Datafied news work: A scoping literature review,include,rules
B2,W3175898849,2021,Partnersuche in Zeiten der digitalen Kommunikation,exclude,core concept missing
B2,W7160901183,2026,Artificial Intelligence and Decision-Making: Who Controls Whom?,exclude,core concept missing
B2,W7217481209,2026,Algoritmik Kimlikler: Sosyal Medyanın Genç Yetişkinlerin Kendilik Algısı ve Tüketim Kültürüne Normatif Etkisi,exclude,"core mentioned once, outside opening/aim (strict)"
B2,W4294916288,2022,Of Numbers and Moods: Screening for Mental Health Issues in a Rohingya Refugee Camp in Bangladesh,exclude,"core mentioned once, outside opening/aim (strict)"
B2,W2795290026,2018,The arts at Facebook: An aesthetic infrastructure for surveillance capitalism,include,no abstract; core (and context) in title
B2,W4377819597,2023,Récit: From “Cézanne’s Doubt” to Schrödinger’s Cat and into the “Age of Surveillance Capitalism” . . .,include,no abstract; core (and context) in title
B2,W4402759456,2024,The managerial and future-oriented role of audience data in data-informed news organisations,exclude,"core mentioned once, not in keyword tags"
B2,W4415620545,2025,Synthetic data as meaningful data. On Responsibility in data ecosystems,exclude,"core mentioned once, outside opening/aim (strict)"
B2,W4411172141,2024,"Streaming, Seriality, and Self-Reflexivity in Contemporary Italy",exclude,"core mentioned once, not in keyword tags"
B3,W4285264715,2022,New Perspectives in Critical Data Studies: The Ambivalences of Data Power—An Introduction,borderline,core concept mentioned once
B3,W4390629078,2024,"Ethical side-effect of dataveillance in advertising: Impact of data collection, trust, privacy concerns and regulatory differences on chilling effects",include,rules
B3,W2912431665,2019,Person of Interest or Crime and Surveillance on Post-9/11 Network TV,include,no abstract; core (and context) in title
B3,W4312238530,2022,Evidence from the EncroChat and SKY ECC encrypted phones,include,rules
B3,W7164747647,2026,Assessment Without Protection: High-Stakes Digital Assessment Environments and the Hidden Risks of Technology-Facilitated Gender-Based Violence Against Girls and Young Women in Schools,include,rules
B3,W3176366211,2021,"Ethos, imagem e reputação organizacional nas redes sociais digitais: o discurso audiovisual da Rede Globo no YouTube / Ethos, image and organizational reputation in digital media: the Rede Globo's audiovisual discourse on YouTube",exclude,"core mentioned once, not in keyword tags"
B3,W2751995715,2025,"Privacy As A Tactic of Norm Evasion, or Why The Question as to the Value of Privacy is Fruitless",include,rules
B3,W3031660976,2020,Thinking With Care About Personal Data Profiling: A More-Than-Human Approach,borderline,core concept mentioned once
B3,W7124135251,2026,The rise of OpSec & anonymity,borderline,core concept mentioned once
B3,W4401086729,2022,Chapter 13: Panoptic Power of the Politics versus Synoptic and Omniptic Power of the Marketing: Changing Consumption Patterns in the Transition from the Surveillance Society to the Consuming Society That Wants to Be Surveilled,include,no abstract; core (and context) in title
B3,W4285303763,2022,The material consequences of “chipification”: The case of software-embedded cars,exclude,"core mentioned once, not in keyword tags"
B3,W4412499909,2025,"Seager, Nicholas, and J. A. Downie, eds. The Oxford Handbook of Daniel Defoe",include,rules
B3,W2900698259,2018,The limits of antitrust in privacy protection,borderline,core concept mentioned once
B3,W2915049108,2016,"Pengawasan Pemerintah Dan Masyarakat Dalam Ketersediaan Prasarana, Sarana, Dan Utilitas Umum Perumahan Kota Kudus (Studi Kasus Perumahan Bumi Rendeng Baru)",exclude,"core mentioned once, not in keyword tags"
B3,W7166797363,2026,"A Review of Privacy, Ethics, and Governance Challenges Associated With Camera-Based AI Surveillance in Primary Schools",include,rules
B3,W3129493364,2020,Technological Imaginaries and Technological Determinism: Algorithms Mediating a Better Tomorrow?,borderline,core concept mentioned once
B3,W4395092404,2024,The Gaze of the Extraterrestrial Surveillant in the Film ‘Nope’ - An Analysis Centered on Lacan’s Screen and Foucault’s Panopticon,include,rules
B3,W4307512257,2022,"Surveillance of Culture, Culture of Surveillance",include,rules
B3,W3205695151,2021,Why a militantly democratic lack of trust in state surveillance can enable better and more democratic security,include,rules
B3,W3042446997,2020,Privacy in the Coronavirus Era,exclude,"flag, core not in title: \b(patients?|clinical|randomi[sz]ed|prev"
B3,W7112555915,2025,"Розпізнавання ходи як інноваційний метод ідентифікації: аналіз можливостей, ризиків та нормативно-правового середовища в Україні",borderline,core concept mentioned once
B3,W4220925048,2022,Understanding surveillance capitalism from the viewpoint of migration,include,rules
B3,W2469564198,2015,Under the Gaze of the State: ICT Use and State Surveillance of Eritrean Refugees in Italy,include,rules
B3,W4403180498,2024,AI and Mass Surveillance,include,rules
B3,W2522541509,2016,"The Snowden effect: Three years after Edward Snowden’s mass-surveillance leaks, does the public care how they are watched?",include,no abstract; core (and context) in title
B3,W2605973669,2017,Low power mode energy demand of household appliances—SELINA and APP projects,exclude,core concept missing
B3,W4200337098,2021,Ten-Four,exclude,"core mentioned once, not in keyword tags"
B3,W4213189783,2022,Introduction,borderline,core concept mentioned once
B3,W7215722256,2026,Human Rights and Digital Surveillance in the Era of Smart Governance,include,rules
B3,W7203991848,2026,Judicial Activism and the Evolution of the Right to Life and Personal Liberty under Article 21 of the Constitution of India: A Critical Analysis,borderline,core concept mentioned once
B3,W4294251747,2022,A method for intelligent allocation of diagnostic testing by leveraging data from commercial wearable devices: a case study on COVID-19,exclude,"flag, core not in title: \b(patients?|clinical|randomi[sz]ed|prev"
B3,W7153108447,2026,AI and Privacy,borderline,core concept mentioned once
B3,W7163210710,2025,From the Watchtower to the Digital Panopticon: Erosion of Privacy and Predictive Analysis in Dave Eggers’ The Circle,include,rules
B3,W7171553186,2026,Reels in Classroom Teaching: Enhancing Engagement and Learning 2256286,exclude,"core mentioned once, not in keyword tags"
B3,W4400381510,2024,Evaluating Google's Protected Audience Protocol,exclude,"flag, core not in title: \b(sensor network|wireless|5g|6g|edge co"
B3,W7215747023,2026,"When Justice Sleeps, Power Speaks: Artificial Intelligence, Digital Control, and the Crisis of Human Freedom in Modern Societies",borderline,core concept mentioned once
B3,W4392112737,2024,Separate principles of the employer’s motivation for digitization in the field of work,borderline,core concept mentioned once
B3,W4405295703,2024,Digital Media Environments in the Context of Migration,borderline,core concept mentioned once
B3,W4415394414,2021,Privacy and Dataveillance,include,no abstract; core (and context) in title
B3,W3049734621,2020,Five Privacy Principles (from the GDPR) the United States Should Adopt To Advance Economic Justice,exclude,"core mentioned once, not in keyword tags"
B4,W4410159007,2025,"Artificial intelligence in public administration: opportunities, challenges, and ethical considerations",include,rules
B4,W4403100666,2024,Special Issue: What is going on? Digitalization in social work,include,rules
B4,W7168099906,2026,A Novel Approach to Integrate AI into Judicial Systems,include,no abstract; core in title; context terms missing
B4,W7125794698,2025,"The impact of artificial intelligence on the legal work of public administration ""an analytical study""",include,rules
B4,W4409865078,2023,ARTIFICIAL INTELLIGENCE IN PRISM OF CONTEMPORARY POLITICS,include,rules
B4,W7213973258,2026,"Educational Digital Sovereignty and EdTech Platform Capitalism: Rethinking Innovation, Data Governance and Artificial Intelligence in Public Education",include,rules
B4,W3199461679,2021,Compliance of Automatic Tax Fraud Detection Systems with the Right to Privacy Standards Based on the Polish Experience of the STIR System,exclude,context terms missing
B4,W7128360804,2025,“FROM ART TO ALGORITHM” – FORMALIZATION AND MODELING OF LEGISLATIVE PROCESSES WITH A FOCUS ON HEALTHCARE,borderline,flag: \b(patients?|clinical|randomi[sz]ed|prev
B4,W4225949231,2022,Cognitive Robotic Process Automation: Concept and Impact on Dynamic IT Capabilities in Public Organizations,include,no abstract; core in title; context terms missing
B4,W4416668787,2025,Who works in science communication? Identifying and characterising professional profiles in Spain,include,rules
B4,W7155079224,2026,"Secure AI in Databases: Privacy, Governance, and Trust Mechanisms in Oracle Database 23ai and 26ai",include,rules
B4,W4383756072,2022,The Brexit Prototype,exclude,context terms missing
B4,W4394608580,2024,The Role of Using Artificial Intelligence for Improving the Public Service Provision and Fraud Prevention,include,rules
B4,W7161545348,2026,Governing agentic performance management: a sociotechnical framework for organisational effectiveness,include,rules
B4,W7154483911,2026,A comprehensive review of blockchain-based supply chain management system,exclude,context terms missing
B4,W3213062036,2021,Smart Cities and Industry 4.0,exclude,"flag, core not in title: \b(sensor network|wireless|5g|6g|edge co"
B4,W7165479209,2026,"Digital Visibility, Algorithmic Misclassification, and Welfare Exclusion Among Informal Workers: A Mixed-Methods Study in Indonesia",exclude,"flag, core not in title: \b(sensor network|wireless|5g|6g|edge co"
B4,W4402584243,2024,Conclusions,exclude,core concept missing
B4,W4390170411,2023,Social and Ethical Implications of Digital Crisis Technologies: Case Study of Pandemic Simulation Models During the COVID-19 Pandemic,include,rules
B4,W7119511956,2026,"A regulatory taxonomy of AI opacity in the EU: rethinking transparency, traceability, interpretability, and explainability",include,no abstract; core in title; context terms missing
B4,W7207542199,2023,Fairness and Bias Auditing of Decision Models in Credit and Service Delivery: A Review,include,rules
B4,W7220008032,2026,DATA PROTECTION AND THE RIGHTS OF WORKERS IN THE EUROPEAN UNION AND THE UNITED KINGDOM: LESSONS FOR NIGERIA,borderline,core concept mentioned once
B4,W4411983627,2025,AI-Enabled Business Process Automation for Sustainable Digital Transformation,include,rules
B4,W7215653975,2026,"Artificial Intelligence-Driven Optimization of DevOps and Cloud Infrastructure: A Comprehensive Review of Intelligent Automation, Predictive Analytics, and IT Service Management",borderline,flag: \b(sensor network|wireless|5g|6g|edge co
B4,W4411067747,2025,The application framework of artificial intelligence in the field of open data,include,rules
B4,W7220579994,2022,De Morgan’s Theorem And The Dynamism Of Negation In Human Systems,borderline,core concept mentioned once
B4,W7167486990,2026,Between Automation and Regulatory Chaos: Artificial Intelligence in Contemporary Public Administration and the Media Space,include,rules
B4,W3184487227,2020,과학기술 행정 혁신을 위한 인공지능 활용 방안,include,rules
B4,W7167108058,2026,DIGITAL HR ECOSYSTEM IN KAZAKHSTAN’S CIVIL SERVICE: INSTITUTIONAL BARRIERS AND PROSPECTS FOR HUMAN-CENTRIC MODERNIZATION,include,rules
B4,W7213459913,2026,"AI, Blockchain and The New Geopolitical Order How Digital Sovereignty is Reshaping Global Power Politics",include,rules
B4,W4413771325,2025,ARTIFICIAL INTELLIGENCE AND FINANCIAL MARKET,include,core in title; context terms missing
B4,W7127642602,2026,Justice under siege: Cyber threats and the malicious use of ai in the judiciary,include,rules
B4,W7129036869,2026,ІННОВАЦІЙНІ ПІДХОДИ ДО УПРАВЛІННЯ ФІНАНСОВИМИ РИЗИКАМИ В ЕПОХУ ЦИФРОВОЇ ГЛОБАЛІЗАЦІЇ,exclude,"core mentioned once, not in keyword tags"
B4,W4404210460,2024,Challenges and Opportunities,include,rules
B4,W7165811802,2026,Algorithmic Bias and Social Stratification,exclude,context terms missing
B4,W4225579343,2022,The Impact of Artificial Intelligence Technology on Market Public Administration in a Complex Market Environment,include,rules
B4,W4410238846,2025,The ethical use and development of artificial intelligence (AI) strategy in Egypt: identifying gaps and recommendations,include,no abstract; core in title; context terms missing
B4,W7220194212,2025,Exploring the Management Dimensions of Robotics-Enabled Organizations,borderline,core concept mentioned once
B4,W4412025420,2025,Smart Governance: Integrasi Teknologi dan Teori Pemerintahan dalam Pelayanan Publik,borderline,core concept mentioned once
B4,W4206985993,2022,Value-based modeling for mobile health application development,exclude,"flag, core not in title: \b(patients?|clinical|randomi[sz]ed|prev"
B5,W4389303845,2023,"Nullius: The Anthropology of Ownership, Sovereignty, and the Law in IndiaKritiKapila (Chicago: HAU Press, 2022)",include,rules
B5,W4250183488,2020,Discipline Development Of Civil State Employees In Improving Community Services In Pemalang District,borderline,core concept mentioned once
B5,W2468355762,2016,False papers and family fictions: household responses to ‘gift children’ born to Indonesian women during transnational migration,include,rules
B5,W4409493949,2025,Ethical Considerations and Privacy in Metaverse,borderline,core concept mentioned once
B5,W4413226726,2025,Catalyzing Digital Financial Inclusion in India Through Academic-Industry Collaboration: A Qualitative Study,borderline,core concept mentioned once
B5,W7127890187,2026,Technological Innovation,exclude,"core mentioned once, not in keyword tags"
B5,W4399679576,2024,An insight into trends on advances in iris and periocular recognition,exclude,core concept missing
B5,W4200533878,2021,Novel Approach to Improve Security Systems,exclude,core concept missing
B5,W2598682922,2017,Before Alternative Voices: The Sydney Gazette and New South Wales Advertiser,exclude,"core mentioned once, not in keyword tags"
B5,W4414979110,2025,Role of fintech in financial inclusion: A quantitative review,borderline,core concept mentioned once
B5,W4416705460,2025,"Pluralities of Power in Indonesia's Intellectual Property Law, Regional Arts and Religious Freedom Debates",exclude,"core mentioned once, not in keyword tags"
B5,W4393866226,2024,Digital Storm: How Ghana Defied Doubts in Nursing and Midwifery Assessment Reform Against the Odds,borderline,core concept mentioned once
B5,W7112555915,2025,"Розпізнавання ходи як інноваційний метод ідентифікації: аналіз можливостей, ризиків та нормативно-правового середовища в Україні",exclude,"flag, core not in title: \b(fingerprint recognition|iris recognit"
B5,W7131658108,2026,Decentralized Trust Verification System,borderline,core concept mentioned once
B5,W7216725185,2024,Digital Governance and Administrative Transformation in Contemporary India,borderline,core concept mentioned once
B5,W3196995600,2021,Social Protection Network Across Indian States,include,rules
B5,W2897617551,2018,Performing the Afghanistan–Pakistan Border Through Refugee ID Cards,include,rules
B5,W2596777353,2016,Identity Laws and Privacy Protection in a Modern State:: The Legal History Concerning Personal Information in Taiwan (1895-2015),include,rules
B5,W7143695135,2026,"Unique Identification Authority of India’s Data for Quick Detection of Unknown Victims and Criminals: An Ethical, Medicolegal, and Sociocultural Review",include,rules
B5,W7220020579,2025,การพฒนาตนแบบระบบตรบหนงสออจฉรยะดวย IoTs รวมกบ API สำหรบสำนกหอสมด มหาวทยาลยบรพา,exclude,"core mentioned once, not in keyword tags"
B5,W7218033096,2024,Growth And Performance Of MSMEs In Nagaland,exclude,"core mentioned once, not in keyword tags"
B5,W7127277224,2026,Secure E-Voting Using Multimodal Biometric,borderline,flag: \b(fingerprint recognition|iris recognit
B5,W4220819874,2022,QUALITY OF ADMINISTRATIVE SERVICE POPULATION IN IMPROVING PUBLIC SERVICES BASED ON KEPMEN NO. 25 OF 2004,include,rules
B5,W7204661766,2026,E-government as a catalyst for efficient governance and public service delivery: Evidence from the Baltic states,borderline,core concept mentioned once
B5,W4401506664,2024,BLOCKCHAIN FORTRESS: SECURING GOVERNMENT TENDERS WITH BORK FRAMEWORK,exclude,"flag, core not in title: \b(fingerprint recognition|iris recognit"
B5,W4389331661,2023,Putting the selfie to work,exclude,"core mentioned once, not in keyword tags"
B5,W3174973039,2019,"Demographic Growth, Migrant Policing, and Naturalization as a “National Security” Threat",borderline,core concept mentioned once
B5,W4412425179,2025,Dynamic Form Rendering with AI Driven Schema Generation and Identity Document Pre Fill: A Cross Market Approach,include,rules
B5,W4416715417,2025,Exploring Innovative Frontiers: Digital Public Infrastructure and Multimodal Connectivity as Catalysts for MSME Supply Chain Transformation in India,include,rules
B5,W4245209409,2020,three. CRIMINALIZING POVERTY: ADDING BIOMETRICS TO WELFARE,include,no abstract; core (and context) in title
B5,W7204103096,2026,Green FinTech and Climate Finance: An Economic Perspective on Digital Financial Innovation for Sustainable Development,exclude,"flag, core not in title: \b(sensor network|wireless|5g|6g|edge co"
B5,W4390744412,2024,Discriminant analysis reveals differences in breed structure in river buffaloes of Maharashtra (India),exclude,core concept missing
B5,W4387745800,2023,Impact of updated hypertension guideline on eligibility for an employee wellness program,exclude,core concept missing
B5,W7202380708,2026,"From Scrolling Through to Working Through Adolescence, Algorithms and the Search for Coherence",exclude,"flag, core not in title: \b(patients?|clinical|randomi[sz]ed|prev"
B5,W7220319034,2026,"Financial Inclusion in Developing Economies: The Influence of Accessibility, Awareness, and Usability",exclude,"core mentioned once, not in keyword tags"
B5,W7160312205,2026,"Digital Identity, Conditional Access, and Human Dignity: A Christian Policy Analysis of Biometric Governance, Surveillance Infrastructure, and Data Justice",include,rules
B5,W4406378192,2025,Real-time source authentication of shared videos in online social media,exclude,core concept missing
B5,W2970985208,2019,Identification of unclaimed dead bodies-A possible aadhar based solution,exclude,context terms missing
B5,W4416620493,2025,Impact of digital transformation on financial inclusion and sustainable development goals : Evidence from major Indian states,borderline,core concept mentioned once
B5,W7216214994,2026,LITERASI KEUANGAN DAN INKLUSI KEUANGAN SISWA MADRASAH ALIYAH SUNGGUMINASA : STUDI KUALITATIF TEMATIK,exclude,"core mentioned once, not in keyword tags"
B6,W7149291974,2025,Federal vs. Platform Responsibility in Preventing Digital Fraud: The Case of Online Dating and FinTech Apps,include,rules
B6,W3208880383,2021,Digital Financial Knowledge and Behavior of Generation Z in Indonesia,include,rules
B6,W4414219671,2025,Adoption of QRIS digital payment in Indonesia and Malaysia: A technology acceptance and knowledge perspective,include,rules
B6,W4214629843,2022,Digitalization of Payment Instruments: Cashless Payments and Loyalty Points Systems,include,rules
B6,W4412630519,2025,Analyzing the Key Drivers of FinTech Adoption among Business Students at Pokhara University: A Two-Stage PLS-SEM-ANN Approach,include,rules
B6,W4220882123,2022,Digital-only banking experience: Insights from gen Y and gen Z,borderline,core concept mentioned once
B6,W4404912971,2024,Blockchain Technology Transforming Libraries and Financial Services Towards Inclusive Development,include,rules
B6,W7124298828,2025,Digital financial assets as a tool for ensuring Russia's economic security in the context of sanctions pressure,include,rules
B6,W7216938515,2026,ANALISIS HUKUM TERHADAP KEBIJAKAN PEMERINTAH DALAM PENGEMBANGAN FINTECH DI INDONESIA,include,rules
B6,W4388451385,2023,A Scientometric and Bibliometric Review of Impacts and Application of Artificial Intelligence and Fintech for Financial Inclusion,include,rules
B6,W7138896026,2026,The Role of Artificial Intelligence in Financial Regulation and Compliance: Evidence from Indian Financial Institutions,borderline,core concept mentioned once
B6,W4403428074,2024,"Digital Financial Inclusion, Family Entrepreneurship and Income Disparity",include,no abstract; core (and context) in title
B6,W7204265611,2026,The role of MSMEs in India's economic transformation in the digital era,exclude,"flag, core not in title: \b(sensor network|wireless|5g|6g|edge co"
B6,W4417507938,2025,Bibliometric Review on Digital Platforms in Africa,include,rules
B6,W2958181089,2019,Macroeconomic Determinants of Financial Inclusion,include,no abstract; core (and context) in title
B6,W7155421225,2025,Digitalization and Community Involvement in Qurban Worship in the Modern Era: A Case Study at Jogokariyan Mosque in Yogyakarta,borderline,core concept mentioned once
B6,W4400995415,2023,Payment facilitators’ effects on the digital economy,borderline,core concept mentioned once
B6,W4402096130,2024,The role of business analysts in driving financial inclusion through product innovation,include,rules
B6,W7168252109,2026,"Pengaruh Literasi Keuangan, Digital Payment dan Gaya Hidup Konsumtif terhadap Keputusan Pembelian pada Platform E-commerce (Studi pada Mahasiswa di Yogyakarta)",include,rules
B6,W2534790543,2016,Adoption and Use of Information Communication Technologies in Zimbabwean Supermarkets,borderline,core concept mentioned once
B6,W4205766199,2022,How digital transformation connects knowledge exploration and exploitation with business model innovation,include,rules
B6,W3083425086,2020,WOMEN AND DIGITAL FINANCIAL INCLUSION IN INDONESIA AS EMERGING MARKET,include,rules
B6,W7215483623,2026,ความตงใจใชบรการธนาคารเสมอนในพนทกรงเทพมหานครและปรมณฑล,borderline,core concept mentioned once
B6,W7171403403,2026,CORPORATE SOCIAL RESPONSIBILITY AND FIRM PERFORMANCE: EVIDENCE FROM BANKS IN GHANA,borderline,core concept mentioned once
B6,W3045197995,2020,Mobile Money and Mobile Technologies: A Structural Estimation,include,rules
B6,W7201870108,2026,"Digital Payment Ecosystems as Socio-Technical Systems: Digital-Infrastructure-Based Fintech Diffusion, Regulatory Coupling, and Private-Sector Credit Exposure in OECD Economies",include,rules
B6,W7167361848,2026,Fintech Contribution in promoting financial inclusion among underserved populations: An Empirical analysis,include,rules
B6,W4407398650,2024,Analysis of Opportunities and Risks in Financial Technology Innovation for Islamic Banking in Adapting to the Changing Financial Ecosystem: A Case Study,include,rules
B6,W7213080946,2026,CROWDFUNDING LITERACY AND STARTUP CAPITAL FORMATION AMONG RURAL ENTREPRENEURS IN NORTHERN NIGERIA: EVIDENCE FROM A CROSS-SECTIONAL SURVEY,exclude,core concept missing
B6,W3157615116,2018,Comparative Study on the volatility of share price of private and public sector Banking Companies,exclude,"flag, core not in title: \b(blockchain consensus|smart contracts?"
B6,W7169886280,2026,PERAN INKLUSI KEUANGAN SYARIAH DALAM MENINGKATKAN KESEJAHTERAAN MASYARAKAT DAN MENGURANGI KESENJANGAN EKONOMI DI INDONESIA: TINJAUAN LITERATUR,include,rules
B6,W7160419689,2026,Microfinance at a crossroads: exploring opportunities and structural bottlenecks in Pakistan’s financial inclusion agenda,include,rules
B6,W3016311743,2020,Demonetization move in India: a conceptual study,include,rules
B6,W4391045840,2023,Examining Consumer Behavioural Intention Towards Cryptocurrency Adoption Readiness in Pakistan: A Religious Perspective,include,rules
B6,W4383741369,2023,Digital technologies for cash and voucher assistance in disasters: A cross-case analysis of benefits and risks,borderline,core concept mentioned once
B6,W7216223689,2026,PERKEMBANGAN BANK DIGITAL DAN DAMPAKNYA TERHADAP PERILAKU KEUANGAN MASYARAKAT,include,rules
B6,W4321350112,2023,Profile of Mobile Money and Financial Inclusion among Micro-Entrepreneurs in The Central Business District of Lusaka,include,rules
B6,W3094805472,2020,Faktor yang mempengaruhi pemilihan aplikasi pembayaran seluler,include,rules
B6,W3129464983,2020,FINANCIAL ECONOMICS: EVOLUTION AND CONCEPTUAL PRINCIPLES OF FORMATION IN THE NEW ECONOMY,include,rules
B6,W7148742801,2026,The Effect of Sorting Waste Saving Gold on Financial Independence and Sustainable Behavior Mediated by Financial Inclusion,include,rules
B7,W7204254852,2026,Digital Transformation as a Catalyst for Sustainable Entrepreneurship,exclude,"flag, core not in title: \b(sensor network|wireless|5g|6g|edge co"
B7,W7171712710,2026,From Policy Instruments to Social Embedding: A Study on the Innovation Path of Smart Elderly Care Industry in Hubei Province,include,rules
B7,W3203100200,2017,Exploring the Relationship between Components of Digital Divide and Students' Academic Achievement,include,rules
B7,W7160927317,2026,Digitalisation in social work practice: potentials and limitations from the Turkish context,borderline,core concept mentioned once
B7,W4296709982,2022,"Capital gains in a digital society: Exploring how familial habitus shapes digital dispositions and outcomes in three families from Aotearoa, New Zealand",include,rules
B7,W7171078926,2026,Dismantling the Hidden Curriculum: A Conceptual Framework for Gender-Responsive Curricular Transformation in Higher Education,borderline,core concept mentioned once
B7,W7160411102,2026,Enhancing Democratic Governance in Romania: A Comprehensive Analysis of Citizen Participation Initiatives,exclude,core concept missing
B7,W4408904855,2025,DIGITAL GOVERNANCE ACROSS WHOLE-OF-THE-GOVERNMENT: OPPORTUNITIES AND CHALLENGES,borderline,core concept mentioned once
B7,W3200616874,2021,Onlife Migrants and Digital Inclusion. Reflections for a Sociology of Digital Migrations,include,no abstract; core (and context) in title
B7,W4396534296,2024,Navigating Digital Frontiers in Music Education: The MUSENSE Project's Contribution to E-Learning,borderline,core concept mentioned once
B7,W4410052419,2025,Dari Tenda Pembuat Kemah ke Ruang Kelas: Transformasi Gaya Mengajar Rasul Paulus dalam Dunia Pendidikan,borderline,core concept mentioned once
B7,W3202733352,2021,A Resilient Approach to Social Solidarity During Covid-19. Evidence from Smart Communities in South African Cities,exclude,core concept missing
B7,W2904347104,2018,Digital Literacy in an Urban Cancer Population: Who Are We Leaving Out?,borderline,flag: \b(patients?|clinical|randomi[sz]ed|prev
B7,W7167742312,2026,"Indigenous Entrepreneurship, Livelihoods and Community Economies: Reimagining Sustainable Development Through Indigenous Knowledge Systems in Africa and Zimbabwe",exclude,"core mentioned once, not in keyword tags"
B7,W7215551805,2025,Analisis Kode Etik Guru Dalam Menjalankan Profesi dan Problematikanya Di Era Society 5.0,include,rules
B7,W4412433934,2025,THE ROLE OF DIGITAL COMPETENCY IN AI-DRIVEN HEALTH MONITORING FOR THE ELDERLY: A QUANTITATIVE STUDY ON SYSTEM EFFECTIVENESS,include,rules
B7,W4403948661,2024,Technology Transfer and Technological Spillovers from Chinese Tech Giant in North African Countries: The Case of Huawei in Algeria,borderline,core concept mentioned once
B7,W4410174140,2025,Legal and Policy Frameworks for Sustainable Digital Governance in Albania: a Human Rights Approach to SDG 16 Compliance,borderline,core concept mentioned once
B7,W4382519348,2023,Overview of Research on the Digital Divide of the Elderly in China,include,no abstract; core (and context) in title
B7,W4230528180,2018,Using technologies,borderline,core concept mentioned once
B7,W4395007061,2024,Physiotherapy students' attitudes toward the use of telehealth in clinical practice: A cross‐sectional survey,exclude,"flag, core not in title: \b(patients?|clinical|randomi[sz]ed|prev"
B7,W7213973258,2026,"Educational Digital Sovereignty and EdTech Platform Capitalism: Rethinking Innovation, Data Governance and Artificial Intelligence in Public Education",borderline,core concept mentioned once
B7,W4407079334,2025,La educación en la sociedad moderna con la adaptación y desafíos ante las demandas cambiantes del estado Ecuatoriano,borderline,core concept mentioned once
B7,W7216552156,2025,DAMPAK KEBIJAKAN ZONASI TERHADAP KETIMPANGAN AKSES PENDIDIKAN DASAR DI INDONESIA PADA ERA DIGITAL,include,rules
B7,W3004929482,2020,Use of Patient Portals of Electronic Health Records Remains Low From 2014 to 2018: Results From a National Survey and Policy Implications,exclude,"flag, core not in title: \b(patients?|clinical|randomi[sz]ed|prev"
B7,W2801805687,2018,"Digital Inequalities in the Use of Self-Tracking Diet and Fitness Apps: Interview Study on the Influence of Social, Economic, and Cultural Factors",include,rules
B7,W7168249003,2026,Digital inclusion in e-government: web accessibility of government internet resources,include,rules
B7,W7167361848,2026,Fintech Contribution in promoting financial inclusion among underserved populations: An Empirical analysis,include,rules
B7,W4286569270,2022,From Digital Divides to Digital Dividends,include,rules
B7,W4393217756,2024,Navigating the Future of Work: Human Capital in the Age of Industry 4.0,include,rules
B7,W4410457061,2025,Integrating patient voices in digital health research design: The ProPacient Decalogue,exclude,"flag, core not in title: \b(patients?|clinical|randomi[sz]ed|prev"
B7,W3210186282,2021,A New Path for Solving Regional Differences in Digital Economy Development from the Perspective of Opening to the Outside World—Taking Free Trade Area as an Example,borderline,core concept mentioned once
B7,W7168298109,2026,The Reconstruction of the AI-Driven Early Childhood Dance Creation Process and a New Paradigm of Artistic Expression,borderline,core concept mentioned once
B7,W3089448924,2020,A Study on Digital Divide Influence Factors of the Elderly: Comparison between Baby Boomer and Elderly,include,no abstract; core (and context) in title
B7,W4414742441,2025,Тенденции цифровой трансформации Таиланда,borderline,core concept mentioned once
B7,W4385345524,2023,Consumer behaviour in e-Tourism: Exploring new applications of machine learning in tourism studies,exclude,"flag, core not in title: \b(deep learning|neural network|convolut"
B7,W4391382999,2024,Rung Towards the Digitalization of Tourism Services in India; Assessment of Individual Perceptions using Technology Acceptance Model,borderline,core concept mentioned once
B7,W7216223689,2026,PERKEMBANGAN BANK DIGITAL DAN DAMPAKNYA TERHADAP PERILAKU KEUANGAN MASYARAKAT,exclude,"core mentioned once, not in keyword tags"
B7,W7140352418,2026,"Публічно-правові гарантії реалізації права фізичних осіб на відшкодування шкоди, завданої державою-агресором внаслідок війни",borderline,core concept mentioned once
B7,W2959650448,2019,Rural digital geographies and new landscapes of social resilience,exclude,core concept missing
B8,W2952176206,2019,“Ownself Check Ownself”: The Role of Singlish Humor in the Rise of the Opposition Politician in Singapore,include,rules
B8,W4417482462,2025,MORAL REASONING AND DISCOURSE FRAGMENTATION IN YOUTUBE COMMENTS ON SEXUAL VIOLENCE CASES INVOLVING RELIGIOUS AUTHORITY,include,rules
B8,W4387478278,2022,Political Communication Education for Beginner Voters in Convenient Regional Head Elections in 2024,include,rules
B8,W3121773092,2020,Büyük Veri Metin Madenciliği Bağlamında İstanbul Büyükşehir Belediyesi Seçimlerinde Aday Liderlerin Tweet Kullanımları Üzerine Bir İnceleme,include,rules
B8,W4395453007,2024,Managing the “Unknown Unknowns”,include,rules
B8,W2953149274,2019,Selling European Democracy : The European Parliament's communication strategy on Facebook,include,rules
B8,W4396960487,2024,Travel Cost on Election Day and Voter-Turnout in Chile: Exploring University Students’ Willingness to Cast a Hypothetical Online Vote,exclude,core concept missing
B8,W4414347615,2025,Digital Mourning and Civic Engagement: Emotional Dynamics on China's Virtual Wailing Wall,include,rules
B8,W4393287548,2023,Kesadaran Politik Era Pandemi Studi Pemilihan Kepala Daerah Surabaya 2020 Di Kelurahan Medokan Ayu,include,rules
B8,W2752624503,2017,Why context matters: the role of campaign context in the relationship between digital media use and political participation,exclude,core concept missing
B8,W4394718859,2024,Der ‚digital-öffentliche Raum‘ als kommunikative Figuration und vergemeinschaftungsideologische Imagination,include,rules
B8,W2594156513,2016,The evaluation of political communication strategies in social media according to content differences,include,rules
B8,W7159769370,2020,"NDLELA (Martin) et MANO (Winston) (dir.). Social Media and Elections in Africa, Volume 1: Theoretical Perspectives and Election Campaigns . New York, Palgrave Macmillan, 2020, 238 pages",include,rules
B8,W7204459316,2026,"The afterlives of propaganda: media archeology, everyday labor, and postcolonial statecraft in Nigeria’s 2023 election",include,rules
B8,W7134131628,2026,Determining factors of students' nationalistic attitudes in deep learning in the digital era,exclude,"flag, core not in title: \b(deep learning|neural network|convolut"
B8,W7163007211,2026,The Politics of Digital Private Messaging,include,rules
B8,W4412459927,2025,The Genealogy of Hatred: An Analysis of Traditional Islamic Philosophy in the Contemporary World,exclude,"flag, core not in title: \b(patients?|clinical|randomi[sz]ed|prev"
B8,W7220762256,2025,"Juxtaposing Law, Media and Human Rights: Role of Social Media in Promoting Human Rights in Pakistan Case Study of Legal Reforms and Digital Activism",include,rules
B8,W7215198757,2025,PEMANFAATAN TIKTOK SEBAGAI MEDIA KAMPANYE OLEH KUKUH HARYANTO SEBAGAI CALON LEGISLATIF DEWAN PERWAKILAN RAKYAT DAERAH KABUPATEN WONOGIRI DAPIL I TAHUN 2024,include,rules
B8,W4417181126,2025,On Homosexual Love and Right to Same-Sex Marriage: Questioning the Paradox of #LoveWins Discourse,exclude,core concept missing
B8,W4390900084,2022,Pendekatan Public Relations Politik di Media Sosial dalam Pembentukan Citra Politik,include,rules
B8,W4233994730,2016,"Saudi Arabia in Transition: Insights on Social, Political, Economic, and Religious Change",include,rules
B8,W7118094144,2025,Sumud Nusantara: Online Sentiments and Islamic Ethics on Social Media Solidarity with Palestine,include,rules
B8,W2789297254,2017,New Ways of Interaction in Social Media: Political Participation of Young People in Mexico and Ecuador,include,rules
B8,W2950517591,2019,An analysis of the 2014 New Zealand general election: do Internet use and online party mobilisation matter?,exclude,core concept missing
B8,W4200248873,2021,"The Return of the “Lurker”: A Longitudinal Study of Citizens’ Use of Social Media in Danish Elections 2011, 2015, and 2019",include,rules
B8,W7127141106,2026,The Impact of Social Media on Shaping Voter’s Political Opinions: A Study of the 2024 Presidential Election in Sri Lanka,include,rules
B8,W4416982227,2025,Deepfake and the Crisis of Trust in Digital Public Spheres,include,rules
B8,W4400350589,2024,"Social media as a factor in the transformation of public administration, justice and legality",include,rules
B8,W2979760061,2019,Cambridge Analytica � A Case Study,include,rules
B8,W7215644138,2021,การมสวนรวมทางการเมองของผสงอายในอำเภอหาดใหญ จงหวดสงขลา,exclude,core concept missing
B8,W7169552163,2026,Targeted in Platformed Spaces: Online Harassment and the Recalibration of Journalistic Role Conception in Kenya,borderline,core concept mentioned once
B8,W2749477995,2017,Memes as reasonably hostile laments: A discourse analysis of political dissent in Oman,include,rules
B8,W4210822364,2022,Shaking up Democracy from Below,borderline,core concept mentioned once
B8,W2917716772,2019,Online political efficacy and political participation: A mediation analysis based on the evidence from Taiwan,include,rules
B8,W3045448472,2020,Online Activism and Dyadic Representation: Evidence from the UK E‐Petition System,include,rules
B8,W3025293643,2020,Discussing the Populist Features of Anti-refugee Discourses on Social Media: An Anti-Syrian Hashtag in Turkish Twitter,include,rules
B8,W7220603853,2023,การเปดรบขอมลขาวสารผานสอสงคม และการมสวนรวมทางการเมอง ในการเลอกตงผวาราชการกรงเทพมหานคร พ.ศ. 2565 ของคนเจเนอเรชนวาย:,include,rules
B8,W2611584449,2017,Rethinking the Concept of Negativity: An Empirical Approach,exclude,core concept missing
B8,W2970442338,2019,Mapping a Changing Field,exclude,core concept missing
B9,W4207070221,2022,A combined deep learning model based on the ideal distance weighting method for fake news detection,borderline,flag: \b(deep learning|neural network|convolut
B9,W4299938101,2022,Covid-19,exclude,"flag, core not in title: \b(patients?|clinical|randomi[sz]ed|prev"
B9,W7171436378,2026,"User-Centred Countermeasures Against Multimodal Misinformation in Video, Audio, and Data Visualisations",include,no abstract; core (and context) in title
B9,W4318594531,2023,Medication abortion on TikTok: misinformation or reliable resource?,include,no abstract; core (and context) in title
B9,W4401828641,2022,Workshop Etika Jurnalisme Warga di Era Digital Bagi Pelajar SMA dan Mahasiswa,borderline,core concept mentioned once
B9,W7215443188,2026,THE IMPACT OF IDEOLOGICAL THREATS ON SOCIO-POLITICAL AND CULTURAL LIFE: AN ANALYTICAL APPROACH,include,rules
B9,W2776576695,2017,Conceptualising the Other: Online discourses on the current refugee crisis in Cyprus and in Poland,borderline,core concept mentioned once
B9,W7202179372,2026,News Verification in the Post-Truth Era: Challenges and Behaviors of African Students in Ankara-Türkiye,include,rules
B9,W7128625830,2025,РОЛЬ ЗМІ В ПОЛІТИЧНОМУ ЖИТТІ СУСПІЛЬСТВА,borderline,core concept mentioned once
B9,W7154601810,2026,An Online Dialogue Simulation: The FLORA Application as a Social Influence Tool to Counteract Misinformation and Promote Public Health,borderline,flag: \b(patients?|clinical|randomi[sz]ed|prev
B9,W7167360356,2026,Leveraging Deep Learning and Natural Language Processing for the Identification of Deceptive Online Content,exclude,"flag, core not in title: \b(deep learning|neural network|convolut"
B9,W4392345854,2024,Connecting Health and Technology: A Comprehensive Review of Social Media and Online Communities in Healthcare,exclude,"flag, core not in title: \b(patients?|clinical|randomi[sz]ed|prev"
B9,W4392294776,2024,The Great Plague Scare of 1720: Disaster and Diplomacy in the Eighteenth-Century Atlantic World by Cindy Ermus (review),exclude,"flag, core not in title: \b(patients?|clinical|randomi[sz]ed|prev"
B9,W4360793555,2023,CANNABIS SATIVA: A LEGALIDADE DA UTILIZAÇÃO FITOTERÁPICA NO TRATAMENTO DE DOENÇAS,exclude,"core mentioned once, not in keyword tags"
B9,W4200125992,2021,Fake News and the Europeanization of Cyberspace,include,rules
B9,W4388414832,2023,Philosophies of censorship and control,borderline,core concept mentioned once
B9,W4376608570,2023,"COVID‐19 attitudes, cognitions, and behaviors in association with personal ideology and social media exposure: Findings from emerging adults in the Southern United States",exclude,"flag, core not in title: \b(patients?|clinical|randomi[sz]ed|prev"
B9,W4416404292,2025,Industry in Crisis: Exploring the Perceptions PR Professionals Have Towards Disinformation,include,rules
B9,W7135077557,2026,ANCIENT METHODS OF CRITICAL THINKING IN TEACHER EDUCATION: FROM PAIDEIA TO EPISTEMIC VIRTUES,include,rules
B9,W2965705683,2019,Tweeting Grenfell: Discourse and networks in critical constructions of British Muslim social boundaries on social media,include,rules
B9,W3096911860,2020,EXTRALINGUAL FACTORS OF DISCURSIVE PRACTICES OF FAKE NEWS,include,rules
B9,W7116629594,2025,Феномен распространения недостоверной информации в современном цифровом маркетинге,include,rules
B9,W4411073178,2025,A Novel Multi-modality Deepfake Detection Using Cross-Model Fusion–Based Hybrid Harris Whale Depth-Wise Separable Dense Convolutional Bi-GRU Deepfake Model,exclude,core concept missing
B9,W7220523743,2024,The Spread of Fake Online Information and It’s Impact on Society,include,rules
B9,W4410518611,2025,Development of the ability to assess (fake) news about ecology from adolescence to older adults,include,rules
B9,W7204527681,2026,AI-Powered Personalisation of Media Content in Africa,borderline,core concept mentioned once
B9,W7130847442,2026,Automating the process of selecting countermeasures through multi-criteria decision analysis with large language models,include,rules
B9,W4398227259,2024,A Multi-tier Model and Filtering Approach to Detect Fake News Using Machine Learning Algorithms,borderline,flag: \b(deep learning|neural network|convolut
B9,W4407106263,2024,Assessing the sustainability of health communication on social media among women,borderline,core concept mentioned once
B9,W2990313704,2019,Professors’ perspectives on truth-seeking and new literacy,borderline,core concept mentioned once
B9,W7201868453,2026,Political Economy,include,rules
B9,W2163544761,2015,Investor sentiment and price limit rules,exclude,core concept missing
B9,W4394968824,2022,Hate Speech Legislation and Freedom of Expression: Finding the Balance,include,rules
B9,W2928132927,2019,Nipah virus outbreak in India: is it a bat-man conflict?,exclude,"flag, core not in title: \b(patients?|clinical|randomi[sz]ed|prev"
B9,W4405916210,2022,The Role of Media in the Fifth Generation Warfare: The Indian Information War against Pakistan,include,rules
B9,W3166140173,2021,"Where Does a Lie Start? Untruths, Half-Truths and Strategic Self-Presentation in Ethnographic Fieldwork",exclude,"core mentioned once, not in keyword tags"
B9,W7166353803,2026,The Inevitability of Language in Governance: A Veritable Tool for Security and National Rebranding in Nigeria,borderline,core concept mentioned once
B9,W4410745153,2025,A regulamentação das redes sociais para garantir a integridade dos processos eleitorais à luz da ADPF N°403,borderline,core concept mentioned once
B9,W4396704450,2024,26 The economics of fake news,include,rules
B9,W4387758467,2023,Trump’s Misogyny Widens Populist Cracks in US Democracy,exclude,core concept missing
B10,W3049069627,2020,Phishing URL Detection Using Machine Learning,include,no abstract; core (and context) in title
B10,W2276114933,2015,A Methodology for Cyber Crime Identification using Email Corpus based on Gaussian Mixture Model,include,rules
B10,W3097341445,2020,Jasa Hapus Akun dan Permasalahannya Ditinjau Dari Kekuatan Mengikat Perjanjian Antara Konsumen dengan Pelaku Bisnis Jasa Hapus Akun,include,rules
B10,W4403550726,2024,5 Pandemic Crisis and Technological Change,borderline,core concept mentioned once
B10,W4411464665,2025,Generative AI Integration with Cloud Services: Revolutionizing Cybersecurity Frameworks,borderline,flag: \b(sensor network|wireless|5g|6g|edge co
B10,W4200125992,2021,Fake News and the Europeanization of Cyberspace,include,rules
B10,W2911651065,2019,The chequered past and risky future of digital forensics,borderline,core concept mentioned once
B10,W4367551938,2023,How Should I Start Research in Cyber Security? Suggestions for Researchers According to Bibliometric Analysis Data,include,rules
B10,W7161850172,2026,"The Dangers of Cybercrime and How to Stay Safe Online: A Comprehensive Analysis of Threats, Impacts, And Defensive Strategies",borderline,flag: \b(sensor network|wireless|5g|6g|edge co
B10,W4405025193,2024,Classification of Deepfake Fraud and Cyber Kidnapping,include,rules
B10,W4242134242,2017,"David S. Wall (2005), 'Digital Realism and the Governance of Spam as Cybercrime', European Journal on Criminal Policy and Research, 10, pp. 309-35",include,rules
B10,W2922684354,2019,Delivering Cybersecurity Education Effectively,include,rules
B10,W7154251081,2026,Hotspots of the Research on Digital Campus and Policy Implementation-Visualization Based on Citespace and a Study Based on the Smith Policy Implementation Process Model,borderline,core concept mentioned once
B10,W7125376141,2026,Taxation in the Era of Digital Transformation: Legal Opportunities and Regulatory Challenges,borderline,core concept mentioned once
B10,W4400054699,2024,The Evaluating Impact of Artificial Intelligence on Risk Management and Fraud Detection in the Commercial Bank in Bangladesh,include,rules
B10,W4411766617,2025,"A Comprehensive Socio-Legal Analysis Of Cybercrime In India: Patterns, Challenges, And Legal Frameworks",include,rules
B10,W4411370274,2025,Graph-contrast ransomware detection (GCRD) with advanced feature selection and deep learning,borderline,flag: \b(deep learning|neural network|convolut
B10,W4402876957,2024,DIGITALIZATION OF ELECTIONS IN UKRAINE AND THE WORLD: ETHICAL DIMENSIONS OF THE PHENOMENON,include,rules
B10,W4389105730,2022,Cybersecurity & Blockchain,include,rules
B10,W2599522771,2017,Täter und Täterorganisationsstruktur,exclude,core concept missing
B10,W4410174140,2025,Legal and Policy Frameworks for Sustainable Digital Governance in Albania: a Human Rights Approach to SDG 16 Compliance,include,rules
B10,W7167946987,2026,Cross-Border Cybercrime Investigations: Legal Challenges and The Impact of Distinct National Laws on Digital Evidence and Admissibility,borderline,flag: \b(sensor network|wireless|5g|6g|edge co
B10,W2918538338,2019,"Smart cities and cyber security: Are we there yet?A comparative study on the role of standards, third party risk management and security ownership",include,no abstract; core (and context) in title
B10,W3082637665,2020,AI in digital forensics: Ontology engineering for cybercrime investigations,borderline,flag: \b(intrusion detection|malware detection
B10,W4408295190,2025,Digital Forensics,exclude,"stub abstract, core not in title"
B10,W4402095957,2023,Real-Time Cybersecurity threat detection using machine learning and big data analytics: A comprehensive approach,include,rules
B10,W4256411188,2021,PROBLEMATIKA DALAM PENANGANAN CYBER CRIME DI INDONESIA,include,rules
B10,W7125188179,2026,Toward Stress-Adaptive Cyber Defense: Cognitive–Physiological Synchronization in IoT Environments,borderline,flag: \b(sensor network|wireless|5g|6g|edge co
B10,W4383877922,2023,Dark side whitewashes the benefits of FinTech innovations: a bibliometric overview,borderline,core concept mentioned once
B10,W4392088062,2024,Foreign Policy and Organized Crime,borderline,core concept mentioned once
B10,W4404621842,2024,AI in the Trenches: How Machine Learning is Fighting Cybercrime,borderline,flag: \b(intrusion detection|malware detection
B10,W4414403606,2025,"The Relationship Between Cybersecurity, Corporate Trust And Corporate Reputation in Businesses",include,rules
B10,W2976604832,2016,3 Cybercrime research at the crossroads: where the field currently stands and innovative strategies to move forward,include,rules
B10,W4413228882,2024,The evolution of white-collar crime in India: Historical and contemporary perspectives,include,rules
B10,W4386575225,2023,MAGD: Minimal Attack Graph Generation Dynamically in Cyber Security,borderline,flag: \b(intrusion detection|malware detection
B10,W4403773846,2024,"From Screens to Minds: The Connection Between Cyberbullying, Psychological Well‐Being, and the Mediating Role of Perceived Social Support in High School Students",include,rules
B10,W2552772795,2016,Evidence of cybercrime and coercive measures in Finland,include,rules
B10,W7216223689,2026,PERKEMBANGAN BANK DIGITAL DAN DAMPAKNYA TERHADAP PERILAKU KEUANGAN MASYARAKAT,include,rules
B10,W4401782357,2024,Satisfaction with police and reporting online victimization: The role of immigration status,borderline,core concept mentioned once
B10,W4401497234,2024,Standardization of Information Security Management in the Banking Sector using the ISO 27001:2022 Framework,include,rules
B11,W4411501378,2025,Shaping innovation normative pressure: how algorithmic management drives employee innovation,include,rules
B11,W4415585454,2025,"Migration, Precarity and Solidarity Among Migrant Platform Workers in China’s Food Delivery and Ride-Hailing Sectors",include,no abstract; core (and context) in title
B11,W2892117148,2018,Labour process theory and the gig economy,include,rules
B11,W4405948704,2024,"Dual effects of economic dependence on platform workers’ work experiences? The role of autonomy, commitment and online review systems",include,rules
B11,W4312608498,2022,GIG ECONOMY: THE NEW OPPORTUNITIES FOR BUSINESS DIGITAL TRANSFORMATION UNDER HIGH TURBULENT DIGITAL ENVIRONMENT,include,no abstract; core (and context) in title
B11,W4313331453,2022,Online identities in and around organizations: A critical exploration and way forward,borderline,core concept mentioned once
B11,W2982410926,2019,The precarity of Fluffy Ruffles: reading a Progressive Era comic strip in the age of #MeToo,exclude,"stub abstract, core not in title"
B11,W7203932005,2026,Social Protection under Conditions of Inequality – Gender-Specific Motives and Perceptions in Platform Work,include,rules
B11,W3202427451,2021,"Latin American perspectives on datafication and artificial intelligence: Traditions, interventions and possibilities",borderline,core concept mentioned once
B11,W7204240974,2026,Role of the Gig Economy in Developed and Developing Economies: What Is and Has Been the Impact of This Sector on Economic Mobility and Contribution to the Country's GDP? A Case Study of India and the USA,include,rules
B11,W3217048361,2021,With or without U(nions)? Understanding the diversity of gig workers’ organizing practices in Italy and the UK,include,rules
B11,W7217777498,2017,"Labor Market Dynamics in the Gig Economy: Implications for Employment, Income, and Social Welfare",include,rules
B11,W4206812634,2021,The Present and Future of Employment: Ibero-American Context,borderline,core concept mentioned once
B11,W7136040066,2026,The rise of the gig economy and the social protection of gig workers in China,include,no abstract; core (and context) in title
B11,W7155624728,2026,SPEED VS SAFETY: THE HIDDEN RISK BEHIND 10-MINUTE DELIVERY PROMISES.,borderline,core concept mentioned once
B11,W7170075768,2026,The digital sublime and the hidden abode: Deepening the dialogue between political economy of communication and labour process theory on digital labour,include,rules
B11,W7204459316,2026,"The afterlives of propaganda: media archeology, everyday labor, and postcolonial statecraft in Nigeria’s 2023 election",include,rules
B11,W4413776129,2025,wl-4798-Visualising the Invisible: Re-examining Women’s Labour Force Participation in India,borderline,core concept mentioned once
B11,W4383619945,2023,Compliance with Labour Laws in India on Gig Economy and Online Workplace,include,rules
B11,W4206786659,2022,Fairness in the Platform Economy: A Bibliometric Analysis of Journal Research Articles,exclude,core concept missing
B11,W7108441467,2025,"Is Democracy Working? The Interplay of Everyday Life, Representation, and Democratic Health in America",borderline,core concept mentioned once
B11,W7217136340,2024,Peran Fitur Fiverr dan Manfaatnya bagi Digital Freelancer,include,rules
B11,W4393236403,2024,Multidimensional Work Motivation Scale Validation Study of the English Version in an Online Gig Work Context,include,rules
B11,W4367184156,2023,it Freelancers as Knowledge Workers: Shifts in Working Conditions and Work Autonomy in Crowd Work,include,rules
B11,W7167268018,2026,"Graduates' Rational Choices in Seeking Job Opportunities via Digital Platforms in Buahbatu Village, Bandung Regency",borderline,core concept mentioned once
B11,W7208822912,2026,Cold Starts and Burning Desires: Reputation System Misalignment and Late-Career Transitions to Platform Work,include,rules
B11,W2900783872,2018,Dual Disruptions: Brexit and Technology,exclude,core concept missing
B11,W7160710071,2026,Gendered Dynamics of Gig Economy Dependence and Life Satisfaction: The Mediating Role of Perceived Financial Insecurity,include,no abstract; core (and context) in title
B11,W7129046345,2025,TRANSFORMATION OF COMPANY MANAGEMENT IN THE AGE OF DIGITALIZATION: FROM HIERARCHIES TO NETWORKS,borderline,core concept mentioned once
B11,W7214196726,2026,Self-care practices and barriers to blood pressure control among app-based delivery riders with hypertension,exclude,"flag, core not in title: \b(patients?|clinical|randomi[sz]ed|prev"
B11,W4379621099,2022,Regulating the algorithm: platform economy workers in China,include,rules
B11,W3211031856,2021,Embedding platforms in contemporary labour law,include,rules
B11,W7204595307,2026,Platform Labour Conflict and AI Algorithms in Digital Labour: An Evolutionary Game Analysis Based on Herd Effect,include,rules
B11,W7118164032,2026,Moral Economies of Worth and Symbolic Boundaries in the Construction of Racial Hierarchies in the Platform Economy: An Example of Latvian Food Delivery Gig Workers,include,rules
B11,W3184862639,2021,Determination of Exploitation in a Disruptive and Unjust Gig-Economy,include,rules
B11,W7126263477,2026,Hierarchical Worker Evaluation Based on Requester’s Subjective Criteria in Open-Ended Crowdsourcing Tasks,exclude,"core mentioned once, not in keyword tags"
B11,W4312740832,2022,"Jaki wpływ na gospodarkę gig economy będzie miał wyrok Sądu Najwyższego Wielkiej Brytanii, uznający kierowców Ubera za pracowników?",include,rules
B11,W4400788088,2024,Body and Mind - Reframing Labour Exploitation and Risk as a Sport among Platform Workers,include,rules
B11,W3038553983,2020,Digital Economy: Identification and Measurements Problems in Regional Economy,include,rules
B11,W7165735636,2026,When Algorithmic Management Plays an Intermediary Role in Worker-Organization Relationships: A Social Exchange Perspective,include,rules
B12,W4409218929,2025,The Impact of Cloud Versus Local Infrastructure on Automatic IoT-Driven Hydroponic Systems,exclude,"core mentioned once, not in keyword tags"
B12,W2799821425,2018,Anticipatory infrastructural practices: The coming of electricity in rural Kenya,exclude,core concept missing
B12,W7204886375,2026,Aftermath of 1:1 Assemblages: A Transformation Journey of Sociotechnical Imaginaries in Three Latin American Programs,include,no abstract; core (and context) in title
B12,W4210848854,2020,Seep Between the Mortar: Sociotechnical Imaginaries in Digital Media at Tate,include,rules
B12,W4408315889,2025,Reassessing “infrastructuring digital sovereignty”: digital self-determination as a set of infrastructure-embedded practices,include,rules
B12,W7161438359,2026,AI literacy and school tier moderate educators’ ethical coping mechanisms through sedative and reverse Matthew effects,borderline,core concept mentioned once
B12,W4312305277,2022,Ground Penetrating Radar applied to asphaltic pavements – a study in a controlled site,exclude,"core mentioned once, not in keyword tags"
B12,W4415756922,2025,What is Infrastructure Aesthetics?,include,rules
B12,W2594601392,2017,Biography of a Design Project through the Lens of a Facebook Page,exclude,core concept missing
B12,W4381429420,2023,"Living labs as third places: low-threshold participation, empowering hospitality, and the social infrastructuring of continuous presence",borderline,flag: \b(patients?|clinical|randomi[sz]ed|prev
B12,W4401128582,2024,Big Tech,borderline,core concept mentioned once
B12,W4390151650,2023,National Parks as the materialized imaginary of ecological civilization in China,include,rules
B12,W4389009236,2023,"“This Is Not What I Signed up for”: Sociotechnical Imaginaries, Expectations, and Disillusionment in a Dutch Military Innovation Hub",include,rules
B12,W7220426775,2026,Smart Soil Monitoring Systems: Challenges and Strategic Solutions for Enhanced Adoption,exclude,"flag, core not in title: \b(sensor network|wireless|5g|6g|edge co"
B12,W4304182994,2022,P.35 Genetic newborn screening and digital technologies to accelerate rare disease diagnosis: The EU-IMI screen4Care project,exclude,core concept missing
B12,W4417033152,2025,"Toward a Comparative Ethnography of Arctic Seaports Projects: Local Impacts of Expanding Maritime Infrastructure in Alaska, Norway, and Russia",exclude,"core mentioned once, not in keyword tags"
B12,W4384701076,2023,The evolving sociotechnical futures of outer space,include,no abstract; core (and context) in title
B12,W4384661215,2023,Unified and pluralistic ideals for data sharing and reuse in biodiversity,exclude,"core mentioned once, not in keyword tags"
B12,W7213459913,2026,"AI, Blockchain and The New Geopolitical Order How Digital Sovereignty is Reshaping Global Power Politics",exclude,"core mentioned once, not in keyword tags"
B12,W4365999024,2023,Lessons Learned from a Comparative Study of Long-Term Action Research with Community Design of Infrastructural Systems,include,rules
B12,W2997402155,2020,From Public Engagement to Research Intervention: Analyzing Processes and Exploring Outcomes in Urban Techno-politics,include,rules
B12,W4301398905,2022,"Construing and constructing the South China Sea beyond state‐led environmentalism: Vernacularizing geographical, geopolitical and sociotechnical imaginaries of territory",include,rules
B12,W3209967088,2021,The Digital Silk Road: understanding Chinas technological rise and the implications for global governance,borderline,core concept mentioned once
B12,W4415885919,2025,The Power of Digital Infrastructure. How Conflicts between Platforms and States Redefine Sovereignty?,include,rules
B12,W4394847982,2024,Technology in Public Health Education in Developing Countries,exclude,core concept missing
B12,W2782182402,2018,Eggs on Ice: Imaginaries of Eggs and Cryopreservation in Denmark,include,rules
B12,W7215423861,2024,INFRAESTRUTURA NA METROPOLIZAÇÃO DO ESPAÇO,exclude,"core mentioned once, not in keyword tags"
B12,W4416848567,2025,Deep Learning-Based Downscaling of CMIP6 for Projecting Heat-Driven Electricity Demand and Cost Management in Chengdu,exclude,"flag, core not in title: \b(deep learning|neural network|convolut"
B12,W4415372828,2025,Governance logic and platform power restructuring in the digital transformation of art institutions,exclude,"core mentioned once, not in keyword tags"
B12,W7139959502,2026,Institutional Readiness for Implementing the 4-in-1 Teacher Training Model in Pre-Service Teacher Education in Selected Colleges of Education in Nigeria,borderline,core concept mentioned once
B12,W4414795713,2025,Медико-организационные проблемы преэклампсии: использование цифровых технологий в здравоохранении для снижения материнской смертности в странах Африки к югу от Сахары,exclude,"flag, core not in title: \b(patients?|clinical|randomi[sz]ed|prev"
B12,W7140411733,2026,The role of foreign investments in the economic development of Kazakhstan,exclude,"core mentioned once, not in keyword tags"
B12,W7219961966,2026,"DETERMINANTS OF DIGITAL FINANCE IN DEVELOPING COUNTRIES: THE ROLE OF DIGITAL INCLUSION, INCOME, AND INTERNET PENETRATION",include,rules
B12,W2562818298,2016,Diagnoser som styringshybrider Diagnoserelaterede grupper i sundhedsvæsenet,exclude,"flag, core not in title: \b(patients?|clinical|randomi[sz]ed|prev"
B12,W7127333649,2026,"Digital Control, Symbolic Power, and the Shift of Violence: Non-Physical Violence in Urban Parent–Child Relationships in Bengkulu City",exclude,"core mentioned once, not in keyword tags"
B12,W4220991828,2022,Water Infrastructure and the Imaginary of Unfinished Urban Modernity in Taiwan,borderline,core concept mentioned once
B12,W4413045166,2025,Emerging and sustaining infrastructures of care: reflections on the possibilities of ethical collaboration between academics and practitioners,exclude,"core mentioned once, not in keyword tags"
B12,W7213198235,2026,"Analysis of Digital Financial Inclusion and Financial Performance of Small and Medium Enterprises in West Pokot County, Kenya",borderline,core concept mentioned once
B12,W2605368242,2017,The politics of imaginaries and bioenergy sub-niches in the emerging Northeast U.S. bioenergy economy,exclude,core concept missing
B12,W7170648082,2026,Financialisation and space: from fragmentation of geographical studies to planetary financialisation,exclude,"core mentioned once, not in keyword tags"
B13,W2992795493,2019,IOT Based Smart Lamp for Efficient Usage of Electrical Energy,include,rules
B13,W4362605896,2023,The Application of Wireless Network Technology in Oral English Teaching in the Era of Mobile Internet,borderline,flag: \b(sensor network|wireless|5g|6g|edge co
B13,W3186172081,2015,"ICTD in the Popular Press: Media Discourse Around Aakash, the “World’s Cheapest Tablet”",include,rules
B13,W4362572011,2022,Factors Influencing Consumer Adoption of Smartphones: Evidence from Rural Areas of Pakistan,include,rules
B13,W2888539281,2018,Digital India,borderline,core concept mentioned once
B13,W4397006716,2024,Elderly people’s perceptions on the use of mobile phones to support the self-management of long-term illnesses at Kiruddu National Referral Hospital,include,rules
B13,W3092740757,2020,"State of Health Information Dissemination for Disease Control Among Rural Dwellers in Okpokwu Local Government Area of Benue State, Nigeria",exclude,"flag, core not in title: \b(patients?|clinical|randomi[sz]ed|prev"
B13,W4286375786,2022,Data Space Based on Mass Customization Model,exclude,"core mentioned once, not in keyword tags"
B13,W2139271018,2015,Instructional Technology in Sanskrit,include,rules
B13,W4386441740,2023,The Mediating Effects of Peer Relationships and Gender Differences in the Association between Social Withdrawal and Smartphone Dependency among 9 to 13-year-old Children,include,rules
B13,W2391418191,2015,A Research on the Practice Path of the Ideological and Political Education of College Students based on Mobile Internet,include,rules
B13,W7154841787,2026,Public Value in Equalizing Access to Services for Vulnerable Groups Through JKN Mobile Services in Bojonegoro,exclude,"core mentioned once, not in keyword tags"
B13,W2744036644,2017,ER Goddess,exclude,"flag, core not in title: \b(patients?|clinical|randomi[sz]ed|prev"
B13,W3164099758,2021,Skeleton avatar technology as a way to measure physical activity in healthy older adults,borderline,core concept mentioned once
B13,W4390678733,2023,A Study on Mobile Phone Addiction Among B.Ed Teacher Trainees of University of Mysore,borderline,flag: \b(patients?|clinical|randomi[sz]ed|prev
B13,W3138395199,2017,EFFECT OF THE DEVELOPMENT OF COMMUNICATION INFORMATION TECHNOLOGY ON LOCAL CULTURAL EXISTENCE,include,rules
B13,W3206126826,2021,Geo-Big Data in Digital Augmentation and Accelerating Sustainable Agroecosystems,exclude,core concept missing
B13,W2935921569,2019,Mobile Marketing Space Spread,include,rules
B13,W4380883775,2023,"Reliability, validity, and feasibility of a smartphone‐based cognitive assessment for preclinical Alzheimer disease",borderline,flag: \b(patients?|clinical|randomi[sz]ed|prev
B13,W4387460511,2023,CATS: Conditional Adversarial Trajectory Synthesis for privacy-preserving trajectory data publication using deep learning approaches,exclude,"flag, core not in title: \b(deep learning|neural network|convolut"
B13,W7160323255,2026,Improving Access to Community Occupations via Rideshare: An Effectiveness-implementation Trial with Autistic Adults 1864,exclude,core concept missing
B13,W2981150014,2017,3-D CAD-Rekonstruktion der ersten „Eisernen Hand“ des Reichsritters Gottfried von Berlichingen (1480–1562) – 1. Fortsetzung: Funktionsprüfung mittels 3-D Druck,exclude,"core mentioned once, not in keyword tags"
B13,W3208082913,2021,Individual Hearing Outcomes in Cochlear Implant Users Influence Social Engagement and Listening Behavior in Everyday Life,exclude,"core mentioned once, not in keyword tags"
B13,W3183234943,2021,Energy-Efficient UAV Assisted Secure Relay Transmission via Cooperative Computation Offloading,exclude,"flag, core not in title: \b(sensor network|wireless|5g|6g|edge co"
B13,W2750503481,2017,Immediate effects of mobile phone radiations on heart rate variability in college going students,include,rules
B13,W4214691545,2022,"Mobile phones, off‐farm employment and household income in rural India",include,rules
B13,W3204003722,2021,Joint Bandwidth and Transmission Opportunity Allocation for the Coexistence Between NR-U and WiFi Systems in the Unlicensed Band,exclude,"flag, core not in title: \b(sensor network|wireless|5g|6g|edge co"
B13,W4403022272,2024,Cultural values and digital gap: Overview of behavioral patterns,include,rules
B13,W4399521781,2024,Risk Factors for Non-Consensual Sexting Among Adolescents and Emerging Adults: An Extension of the Routine Activity Theory Perspective,exclude,core concept missing
B13,W3127875944,2020,Segmenting and Profiling Mobile Wallet Users in India.,exclude,"core mentioned once, not in keyword tags"
B13,W2410171218,2015,Optimizing Health in Aging Societies,exclude,"flag, core not in title: \b(patients?|clinical|randomi[sz]ed|prev"
B13,W3154123497,2020,Adoption of Online Pharmacies in India: An Empirical Study,exclude,"core mentioned once, not in keyword tags"
B13,W3128817403,2021,Pregnant women’s daily patterns of well-being before and during the COVID-19 pandemic in Finland: Longitudinal monitoring through smartwatch technology,exclude,"core mentioned once, not in keyword tags"
B13,W4242648443,2017,Classification and gender recognition from veiled-faces,borderline,core concept mentioned once
B13,W4388476503,2023,The Relationship Between E-finance and E-commerce: Evidence from 100 Countries,exclude,core concept missing
B13,W2562491011,2016,Case Study: The Study on Consumer Satisfaction of Services Provided by Airtel Telecommunication,exclude,"core mentioned once, not in keyword tags"
B13,W2889681235,2018,Static Analysis of Android Permissions and SMS using Machine Learning Algorithms,include,rules
B13,W3174614336,2021,Evaluating a mobile-based short virtual course on family planning for frontline health workers in India,exclude,"core mentioned once, not in keyword tags"
B13,W4315753208,2023,Prevalence and determinants of heterosexual anal-intercourse among female sex workers in India: Findings from nationwide cross-sectional biological and behavioural survey,exclude,"flag, core not in title: \b(patients?|clinical|randomi[sz]ed|prev"
B13,W4321129515,2022,The effect of covid-19 on bank proftability: Evidence of m-banking and e-banking in Indonesia,exclude,core concept missing
B14,W4396974769,2024,Enhancing maintenance efficiency in energy assets through AI: a case study of maintAI,borderline,core concept mentioned once
B14,W4411257247,2025,Generative AI in Automated Software Testing: A Comparative Study,include,rules
B14,W4413780628,2025,Chinese EFL learners’ GenAI literacy in digital multimodal composing and self-regulated writing: chain mediation effects of needs satisfaction and creative self-concept,exclude,"core mentioned once, not in keyword tags"
B14,W7156852876,2026,Boosting self-directed learning in virtual reality: the role of gpt-driven feedback for low achievers,exclude,"flag, core not in title: \b(patients?|clinical|randomi[sz]ed|prev"
B14,W7134282693,2026,From raw signals to AI and omics-agnostic algorithms for multidimensional mass spectrometry,exclude,core concept missing
B14,W4413164030,2025,Integration of generative artificial intelligence into higher education research as a supporting tool: A balance between innovation and ethics in research,include,rules
B14,W4403976368,2024,A Revolutionary Framework for Transforming National Innovation,include,rules
B14,W4411327873,2025,Generative AI: From Human–Computer Interaction to Human–Computer Creativity,include,no abstract; core (and context) in title
B14,W7166886608,2026,Innovations and trends in dental education: Is AI friend or foe?,exclude,"stub abstract, core not in title"
B14,W4411346982,2025,How and for whom using generative AI affects creativity: A field experiment.,include,rules
B14,W7216414313,2025,Use Of Generative Artificial Intelligence In Sustainable Affordable Housing Projects In Iraqi Cities,include,rules
B14,W4411464665,2025,Generative AI Integration with Cloud Services: Revolutionizing Cybersecurity Frameworks,borderline,flag: \b(sensor network|wireless|5g|6g|edge co
B14,W7141659910,2025,"CLICKING PAST MASTERY: GENERATIVE AI AND THE COLLAPSE OF TRADITIONAL TRAINING PATHWAYS IN WRITING, MEDIA, AND THE ARTS",include,rules
B14,W4406571986,2025,Generative artificial intelligence in higher education: Evidence from an analysis of institutional policies and guidelines,include,rules
B14,W4404494342,2024,Implementing a Generative AI Solution,borderline,flag: \b(sensor network|wireless|5g|6g|edge co
B14,W4412617250,2025,Ambiguous regulations for dealing with AI in higher education can lead to moral hazards among students,include,rules
B14,W7220195426,2026,Multi-Modal Network Traffic Forecasting with Large Language Models and Edge Intelligence in Smart Cities,borderline,flag: \b(sensor network|wireless|5g|6g|edge co
B14,W4414823023,2025,The enduring schism between culture and technique: Historical (dis)continuities between the Daguerreotype and Generative AI,include,rules
B14,W7128591056,2026,Reconciling Copyright Originality for Photography and Generative Artificial Intelligence,include,rules
B14,W7161102095,2026,Generative AI Adoption and Industry-Level Productivity Growth in the United States: A Multi-Sector Empirical Analysis,include,rules
B14,W4387884043,2023,Revolutionizing Peer Support for Children with Chronic Illness Leveraging Technology,exclude,"flag, core not in title: \b(patients?|clinical|randomi[sz]ed|prev"
B14,W7164188415,2026,"Synthesizing Computational Stylistics, Pragmatic Theory, and Generative AI for Translation Pedagogy",include,rules
B14,W7116629594,2025,Феномен распространения недостоверной информации в современном цифровом маркетинге,borderline,core concept mentioned once
B14,W7118589721,2026,"Tracking ability bias in generative AI: a comparative analysis of ChatGPT 3.5, ChatGPT 4.0, Gemini 2.0, and Grok 3",include,no abstract; core (and context) in title
B14,W7104512821,2025,The Evolution of Design Thinking in the Age of Foundation Models: Revisiting Verganti’s Framework (2020-2025),include,rules
B14,W4409944742,2025,Research on the Opportunities of Generative Artificial Intelligence to Empower Ideological and Political Courses in Colleges and Universities,include,rules
B14,W4412375575,2025,Reflective prompt engineering: a new strategy for automated short answer scoring in biology,include,rules
B14,W7164744630,2026,"Co-creativity between human, nature, and artificial intelligence",borderline,core concept mentioned once
B14,W4401821837,2024,Visualizing Future Breast Cancer Prognosis by Generative AI,borderline,flag: \b(patients?|clinical|randomi[sz]ed|prev
B14,W4413459857,2025,ML-Powered Sensitive Data Loss Prevention Firewall for Generative AI Applications,include,no abstract; core (and context) in title
B14,W7203885714,2026,Exploring Design Principles for Generative AI-Supported Reading Education: An Illustrative Lesson Design,include,rules
B14,W7165805363,2026,Problems of Liability for Non-Performance / Improper Performance of Contracts Concluded Using Chatbots Operating on the Basis of Artificial Intelligence,borderline,core concept mentioned once
B14,W4402760640,2024,A comparative analysis of the ethics of gene editing: ChatGPT vs. Bard,include,rules
B14,W7125473248,2026,Creative or Contrived? How AI Use Shapes the Social Evaluations of Individuals with Creative Reputations,borderline,core concept mentioned once
B14,W7165774822,2026,From Digital Practice to Pedagogical Expertise: Does Interaction with an AI-Simulated Student Impact Preservice Physics Teachers’ Skills?,borderline,core concept mentioned once
B14,W4399784013,2024,Implementation and Evaluation of a ChatGPT-Assisted Special Topics Writing Assignment in Biochemistry,include,rules
B14,W4413982345,2025,Human–AI Teaming in Structural Analysis: A Model Context Protocol Approach for Explainable and Accurate Generative AI,borderline,flag: \b(sensor network|wireless|5g|6g|edge co
B14,W4414456372,2025,Generative AI Ethical Challenges: By Creative and Professional Communities,include,rules
B14,W4416917980,2025,Dimensionality-modulated generative AI for safe biomedical dataset augmentation,borderline,flag: \b(patients?|clinical|randomi[sz]ed|prev
B14,W4408179888,2025,Imposing a Nonexploitative AI-Generated Content Levy on Generative AI Service Providers,include,rules
C1,W4399927545,2024,Smart City Conceptual Framework in the Context of Achieving Sustainable Development Goals,include,rules
C1,W4414338257,2025,"SUSTAINABLE TRANSPORTATION SYSTEMS: A CROSS-FACULTY STUDY ON HEALTH, TECHNOLOGY, BUSINESS, AND LEGAL IMPLICATIONS",exclude,"core mentioned once, not in keyword tags"
C1,W7140282877,2026,"IOT, SMART CITIES, AND INTELLIGENT INFRASTRUCTURE: A FRAMEWORK FOR SUSTAINABLE AND DATA-DRIVEN URBAN DEVELOPMENT",include,rules
C1,W7220195426,2026,Multi-Modal Network Traffic Forecasting with Large Language Models and Edge Intelligence in Smart Cities,borderline,flag: \b(sensor network|wireless|5g|6g|edge co
C1,W4410367099,2025,Enhancing Efficiency in Transportation Data Storage for Electric Vehicles: The Synergy of Graph and Time-Series Databases,borderline,core concept mentioned once
C1,W4404773649,2024,AI for Social Good: Addressing Development Challenges in India,exclude,"flag, core not in title: \b(patients?|clinical|randomi[sz]ed|prev"
C1,W7151498489,2026,The social root of technical failure: A bibliometric analysis on research focus shift from RDF quality control to community social capacity in waste management,borderline,core concept mentioned once
C1,W7217513820,2026,AI-DRIVEN CLOUD RESOURCE OPTIMIZATION FOR SMART CITIES,borderline,flag: \b(deep learning|neural network|convolut
C1,W7142166644,2020,Security and Privacy Challenges in Wireless Sensor Networks,exclude,"flag, core not in title: \b(sensor network|wireless|5g|6g|edge co"
C1,W3202733352,2021,A Resilient Approach to Social Solidarity During Covid-19. Evidence from Smart Communities in South African Cities,exclude,core concept missing
C1,W4389303845,2023,"Nullius: The Anthropology of Ownership, Sovereignty, and the Law in IndiaKritiKapila (Chicago: HAU Press, 2022)",exclude,"core mentioned once, not in keyword tags"
C1,W2918538338,2019,"Smart cities and cyber security: Are we there yet?A comparative study on the role of standards, third party risk management and security ownership",include,no abstract; core (and context) in title
C1,W4408879211,2025,THE KEY FACTORS FOR A SUSTAINABLE SMART CITY – A CASE STUDY OF 22 INTERNATIONAL SMART MUNICIPALITIES,include,rules
C1,W4285227278,2022,ST-InNet: Deep Spatio-Temporal Inception Networks for Traffic Flow Prediction in Smart Cities,include,rules
C1,W4403474255,2024,Between institutions and narratives: Understanding collective action in innovation policy processes,borderline,core concept mentioned once
C1,W4210654418,2022,Training smart city workforces with a wide range of electronic and digital technologies,include,no abstract; core (and context) in title
C1,W2268339302,2015,Smart City Governance: A Local Emergent Perspective,include,no abstract; core (and context) in title
C1,W2946874571,2019,Towards smart sustainable cities: A review of the role digital citizen participation could play in advancing social sustainability,include,rules
C1,W2904768136,2018,Sii-Mobility: An IoT/IoE Architecture to Enhance Smart City Mobility and Transportation Services,include,rules
C1,W2605518019,2017,Az Okos Város Fejlesztési Modellről,include,rules
C1,W4313186623,2022,Impact of the COVID-19 pandemic on smart city performance in Europe,include,rules
C1,W7139011905,2026,Does the Construction of Smart Cities Promote Green Total Factor Energy Efficiency? A Quasi-Natural Experiment Based on China’s Smart City Pilot Policy,include,rules
C1,W2959650448,2019,Rural digital geographies and new landscapes of social resilience,exclude,core concept missing
C1,W4280642507,2022,Smaller is smarter: A case for small to medium-sized smart cities,include,rules
C1,W4400964380,2024,Protection of patient data privacy on IoT devices for healthcare in the era of smart cities: a health law perspective,borderline,flag: \b(patients?|clinical|randomi[sz]ed|prev
C1,W4403947982,2024,Public Participation in Rapid Response Services for the Sustainability of Jakarta Smart City,include,rules
C1,W3007938931,2020,Triangulum City Dashboard: An Interactive Data Analytic Platform for Visualizing Smart City Performance,include,rules
C1,W7160841426,2026,Analysis of Inorganic Waste Classification Orange Box Based on TensorFlow Lite using Raspberry Pi 5,exclude,"flag, core not in title: \b(deep learning|neural network|convolut"
C1,W7203440169,2026,Research on AI-Empowered Dynamic Traffic Flow Control Models and Big Data Governance Strategies for Smart City Development,borderline,flag: \b(deep learning|neural network|convolut
C1,W7127283549,2025,Reliable Data Collection in IoT Sensor Networks using Intelligent Proxy Architecture,exclude,"flag, core not in title: \b(sensor network|wireless|5g|6g|edge co"
C1,W3215655378,2021,Error model and simulation for multisource fusion indoor positioning,borderline,core concept mentioned once
C1,W3112654429,2020,Branding Romania in the Age of Disruption.Technology as a Soft Power Instrument,exclude,"flag, core not in title: \b(sensor network|wireless|5g|6g|edge co"
C1,W4414205827,2025,Enhancing IoT Security via Federated Learning: A Comprehensive Approach to Intrusion Detection,exclude,"flag, core not in title: \b(deep learning|neural network|convolut"
C1,W4237586619,2018,PREFACE,exclude,"flag, core not in title: \b(sensor network|wireless|5g|6g|edge co"
C1,W4405324901,2020,КЛАССИФИКАЦИЯ ИНСТИТУТОВ РАЗВИТИЯ УМНОГО ГОРОДА,include,rules
C1,W3137787959,2021,Optimal replacement model for the physical component of safety critical smart-world CPSs,exclude,core concept missing
C1,W2981842983,2019,Automatic Concept Extraction Based on Semantic Graphs From Big Data in Smart City,include,rules
C1,W4405220311,2024,Understanding big data and data protection measures in smart city strategies: An analysis of 28 cities,include,rules
C1,W4285264774,2022,When Smart Cities Get Smarter via Machine Learning: An In-Depth Literature Review,borderline,flag: \b(deep learning|neural network|convolut
C1,W2508161258,2016,E-Urban Land Management as Business for Umami,exclude,core concept missing
C2,W7160411102,2026,Enhancing Democratic Governance in Romania: A Comprehensive Analysis of Citizen Participation Initiatives,exclude,core concept missing
C2,W2959650448,2019,Rural digital geographies and new landscapes of social resilience,exclude,core concept missing
C2,W7161263541,2026,Deep learning and genetic algorithm-driven e-commerce logistics route planning method,borderline,flag: \b(deep learning|neural network|convolut
C2,W7167607690,2026,Exploring cargo bike viability for last-mile delivery in European capitals: A mass-participation multi-city Multi-Criteria Satisfaction Analysis,borderline,core concept mentioned once
C2,W7167268018,2026,"Graduates' Rational Choices in Seeking Job Opportunities via Digital Platforms in Buahbatu Village, Bandung Regency",include,rules
C2,W4297008838,2022,Warehouse Location for Product Distribution by E-Commerce in Brazil: Comparing Symmetrical MCDM Applications,borderline,flag: \b(patients?|clinical|randomi[sz]ed|prev
C2,W4415233943,2025,Compras Online e Vulnerabilidade Psicológica: Um Estudo Interdisciplinar sobre os Limites da Proteção Legal,borderline,core concept mentioned once
C2,W7136177732,2026,ALBEDOMAPS: PROPOSAL OF A DIGITAL PLATFORM FOR MONITORING URBAN HEAT ISLANDS IN THE CUIABÁ METROPOLITAN REGION,include,rules
C2,W4383878631,2023,Does rural e-commerce agglomeration help expand family farms’ size? Evidence from Taobao villages in China's Yangtze River Delta,exclude,no abstract; no urban context (C theme)
C2,W4225526130,2021,Digital Transformation of City Ecosystems: Platforms Shaping Engagement and Externalities across Vertical Markets,include,rules
C2,W4416097406,2025,Urban Negotiations: The Everyday Resistance and Right to the City of Trans Women Sex Workers in Ankara,borderline,core concept mentioned once
C2,W4313589843,2022,Design Standard Process for Verification and Demonstration of Converged Logistics Technologies Developed from R&D Projects in Logistics,exclude,"flag, core not in title: \b(urban data platform|iot platform|plat"
C2,W7142282877,2026,Sidewalk solidarity and networked camaraderie: app-based drivers and infrastructural citizenship in Vietnam,include,rules
C2,W4289712749,2022,Pengenalan Marketplace pada UMKM “Rengginang Cap Mawar” Kelurahan Plosokerep Sebagai Upaya Peningkatan Daya Jual,include,rules
C2,W4415490080,2025,BRT in the Middle Mile: A Potential Urban Logistics Platform,borderline,core concept mentioned once
C2,W4401059049,2024,Public Service Transformation: Innovative Strategies of Ambon City Government Towards Openness and Public Satisfaction,exclude,"core mentioned once, not in keyword tags"
C2,W7163666135,2026,"GlassSkyDeliver: Design and Evaluation of a Smart, Sustainable, and Automated Urban Transport System for Last-Mile Delivery",include,rules
C2,W4415977258,2025,Optimizing bidirectional delivery with multiple drones and trucks: a mixed-integer nonlinear model to addressing no-fly zone constraints,exclude,core concept missing
C2,W7135177657,2026,THE UNBUNDLING REVOLUTION: DECODING INVESTOR READINESS FOR THE APRIL 2026 MUTUAL FUND REFORMS IN NORTH KARNATAKA,exclude,"core mentioned once, not in keyword tags"
C2,W4406788279,2025,The first mile is the hardest: A deep learning-assisted matheuristic for container assignment in first-mile logistics,exclude,"flag, core not in title: \b(deep learning|neural network|convolut"
C2,W4411972040,2025,HR-working time analytics: parameters and opportunities,exclude,"core mentioned once, not in keyword tags"
C2,W4417418059,2025,An Overview of Participatory Practices in the Digital Transformation of Italian Municipalities,include,rules
C2,W7154593261,2026,Dunzo’s battle for scale in India’s hyperlocal delivery market,include,rules
C2,W4393322828,2024,The way forward,exclude,core concept missing
C2,W7204488507,2026,Sector-Specific Applications,exclude,"core mentioned once, not in keyword tags"
C2,W7204647038,2026,"Entrepreneurial Intentions Among Generation Z in Uttar Pradesh: Examining the Role of Digital Exposure, Family Business Legacy and Risk Perception",exclude,"core mentioned once, not in keyword tags"
C2,W7203589043,2026,Формирование музыкальной картины мира у учащихся средних классов КНР: теоретико-методологические основания и педагогические условия,exclude,"core mentioned once, not in keyword tags"
C2,W2619996433,2017,Internet as a Strategy Tool for Development of E-Tourism in India,include,rules
C2,W4404320675,2024,"Riders driving at the limit of AI: geographies of two-wheeled food delivery and traffic safety in Seoul, South Korea",include,rules
C2,W7118172438,2026,Pendampingan Muslimah Berbasis Nilai Tarbiyah dan Ekologi Keluarga untuk Melawan Budaya Konsumtif dan Gaya Hidup Flex Culture di Kabupaten Bogor,exclude,"core mentioned once, not in keyword tags"
C2,W7118628551,2025,المواطنة الرقمية وسلوكيات الشباب تحليل سوسيولوجي من منظور نظرية التعلم الاجتماعي,exclude,"core mentioned once, not in keyword tags"
C2,W4382238217,2023,Online Visual Merchandising Cues Impacting Consumer Pleasure and Arousal: An Empirical Study,borderline,core concept mentioned once
C2,W4386134811,2023,Diversified Impacts of Enabling a Technology-Intensified Agricultural Supply Chain on the Quality of Life in Hinterland Communities,borderline,core concept mentioned once
C2,W7128306890,2026,"Opportunities or challenges? Upgrading of periphery space with the rise of platform urbanism: Live streaming commerce in Yangtze River Delta, China",include,no abstract; core (and context) in title
C2,W7216069204,2026,NAVIGASI PENGASUHAN DI ERA DIGITAL: ANALISIS POLA ASUH ORANG TUA URBAN TERHADAP PERLINDUNGAN ANAK DAN IMPLEMENTASI PP NO. 17 TAHUN 2025,include,rules
C2,W7203822038,2026,Beyond Data Flows: Towards a Geographical Understanding of Data Mobility,borderline,core concept mentioned once
C2,W7213926700,2025,Ventas en vivo por redes sociales:,borderline,core concept mentioned once
C2,W7123357259,2026,Modeling a multi-period mobile parcel locker location-allocation problem with heterogeneous compartments,exclude,core concept missing
C2,W4415991480,2025,"Regional, sectoral and socio-demographic differentiation in the structure of labor supply on the Russian employment platform Profi",exclude,"flag, core not in title: \b(patients?|clinical|randomi[sz]ed|prev"
C2,W4402066586,2024,"Digital placemaking and its discontents: Exploring practices, power relations, and socio-spatial dynamics in Salzburg’s ‘Andräviertel’",exclude,"core mentioned once, not in keyword tags"
C3,W4226041886,2021,10. Documenting Social Change and Political Unrest through Mobile Spaces and Locative Media,include,rules
C3,W2959650448,2019,Rural digital geographies and new landscapes of social resilience,include,no abstract; core (and context) in title
C3,W2969352923,2019,다양한 공간정보 웹 2.0 플랫폼 Open API의 벡터 레이어 기반 매쉬업 성능 분석,exclude,"stub abstract, core not in title"
C3,W3026667627,2020,Deep Hashing for Image Similarity Search,exclude,core concept missing
C3,W4401823665,2024,Digital geographies 1: Reality bytes,include,rules
C3,W2280399328,2015,DEVELOPING A MAP USE MODEL FOR WEB MAPPING AND GIS,include,rules
C3,W3125185787,2021,Experimental exploration of five-qubit quantum error-correcting code with superconducting qubits,exclude,core concept missing
C3,W4285266997,2022,Geographic Information Systems in Agriculture,exclude,core concept missing
C3,W4404701673,2024,Digital animal deathscapes: The online circulation of animals killed for conservation,exclude,"core mentioned once, not in keyword tags"
C3,W4205475089,2021,Mapping Through Mobile Filming: An iPhone Mapper’s Flirtation with Google’s Artificial Intelligence (AI),exclude,core concept missing
C3,W2911073792,2018,“Seeing” the Sacred Landscape,include,rules
C3,W4387581739,2023,"Children and Young People’s Experiences and Understandings of Gambling-Style Systems in Digital Games: Loot Boxes, Popular Culture, and Changing Childhoods",exclude,"core mentioned once, not in keyword tags"
C3,W4309884664,2022,Introduction,borderline,core concept mentioned once
C3,W1963286846,2015,Selfies| The Selfie Assemblage,include,rules
C3,W4383377023,2015,Towards an Indigenous Geoweb,include,no abstract; core (and context) in title
C3,W2949635166,2019,The longue durée of the spatial humanities,include,rules
C3,W3042319736,2020,Free to Roam? Pokémon GO and Childhood Anxieties,exclude,core concept missing
C3,W4214640283,2022,Revisioning the city,borderline,core concept mentioned once
C3,W4253395721,2019,Introduction,include,rules
C3,W4414158422,2025,Experimental realization of deterministic and selective photon addition in a bosonic mode assisted by an ancillary qubit,exclude,core concept missing
C3,W4376254713,2023,The radio spectrum: an imperceptible infrastructure?,exclude,"flag, core not in title: \b(sensor network|wireless|5g|6g|edge co"
C3,W4292649047,2022,Anthropause environmentalisms: Noticing natures with the Self‐Isolating Bird Club,borderline,core concept mentioned once
C3,W4405278229,2024,Extracting error thresholds through the framework of approximate quantum error correction condition,exclude,core concept missing
C3,W2966786007,2019,Participación y dinamicidad en las Infraestructuras de Datos Espaciales: una propuesta de indicadores para medir su impacto en la sociedad,borderline,core concept mentioned once
C3,W4376271098,2023,Digital film in therapeutic landscapes,borderline,core concept mentioned once
C3,W7118404070,2026,Digital Geographies and The City: Queer Methodologies of Hope,include,rules
C3,W4409802642,2025,A Local Wisdom E-module Ulur-Ulur for Promoting Geographic Literacy and Disaster Preparedness in Tulungagung Regency,exclude,"core mentioned once, not in keyword tags"
C3,W2929692894,2020,Entanglement wedge reconstruction using the Petz map,exclude,core concept missing
C3,W4390399234,2023,L'idée de la littérature. De l'art pour l'art aux écritures d'intervention,exclude,"core mentioned once, not in keyword tags"
C3,W2944554842,2018,Czy GIS podnosi rangę dyscyplin geograficznych? Znaczenie GIS i GIScience dla geografii,borderline,core concept mentioned once
C3,W3127692414,2021,"Anxious postcolonial masculinity in online video games: race, gender and colonialism in Indian digital spaces",exclude,"core mentioned once, not in keyword tags"
C3,W4392223099,2024,Quantum error thresholds for gauge-redundant digitizations of lattice field theories,exclude,core concept missing
C3,W2982473476,2019,Dynamic Mashup Performance Comparison Using Open Application Programming Interface of Geoweb Map Platforms Available in Korea,include,rules
C3,W2913048534,2019,The Worlds of Location Technologies,borderline,core concept mentioned once
C3,W1536240872,2015,Reich-type iterated function systems,exclude,core concept missing
C3,W4313591709,2023,Unsupervised Hashing Retrieval via Efficient Correlation Distillation,exclude,core concept missing
C3,W4407778604,2025,Talking to Dog: A Critical Discourse Analysis of Research and Public Reporting on Digital Technology for Human-Animal Communication,exclude,core concept missing
C3,W2590480582,2017,Overloaded CDMA Crossbar for Network-On-Chip,exclude,core concept missing
C3,W4413402055,2025,StyleMorpheus: Learning a StyleGAN-based 3D-aware morphable face model with a disentangled style space,exclude,core concept missing
C3,W7125511853,2026,"Digital Disease Ecologies: Encounter, Datafication and the Digital Geographies of One Health",borderline,flag: \b(patients?|clinical|randomi[sz]ed|prev
C4,W7171358232,2026,Digital infrastructure and the ecological transformation of urban expansion: evidence from China,exclude,"core mentioned once, not in keyword tags"
C4,W2904768136,2018,Sii-Mobility: An IoT/IoE Architecture to Enhance Smart City Mobility and Transportation Services,borderline,core concept mentioned once
C4,W4413771903,2025,Modeling intra-city functional regions through spatial interaction analysis: a case study of Chicago,exclude,"core mentioned once, not in keyword tags"
C4,W2946963593,2019,Optimal Decision Guidance for the Electricity Supply Chain Integration With Renewable Energy: Aligning Smart Cities Research With Sustainable Development Goals,borderline,core concept mentioned once
C4,W4404151374,2024,Real-time Analysis of Big Data Streams and Its Application in Social Networks,include,rules
C4,W4412064303,2025,Living upon networks: A heterogeneous graph neural embedding integrating waterway and street systems for urban form understanding,exclude,"core mentioned once, not in keyword tags"
C4,W3007938931,2020,Triangulum City Dashboard: An Interactive Data Analytic Platform for Visualizing Smart City Performance,include,rules
C4,W7151991353,2026,"Toward Data-Driven Strategic Environmental Assessment: Integrating Big Data, IoT, and GIS for Urban Environmental Governance",include,rules
C4,W7203440169,2026,Research on AI-Empowered Dynamic Traffic Flow Control Models and Big Data Governance Strategies for Smart City Development,include,rules
C4,W4236912663,2017,Urban Dashboards,include,no abstract; core (and context) in title
C4,W7217394615,2026,DEEP LEARNING–DRIVEN RIDE-HAILING PRICE PREDICTION FOR INTELLIGENT TRANSPORTATION SYSTEMS,exclude,"core mentioned once, not in keyword tags"
C4,W4237586619,2018,PREFACE,include,rules
C4,W4405220311,2024,Understanding big data and data protection measures in smart city strategies: An analysis of 28 cities,include,rules
C4,W4307252771,2022,Infrastructure and health: laying down the big connections for well-being,exclude,core concept missing
C4,W2732157297,2017,Cell phone big data to compute mobility scenarios for future smart cities,include,no abstract; core (and context) in title
C4,W2894972081,2018,Smart cities and value of time: An International Symposium,exclude,"core mentioned once, not in keyword tags"
C4,W7167101652,2026,Research on the Application of Big Data Technology in the Current Situation Analysis of Urban Planning,include,rules
C4,W2902042126,2018,How Does Polycentric Urban Form Affect Urban Commuting? Quantitative Measurement Using Geographical Big Data of 100 Cities in China,include,rules
C4,W2892126753,2018,"AN ASSESSMENT OF SPATIAL VARIATION OF LAND SURFACE CHARACTERISTICS OF MINNA, NIGER STATE NIGERIA FOR SUSTAINABLE URBANIZATION USING GEOSPATIAL TECHNIQUES",exclude,"core mentioned once, not in keyword tags"
C4,W4404698662,2024,"Pulsation of Arctic cities: economic, geographical and geoinformation approaches to the study (on the example of Murmansk)",borderline,core concept mentioned once
C4,W4309288026,2022,Geo-Tile2Vec: A Multi-Modal and Multi-Stage Embedding Framework for Urban Analytics,include,rules
C4,W7140351978,2024,АНАЛІЗ МІЖНАРОДНИХ ПРАКТИК ВПРОВАДЖЕННЯ НОВІТНІХ ІНФОРМАЦІЙНИХ ТЕХНОЛОГІЙ В ДІЯЛЬНІСТЬ ОРГАНІВ МІСЦЕВОГО САМОВРЯДУВАННЯ,exclude,"core mentioned once, not in keyword tags"
C4,W4210564381,2022,Urban Network Spatial Connection and Structure in China Based on Railway Passenger Flow Big Data,include,rules
C4,W3200656364,2021,Exploring the Impact of Urban Built Environment on Public Emotions Based on Social Media Data: A Case Study of Wuhan,exclude,"core mentioned once, not in keyword tags"
C4,W7217311873,2025,Pemanfaatan Teknologi Cerdas Untuk Pelayanan Publik: Study Tentang e-Government Dan Smart City Berbasis ICT Big Data Dan AI,include,rules
C4,W4249158207,2016,THE DUBLIN DASHBOARD: DESIGN AND DEVELOPMENT OF A REAL-TIME ANALYTICAL URBAN DASHBOARD,include,rules
C4,W7215722256,2026,Human Rights and Digital Surveillance in the Era of Smart Governance,exclude,core concept missing
C4,W2622637075,2017,"iTrip, a framework to enhance urban mobility by leveraging various data sources",borderline,core concept mentioned once
C4,W2982402757,2019,A Study on Building Effective Governance in Cultural City Designation Project,include,rules
C4,W4319982008,2023,National Big Data Experimental Area and the Unexpected Booming of the Housing Price in Guiyang of Guizhou Province of China,include,rules
C4,W2972903092,2019,Urban Systems Design: From “science for design” to “design in science”,include,rules
C4,W4402002047,2024,"Research on Digital Greening Management of Smart Gardens in Chenggong District, Kunming City",borderline,core concept mentioned once
C4,W3030783237,2020,"Identifying City Shrinkage in Population and City Activity in the Middle Reaches of the Yangtze River, China",exclude,"core mentioned once, not in keyword tags"
C4,W3086389904,2020,A Framework for Spatial-Temporal Trajectory Cluster Analysis Based on Dynamic Relationships,exclude,"core mentioned once, not in keyword tags"
C4,W3215904184,2021,Mortality outcomes of care experienced children (CHiCS): a population-wide cohort study,exclude,core concept missing
C4,W4309721438,2022,The Dissemination Strategy of an Urban Smart Medical Tourism Image by Big Data Analysis Technology,include,rules
C4,W4281484943,2022,Sustainable Urban Mobility Boost Smart Toolbox Upgrade,include,rules
C4,W2889151250,2018,Moving Culturally Relevant Pedagogy From Theory to Practice: Exploring Teachers’ Application of Culturally Relevant Education in Science and Mathematics,exclude,"core mentioned once, not in keyword tags"
C4,W4403045660,2024,Fuzzy based Decision-Making Algorithm for Solving Big Data Issues in Smart Cities,include,rules
C4,W4403639064,2024,Towards Desirable Futures,borderline,core concept mentioned once
C5,W7160411102,2026,Enhancing Democratic Governance in Romania: A Comprehensive Analysis of Citizen Participation Initiatives,exclude,core concept missing
C5,W4291415182,2022,Modelling Hourly Particulate Matter (PM10) Concentrations at High Spatial Resolution in Germany Using Land Use Regression and Open Data,include,rules
C5,W2973627492,2015,СФЕРА УСЛУГ КАК КАТАЛИЗАТОР РАЗВИТИЯ ТЕРРИТОРИЙ,exclude,"core mentioned once, not in keyword tags"
C5,W7151991353,2026,"Toward Data-Driven Strategic Environmental Assessment: Integrating Big Data, IoT, and GIS for Urban Environmental Governance",borderline,core concept mentioned once
C5,W7203440169,2026,Research on AI-Empowered Dynamic Traffic Flow Control Models and Big Data Governance Strategies for Smart City Development,borderline,flag: \b(deep learning|neural network|convolut
C5,W4237586619,2018,PREFACE,exclude,"flag, core not in title: \b(sensor network|wireless|5g|6g|edge co"
C5,W4409060137,2025,"AI-Generated Strategic Frameworks for Eco-Conscious Project Oversight, Proactive Planning, and Adaptive Risk Mitigation",borderline,core concept mentioned once
C5,W7162085088,2026,Qualitative study of IT-driven strategies for improving road and bridge performance,exclude,core concept missing
C5,W4416687204,2025,The role of heritage preservation in peacebuilding: an interview with Maria Luisa Russo,exclude,"core mentioned once, not in keyword tags"
C5,W2982402757,2019,A Study on Building Effective Governance in Cultural City Designation Project,borderline,core concept mentioned once
C5,W7166561593,2026,XPlanung and the Digital Transformation of Urban Planning in Germany,borderline,core concept mentioned once
C5,W4361026442,2023,Hegemonic Sensory Practices of the Smart City,exclude,"core mentioned once, not in keyword tags"
C5,W7142787143,2026,"FORMATION AND IMPROVEMENT OF PUBLIC ADMINISTRATION METHODS FOR SMART CITY GOVERNANCE IN UKRAINE’S AGGLOMERATION CENTRES: CHALLENGES, TOOLS, AND METHODOLOGICAL APPROACHES",borderline,core concept mentioned once
C5,W7215382821,2023,Towards Openness: a study on Open Government Data initiative in India,include,rules
C5,W7211989251,2026,Toward an Automated REOT: A Conceptual Planning Support System for Territorial Monitoring in Portugal,borderline,core concept mentioned once
C5,W7215440524,2025,ขอเสนอเชงนโยบายเพอแกปญหาผลกระทบจากฝนควน PM2.5 ในกรงเทพมหานคร ประเทศไทย และนครหลวงเวยงจนทน สาธารณรฐประชาธปไตยประชาชนลาว,exclude,"core mentioned once, not in keyword tags"
C5,W2960032585,2018,City Science: Toward a New Process for Creating Highperformance Entrepreneurial Communities,borderline,core concept mentioned once
C5,W2771288347,2017,Politics of Disclosure: Organizational Transparency as Multiactor Negotiation,include,rules
C5,W7117969363,2026,Policy Implications of Integrating Remote Sensing Data into Urban Policy and Planning,exclude,core concept missing
C5,W7220248696,2023,A model of open governance in a self-governing city on the example of Batumi,borderline,core concept mentioned once
C5,W4385413587,2023,"Digital Technologies, Data Commons and Rights in Africa: The Case of DigitalTransport4Africa",include,rules
C5,W4400755581,2023,Governing data in smart cities – A review of experiences,include,rules
C5,W7134226072,2026,Legislating the smart municipality: a legal framework for 4IR-enabled local governance in South Africa,include,rules
C5,W7136837170,2026,Empowering Communities for Climate Action,exclude,"core mentioned once, not in keyword tags"
C5,W7220126870,2026,"Designing a Dynamic Job Enrichment Model for Redefining Human Resource Roles at Islamic Azad University, East Azerbaijan Province",exclude,"core mentioned once, not in keyword tags"
C5,W7163414777,2026,REAL-TIME DIGITAL TWIN FRAMEWORKS FOR SUSTAINABLE AND RESILIENT URBAN SYSTEMS,exclude,"flag, core not in title: \b(deep learning|neural network|convolut"
C5,W4407373612,2025,HOW DATA CENTERS HAVE COME TO MATTER : Governing the Spatial and Environmental Footprint of the ‘Digital Gateway to Europe’,exclude,"flag, core not in title: \b(sensor network|wireless|5g|6g|edge co"
C5,W7219980619,2025,CPEC and Data Sovereignty: Legal and Cybersecurity Implications of Chinese Digital Infrastructure Projects,include,rules
C5,W7140095200,2023,Architecture for Scalable Microservice Communication in Public Sector Digital Applications,borderline,core concept mentioned once
C5,W7117153476,2025,Rethinking Urban Entrepreneurial Ecosystem Enablers Through the Lens of Inclusive Innovation,borderline,core concept mentioned once
C5,W4413908650,2025,The Impact of Government Open Data on Firms’ Energy Efficiency: Analyse the Mediating Role of Capacity Utilization and Biased Technological Progress,include,rules
C5,W4403463251,2024,Estimating SME numbers within cities and agglomerations: Applying machine learning methods to Russian data,exclude,"core mentioned once, not in keyword tags"
C5,W4415440589,2025,From Meituan to Uber Eats: Institutional Adaptation and Operational Divergence of Local Lifestyle Platforms in China and the United States,borderline,core concept mentioned once
C5,W3014799374,2020,"When open data and data activism meet: An analysis of civic participation in Cape Town, South Africa",include,rules
C5,W7172252640,2026,Architecting Digital Twins for Environmental Governance: Integrating AIoT Monitoring and Complex Systems Modeling,exclude,"core mentioned once, not in keyword tags"
C5,W4417222132,2025,Spatial and Econometric Modeling of the Impact of Regional Innovation Policy on the Development of Manufacturing Industries in Russia,borderline,core concept mentioned once
C5,W4382401299,2023,“I Think Quality is More Important Than a Lot of Data” in Cities Datafication,borderline,core concept mentioned once
C5,W4391403852,2024,Sustainable Smart City Transformation,include,rules
C5,W4399615407,2023,UNVEILING THE FUTURE: EMERGING TRENDS IN IOT,exclude,"flag, core not in title: \b(sensor network|wireless|5g|6g|edge co"
C5,W4415272276,2025,CAPACITAÇÃO E CONFORMIDADE: O papel dos servidores públicos municipais na efetividade da LGPD,borderline,core concept mentioned once
C6,W4380450012,2023,Introduction,exclude,context terms missing
C6,W4387872545,2023,We Keep an Eye on You! How High-Tech Security Assets Help Police Forces Make Cities Safer,include,rules
C6,W4297724691,2022,Whose Heritage,exclude,"core mentioned once, not in keyword tags"
C6,W4405741422,2024,Die Genealogie „des Polizierens der Zukunft“,exclude,core concept missing
C6,W2942447827,2019,The International Legal Complex: Wang Yu and the Global Response to Repression of China’s Rights’ Lawyers,exclude,"core mentioned once, not in keyword tags"
C6,W7128316936,2015,Hassle,exclude,core concept missing
C6,W7171035193,2026,Community safety groups and claims-making in local media,exclude,core concept missing
C6,W7213359673,2026,Rethinking predictive policing,exclude,no abstract; no urban context (C theme)
C6,W7160897352,2026,The Digital Tianxia and the Upgrading of Colonial Despotic Techniques,exclude,"flag, core not in title: \b(sensor network|wireless|5g|6g|edge co"
C6,W4310858433,2021,Organisation und digitale Technologien. Predictive Policing im organisationalen Kontext,exclude,context terms missing
C6,W4388382591,2023,Artificial Intelligence Adoption in Predictive Policing to Predict Crime Mitigation Performance,include,rules
C6,W4200337098,2021,Ten-Four,exclude,context terms missing
C6,W4312649717,2022,Facial Recognition for Preventive Purposes: The Human Rights Implications of Detecting Emotions in Public Spaces,include,no abstract; core (and context) in title
C6,W4414965856,2025,The Architecture of Utopia: From Rem Koolhaas' Scale Models to RMB City,include,rules
C6,W7203486658,2026,"AI and Its Ethical Implications in South and Central America: Inequality, Innovation, and Ethical Governance",exclude,core concept missing
C6,W7215722256,2026,Human Rights and Digital Surveillance in the Era of Smart Governance,include,rules
C6,W4416764975,2025,A Deep Multi-Phase Attention Model for Compulsive Action Detection in Surveillance Applications,borderline,flag: \b(deep learning|neural network|convolut
C6,W2735923464,2017,Person Re-Identification System Design and Implementation Based on Camera Network,borderline,flag: \b(object detection|yolo|person re-ident
C6,W7213631145,2026,تطبيقات تقنيات الذكاء الإصطناعي لأجهزة العدالة الجنائية لمنع الجريمة,borderline,core concept mentioned once
C6,W2767796603,2016,Empty Architecture and Empty Urbanism: the Remaking and Reframing on Contemporary Beijing,include,rules
C6,W7125490292,2021,"Mi a rendészet 3.0, és vajon létezik-e?",exclude,context terms missing
C6,W4413081773,2022,"ENHANCED REAL TIME VEHICLE DETECTION, TRACKING, AND COUNTING ON URBAN HIGHWAYS USING YOLOV7",exclude,"flag, core not in title: \b(object detection|yolo|person re-ident"
C6,W4399089409,2024,Pedestrian Abnormal Behavior Detection System Using Edge–Server Architecture for Large–Scale CCTV Environments,borderline,flag: \b(deep learning|neural network|convolut
C6,W4254197988,2018,UK strategy slated by own Biometrics Commissioner,exclude,context terms missing
C6,W4391822151,2024,The Spun Veil of Pyongyang,include,rules
C6,W4417365173,2025,"Smart Cities and Surveillance Technology: Balancing Innovation, Security, and Privacy in Urban Environments",include,rules
C6,W7163016934,2026,Protection of human rights in the context of implementing algorithmic technologies in pre-trial investigation,borderline,core concept mentioned once
C6,W4414267848,2025,Police Surveillance System for Missing Persons,borderline,flag: \b(deep learning|neural network|convolut
C6,W3049734621,2020,Five Privacy Principles (from the GDPR) the United States Should Adopt To Advance Economic Justice,exclude,context terms missing
C6,W2974749187,2019,THE USE OF CCTV IN THE EMERGENCY RESPONSE: A 3D GIS PERSPECTIVE,include,rules
C6,W2991226081,2020,Governing the night-time city: The rise of night mayors as a new form of urban governance after dark,include,rules
C6,W3039606655,2020,A Computationally Efficient Real-Time Vehicle and Speed Detection System for Video Traffic Surveillance,exclude,no abstract; no urban context (C theme)
C6,W7128194401,2020,THE MORAL MACHINE AND THE RULE OF LAW: RECLAIMING HUMAN DIGNITY IN THE PENAL CODE,exclude,context terms missing
C6,W4406614837,2025,Enhancing urban mobility: machine learning-powered fusion approach for intelligent traffic congestion control in smart cities,exclude,core concept missing
C6,W3126852178,2021,Implementing Urban Surveillance Systems in Smart Cities by Automated Object Detection Using Convolution Neural Network,borderline,flag: \b(deep learning|neural network|convolut
C6,W4396939060,2024,CRIME PREVENTION AND WORK MONITORING IN CROWD USING CCTV NETWORK,borderline,flag: \b(object detection|yolo|person re-ident
C6,W4401115045,2024,Intelligent Traffic Control with Convolution Neural Networks,exclude,"flag, core not in title: \b(deep learning|neural network|convolut"
C6,W3011431958,2020,Find you if you drive: Inferring home locations for vehicles with surveillance camera data,exclude,no abstract; no urban context (C theme)
C6,W7220506684,2023,การพฒนารปแบบ การพฒนาคณภาพชวตของประชาชนระดบเขตดานการปองกนการบาดเจบและเสยชวตจากการจราจรทางถนนในกรงเทพมหานคร,exclude,"core mentioned once, not in keyword tags"
C6,W4403195418,2024,A 2D Clustering Based Hotspot Identification Approach for Spatio-Temporal Crime Prediction,exclude,"flag, core not in title: \b(patients?|clinical|randomi[sz]ed|prev"
C7,W7216414313,2025,Use Of Generative Artificial Intelligence In Sustainable Affordable Housing Projects In Iraqi Cities,include,rules
C7,W7160411102,2026,Enhancing Democratic Governance in Romania: A Comprehensive Analysis of Citizen Participation Initiatives,exclude,core concept missing
C7,W4415122937,2025,Current status and future prospects of interventional radiology in China,exclude,"flag, core not in title: \b(deep learning|neural network|convolut"
C7,W4378980439,2023,Artificial Intelligence in Sustainable Development of Municipal Solid Waste Management,borderline,flag: \b(deep learning|neural network|convolut
C7,W7134132860,2026,VisionSafeX: AI-Assisted Traffic Violation Detection Using MERN Stack and Generative AI,include,rules
C7,W4405892587,2024,"Global Plastic Waste Management: Analyzing Trends, Economic and Social Implications, and Predictive Modeling Using Artificial Intelligence",borderline,flag: \b(deep learning|neural network|convolut
C7,W3042446997,2020,Privacy in the Coronavirus Era,exclude,"flag, core not in title: \b(patients?|clinical|randomi[sz]ed|prev"
C7,W7165637075,2026,Provider Mental Health and Telehealth Utilization During COVID-19: A Cross-sectional Survey of Providers at Clinics Treating Urban American Indian and Alaska Native Peoples,exclude,"flag, core not in title: \b(patients?|clinical|randomi[sz]ed|prev"
C7,W2998691196,2019,Motivational interviewing and culture for urban Native American youth (MICUNAY): A randomized controlled trial,exclude,core concept missing
C7,W4416765630,2025,A Methodology to Detect Changes in Water Bodies by Using Radar and Optical Fusion of Images: A Case Study of the Antioquia near East in Colombia,exclude,"flag, core not in title: \b(deep learning|neural network|convolut"
C7,W4413168031,2025,Automating Fixed-Income Index Creation: Lessons Learned and Future Opportunities,exclude,"flag, core not in title: \b(deep learning|neural network|convolut"
C7,W7140317434,2026,Systematic application and research of artificial intelligence technology in smart supervision of elevators,include,rules
C7,W4415490286,2025,AI-Powered Environmental Surveillance: Enhancing Air and Water Quality Monitoring through Real-Time Predictive Analytics,borderline,flag: \b(deep learning|neural network|convolut
C7,W4362701430,2023,"“If you’re down, you know, get up, be proud of yourself, go forward”: Exploring Urban Southwest American Indian Individual Resilience",exclude,"flag, core not in title: \b(solid waste|wastewater|leachate|ai/an"
C7,W7155163286,2026,"IA generativa, escrita acadêmica e formação intelectual em Arquitetura e Urbanismo",include,rules
C7,W7131377138,2026,Case Studies of AI-AR Applications in Urban Planning and Emergency Management,include,rules
C7,W4413300492,2025,Study on Changes in Sports Event Trends after COVID-19,exclude,"flag, core not in title: \b(patients?|clinical|randomi[sz]ed|prev"
C7,W4399424353,2023,A transformação da saúde através da tecnologia: aplicativo Saúde Já Curitiba,exclude,"flag, core not in title: \b(patients?|clinical|randomi[sz]ed|prev"
C7,W4416414894,2025,Arguments for the Common Good in Planning: Comprehensive Analysis of Planning Documents in Latvia,exclude,"core mentioned once, not in keyword tags"
C7,W4396679860,2024,A Comprehensive study on Satellite Image Super-resolution using Diffusion and GAN based model,exclude,"flag, core not in title: \b(deep learning|neural network|convolut"
C7,W4409040150,2025,Integrating ICT and Generative AI in Classrooms for Sustainable Development: The Case of Schools in Nepal,include,rules
C7,W7212111564,2026,"The intersection of urban AI and biotechnology: A multi-metric analysis of AI-driven biotechnology, intelligent infrastructure, and sustainability readiness in 60 nations",include,rules
C7,W7134947317,2025,Legal issues and ethical challenges of using Al-based facial recognition and biometric identification systems in public spaces,include,rules
C7,W7134226072,2026,Legislating the smart municipality: a legal framework for 4IR-enabled local governance in South Africa,include,rules
C7,W7212438732,2026,Analisis Potensi Konversi Sampah Perkotaan Menjadi Energi Listrik dan Kontribusinya terhadap Ketahanan Energi Berbasis Data Sekunder,exclude,"flag, core not in title: \b(solid waste|wastewater|leachate|ai/an"
C7,W7214529823,2026,Digital Environmental Monitoring Systems and Sustainable Resource Management in the Niger Delta Region of Nigeria,exclude,"core mentioned once, not in keyword tags"
C7,W4404320675,2024,"Riders driving at the limit of AI: geographies of two-wheeled food delivery and traffic safety in Seoul, South Korea",include,rules
C7,W4396911010,2023,"Synergy effect of the research and educational center - unesco chair ""environmental dynamics and global climate change"" as a driver of yugra educational environment",exclude,"core mentioned once, not in keyword tags"
C7,W7163885489,2026,Artificial Intelligence as a Tool to Balance Innovation and Preserve the City's Visual Identity,include,rules
C7,W4414068043,2025,Kuala Lumpur Smart Mobility: A Case Study of Malaysia City Brain and ITS Deployment,include,rules
C7,W4399491592,2024,"Cultivating the Possible: Reimagining Education and Society / 3rd International Conference of Possibility Studies, All Hallows Campus, Dublin City University, Dublin, July 17–21, 2023",include,rules
C7,W7214484351,2026,"Growth, Carbon Emissions, and Public Health Spending: Long-Run Evidence from South Asia",exclude,"flag, core not in title: \b(deep learning|neural network|convolut"
C7,W4401118217,2024,Evaluating Intelligent CPTED Systems to Support Crime Prevention Decision-Making in Municipal Control Centers,include,rules
C7,W4390882304,2023,COLLECTION AND REUSE OF DATA BY LOCAL GOVERNMENT AUTHORITIES,borderline,core concept mentioned once
C7,W4285160104,2022,KPF: A retrospective view on urban planning AI for 2020,include,no abstract; core (and context) in title
C7,W7133780271,2026,"New AI cities: power, new cities and urban artificial intelligence in Neom and The Line",include,rules
C7,W4284662765,2022,The emergence and evolution of urban AI,include,no abstract; core (and context) in title
C7,W4406003592,2024,Leveraging Artificial Intelligence for Local Government Metaverse Policy Activation: A Scenario Network Mapping Approach,include,no abstract; core (and context) in title
C7,W7127148579,2026,Smart City Technologies and the Transformation of Urban Public Culture: Governance Opportunities and Ethical Risks,exclude,"flag, core not in title: \b(sensor network|wireless|5g|6g|edge co"
C7,W4400847990,2021,Artificial Intelligence in Government: Opportunities and Risks,include,rules
C8,W7125608783,2025,Implementation of Information and Communication System-Based Public Services in the Context of Increasing Satisfaction of Licensing Service Users at the Surabaya City Investment and One-Stop Integrated Services Office,borderline,core concept mentioned once
C8,W4413372571,2024,A Knowledge-Based Urban Development Model: Linking Innovation and Smart Governance,include,rules
C8,W2788501801,2017,DIGITALIZATION PROCESS IN UKRAINE AS A PREREQUISITE FOR THE SMART CITY CONCEPT DEVELOPMENT,borderline,core concept mentioned once
C8,W4415945757,2025,Transformasi Digital dalam Pelayanan Publik: Analisis Tantangan dan Strategi Inovasi Pelayanan Pencatatan Sipil di Era Digitalisasi,include,rules
C8,W7204167389,2026,Why capability matters more than platform use: Human-centered digital governance and climate resilience in urban Indonesia,include,rules
C8,W7162289515,2026,AN ASSESSMENT ON THE DIGITAL FACEBOOK PAGE AS MEANS OF INFORMATION DISSEMINATION,borderline,core concept mentioned once
C8,W2588822018,2016,Transforming Public Service Delivery in Malaysia: The Case of the Implementation of E-Government in Local Governments,include,rules
C8,W2343424586,2016,A Proposed Framework to Adopt Mobile App in ‘e-District’ Projects to Move One Step Ahead for Successful Implementation,include,rules
C8,W7170141586,2026,The Effectiveness of Local Community Governance in the Context of Decentralization of Power,borderline,core concept mentioned once
C8,W4401867525,2024,Analisis Penerapan Smart governance di Kota Palu Provinsi Sulawesi Tengah,include,rules
C8,W2967743257,2018,Improve cities resilience and sustainability through e-government assessment,include,rules
C8,W3143692320,2021,Adoption and Implementation of E-governance for Administration and Service Delivery in Urban Development & Municipal Affairs Department of State sector of West Bengal and its Challenges,include,rules
C8,W7160302003,2026,Understanding urban–rural disparities in digital government maturity: a governance perspective,include,rules
C8,W7162256082,2026,Keycloak-Based Single Sign-On Implementation with QR Code Authentication Using OIDC PKCE,exclude,"flag, core not in title: \b(sensor network|wireless|5g|6g|edge co"
C8,W3047058384,2020,EFEKTIVITAS PEMANFAATAN ELECTRONIC GOVERNMENT GUNA MENINGKATKAN KEDISIPLINAN PEGAWAI BADAN USAHA MILIK NEGARA,include,rules
C8,W4413220099,2025,"Smart Governance in Romanian Municipalities: Progress, Challenges, and Opportunities",include,no abstract; core (and context) in title
C8,W7218207888,2020,"MỘT SỐ GIẢI PHÁP HOÀN THIỆN MÔ HÌNH QUẢN LÝ VÀ VẬN HÀNH CƠ SỞ DỮ LIỆU ĐỊA CHÍNH TẠI QUẬN 6, THÀNH PHỐ HỒ CHÍ MINH: SOLUTIONS TO ACCOMPLISH THE MODEL OF MANAGING AND OPERATING THE CADASTRAL DATABASE IN DISTRICT 6, HO CHI MINH CITY",borderline,core concept mentioned once
C8,W7140351978,2024,АНАЛІЗ МІЖНАРОДНИХ ПРАКТИК ВПРОВАДЖЕННЯ НОВІТНІХ ІНФОРМАЦІЙНИХ ТЕХНОЛОГІЙ В ДІЯЛЬНІСТЬ ОРГАНІВ МІСЦЕВОГО САМОВРЯДУВАННЯ,borderline,core concept mentioned once
C8,W4388023319,2023,Examining the barriers to the adoption and integration of information communication technologies as e-Government in Africa,include,rules
C8,W3182108976,2021,Operational Performance Evaluation of E-government Microblogs Under Emergencies Based on a DEA Method,exclude,no abstract; no urban context (C theme)
C8,W7164151327,2026,How perceived social support encourages citizen coproduction: Evidence from government social media,include,rules
C8,W7217311873,2025,Pemanfaatan Teknologi Cerdas Untuk Pelayanan Publik: Study Tentang e-Government Dan Smart City Berbasis ICT Big Data Dan AI,include,rules
C8,W4405004051,2024,Excellence In E-Governance: Replicable Innovations from Quezon City,include,rules
C8,W7215722256,2026,Human Rights and Digital Surveillance in the Era of Smart Governance,include,rules
C8,W2561217601,2016,The study of perception of interface and visual design of e-government services by Moscow student youth,include,rules
C8,W7212830110,2026,"Improving the Capacity of Village Apparatus through E-Government Training to Optimize Population Administration Services in Hedam Village, Jayapura City",include,rules
C8,W4417447300,2025,Integration Of SPBE-Based Public Services In The Licensing Sector Of The Perkimta Office Of South Tangerang City,borderline,core concept mentioned once
C8,W4286009451,2022,Technology empowerment or technology negativity: The Two Sides of Digital Government Construction,include,rules
C8,W4391239129,2024,Optimalisasi Layanan Aktivasi IKD dalam Mendukung Transformasi Digital Administrasi Kependudukan di Kelurahan Kalisari Kota Surabaya,exclude,core concept missing
C8,W7203468055,2026,Digital Cities,exclude,core concept missing
C8,W7142787143,2026,"FORMATION AND IMPROVEMENT OF PUBLIC ADMINISTRATION METHODS FOR SMART CITY GOVERNANCE IN UKRAINE’S AGGLOMERATION CENTRES: CHALLENGES, TOOLS, AND METHODOLOGICAL APPROACHES",exclude,"core mentioned once, not in keyword tags"
C8,W4401059049,2024,Public Service Transformation: Innovative Strategies of Ambon City Government Towards Openness and Public Satisfaction,borderline,core concept mentioned once
C8,W3191432385,2021,Current problems of decentralization of public power in Ukraine: the information and communication aspects,borderline,core concept mentioned once
C8,W7214233857,2026,Digital Transformation in Governance: Implications for Public Policy Effectiveness,include,rules
C8,W7216916885,2026,The Application of E-SAKIP According to Employees' Perspectives in Preparing Performance Accountability Reports: A Case Study at the City of Palu's Department of Public Works and Housing,borderline,core concept mentioned once
C8,W7130312956,2026,OPTIMALISASI KUALITAS LAYANAN PUBLIK DIGITAL BERBASIS E-GOVERNMENT MELALUI PENGUATAN KAPASITAS APARATUR KELURAHAN DI KOTA BAUBAU,include,rules
C8,W4324141371,2023,Public Perception and the Role of E-Government Services in the Housing Market of Bangladesh,include,rules
C8,W7128531708,2025,Reflection on the Dynamics of Digitalization of Public Services in Malang City,borderline,core concept mentioned once
C8,W2606630321,2017,Realizing e-government benefits with minimal capabilities,include,rules
C8,W7123724721,2026,The Impact of Digital Government on Innovation: City-Level Evidence from China,include,rules
C9,W4414338257,2025,"SUSTAINABLE TRANSPORTATION SYSTEMS: A CROSS-FACULTY STUDY ON HEALTH, TECHNOLOGY, BUSINESS, AND LEGAL IMPLICATIONS",borderline,core concept mentioned once
C9,W4200612609,2021,"Understanding Metro-to-Bus Transfers in Nanjing, China Using Smart Card Data",include,no abstract; core (and context) in title
C9,W2538678994,2016,Making Headways,include,rules
C9,W4399649414,2024,Upgrading in ride-sourcing markets with multi-class services,exclude,no abstract; no urban context (C theme)
C9,W4414948057,2025,DIGITAL TRANSFORMATION AS A FACTOR IN INCREASING THE INVESTMENT ATTRACTIVENESS OF TRANSPORT COMPANIES,include,rules
C9,W4415585454,2025,"Migration, Precarity and Solidarity Among Migrant Platform Workers in China’s Food Delivery and Ride-Hailing Sectors",exclude,no abstract; no urban context (C theme)
C9,W4411046818,2025,Exploring heterogeneous drivers and barriers in MaaS bundle subscriptions based on the willingness to shift to MaaS in one-trip scenarios,exclude,no abstract; no urban context (C theme)
C9,W4283277570,2022,Do low-carbon rewards incentivize people to ridesplitting? Evidence from structural analysis,exclude,core concept missing
C9,W3204675332,2022,AI-Based Vehicle Systems for Mobility-as-a-Service Application,borderline,flag: \b(deep learning|neural network|convolut
C9,W2564436999,2016,Bus Network Microsimulation with General Transit Feed Specification and Tap-in-Only Smart Card Data,borderline,flag: \b(sensor network|wireless|5g|6g|edge co
C9,W4313161796,2022,Determinants of Intention to Use Ride-Hailing Services in Vietnam,include,rules
C9,W4206203451,2022,"Understanding the Spatiotemporal Variation of High-Efficiency Ride-Hailing Orders: A Case Study of Haikou, China",include,rules
C9,W2555257299,2016,A method to directly derive taste heterogeneity of travellers’ route choice in public transport from observed routes,exclude,core concept missing
C9,W7217394615,2026,DEEP LEARNING–DRIVEN RIDE-HAILING PRICE PREDICTION FOR INTELLIGENT TRANSPORTATION SYSTEMS,borderline,flag: \b(deep learning|neural network|convolut
C9,W3110711310,2020,Mobility-as-a-Service and Demand-Responsive Transport: Practical Implementation in Traditional Forecasting Models,include,rules
C9,W7167268018,2026,"Graduates' Rational Choices in Seeking Job Opportunities via Digital Platforms in Buahbatu Village, Bandung Regency",borderline,core concept mentioned once
C9,W2985070135,2019,Workshop summary and research themes,exclude,core concept missing
C9,W7152044140,2026,Dynamic Pricing Strategy Optimization Based on a Reinforcement Learning PPO Algorithm,exclude,"flag, core not in title: \b(deep learning|neural network|convolut"
C9,W4406925041,2025,Investigation of preferences for ride-sourcing taxis: Compromise effect and regret-based latent class modeling,exclude,no abstract; no urban context (C theme)
C9,W4398202759,2024,Comparative Analysis of Energy Efficiency between Battery Electric Buses and Modular Autonomous Vehicles,exclude,"flag, core not in title: \b(vehicle routing|optimi[sz]ation model"
C9,W4404007107,2024,Factors affecting continuation of Mobility as a Service projects in regional and rural areas: An analysis of 50 projects in Japan,include,rules
C9,W4393165557,2024,Ride-hailing service availability and private transportation mode usage in a motorcycle-based city: Evidence from Hanoi,include,rules
C9,W4392623488,2024,MaaS and shared transport,include,rules
C9,W4379621099,2022,Regulating the algorithm: platform economy workers in China,include,rules
C9,W4408738005,2025,System Design Practice for Big Data,exclude,core concept missing
C9,W4388504545,2023,Agency Behind the Vortex of Power: Unveiling the Endeavors of Digital Labors in Opposition to Digital Capitalists,exclude,context terms missing
C9,W3162199496,2021,Digital platforms and institutional voids in developing countries: The case of ride-hailing markets,exclude,context terms missing
C9,W3158714437,2021,Mobility-on-demand versus fixed-route transit systems: An evaluation of traveler preferences in low-income communities,include,rules
C9,W3127937565,2020,"PENGARUH CITRA MEREK, KUALITAS LAYANAN, PROMOSI DAN HARGA TERHADAP MINAT BELI KEMBALI JASA ANTAR OJEK ONLINE MEREK GRAB-BIKE DI JAKARTA PUSAT",include,rules
C9,W4414874408,2025,Measuring customer-perceived service quality in the ride-hailing industry: a generic approach for the development and validation of a multidimensional scale,exclude,context terms missing
C9,W3000005851,2020,Reprint of: The importance of user perspective in the evolution of MaaS,include,rules
C9,W4226421400,2022,Mapping the motorcycle-based ride-hailing users in Yogyakarta: An analysis of socio-economic factors and preferences,exclude,context terms missing
C9,W4211129499,2022,Open Innovation Business Model as an Opportunity to Enhance the Development of Sustainable Shared Mobility Industry,include,rules
C9,W4404280787,2024,Pola Mobilitas Pelajar Kampus dengan Layanan On-Demand Ride-Hailing di Surabaya Timur Berbasis Spatio-Temporal,include,rules
C9,W3123251633,2021,Spatial variation in shared ride-hail trip demand and factors contributing to sharing: Lessons from Chicago,include,rules
C9,W7105997384,2025,The impact of ride-hailing regulations on traffic congestion: Evidence from China,exclude,no abstract; no urban context (C theme)
C9,W562339529,2015,Estimating the Destination of Unlinked Trips in Transit Smart Card Fare Data,include,rules
C9,W3039360488,2020,Urban ride-hailing demand prediction with multiple spatio-temporal information fusion network,include,no abstract; core (and context) in title
C9,W4399827503,2024,A Review of the Advances in Artificial Intelligence in Transportation System Development,include,rules
C9,W7142282877,2026,Sidewalk solidarity and networked camaraderie: app-based drivers and infrastructural citizenship in Vietnam,borderline,core concept mentioned once
C10,W3034942453,2020,Does the room sharing business model disrupt housing markets? Empirical evidence of Airbnb in Taiwan,include,no abstract; core (and context) in title
C10,W7104512821,2025,The Evolution of Design Thinking in the Age of Foundation Models: Revisiting Verganti’s Framework (2020-2025),borderline,core concept mentioned once
C10,W7212646122,2026,Scalable AI-Driven Web Data Extraction Systems: Design and Implementation of an Enterprise Market Analytics Scraping Assistant,exclude,"flag, core not in title: \b(sensor network|wireless|5g|6g|edge co"
C10,W3042758921,2020,A Dual Model of Ownership,borderline,core concept mentioned once
C10,W4386850889,2023,Pemilihan Virtual Hotel Operator: Metode Analytic Hierarchy Process (AHP) (Airbnb dan RedDoorz),include,rules
C10,W2788290252,2018,Humanize your business. The role of personal reputation in the sharing economy,exclude,core concept missing
C10,W4293817092,2022,"Analysis of airbnb’s green user emotional characteristics: How do human, geographical, housing, and environmental factors influence green consumption?",include,rules
C10,W4243111783,2019,Sharing-economy in tourism industry and hospitality: new trends,borderline,core concept mentioned once
C10,W7216877109,2021,"Análise da oferta e desempenho da plataforma AirBnb em Florianópolis em 2018, 2019 e os impactos iniciais da pandemia em 2020",include,rules
C10,W4307252771,2022,Infrastructure and health: laying down the big connections for well-being,exclude,core concept missing
C10,W4241012356,2021,A locação por temporada com a utilização do aplicativo AIRBNB em condomínios residenciais: considerações sobre a natureza do contrato e a vedação de proibição desta prática na convenção condominial,include,no abstract; core (and context) in title
C10,W4407904332,2025,Amsterdam,include,rules
C10,W3031816651,2020,Smart Devices in Airbnbs: Considering Privacy and Security for both Guests and Hosts,include,rules
C10,W2901308627,2017,"Airbnb, ¿economía colaborativa o economía sumergida?: reflexiones sobre el papel de las plataformas de intermediación en la aplicación de los tributos",include,no abstract; core (and context) in title
C10,W4406042422,2024,Airbnblerin Mekânsal Dağılışında Etkili Olan Faktörlerin Mekânsal Analizi: Kaş-Kalkan Örneği (Spatial Analysis of Factors Influencing the Spatial Distribution of Airbnbs: The Case of Kaş-Kalkan),include,rules
C10,W7161536162,2026,Airbnb Saga in the West Bank: Foreshadowing the Collapse of International Law in Gaza,include,rules
C10,W3166834476,2021,The Algorithm Applications in the Sharing Economy: Building a regression model of Airbnb prices using python,include,no abstract; core (and context) in title
C10,W2575849332,2017,La prohibition des pratiques discriminatoires face à l’émergence de l’économie collaborative,borderline,core concept mentioned once
C10,W4283212739,2022,Sharing Places: Local Socio-Economic Organization and Inequality in Contemporary Short-Term Rental Markets,include,rules
C10,W4322772192,2023,Airbnb-Immobilienvermittlung,include,no abstract; core (and context) in title
C10,W3104609990,2020,The rise of PropTech: emerging industrial technologies and their impact on real estate,borderline,flag: \b(sensor network|wireless|5g|6g|edge co
C10,W3206641141,2021,Regulating new digital market and its effects on the incumbent market: Investigation of online peer-to-peer short-term rental,include,no abstract; core (and context) in title
C10,W4402235933,2024,"The six challenges of platform-based short-term rental accommodation in rural landscapes: evidence from the Byron hinterland, NSW Australia",include,rules
C10,W3123943465,2021,An adaptive modified neural lateral-longitudinal control system for path following of autonomous vehicles,exclude,core concept missing
C10,W2969411040,2019,Marketing channel evolution: From contactual efficiency to brand value co-creation and appropriation within the platform enterprise,exclude,"core mentioned once, not in keyword tags"
C10,W3176230907,2021,"The COVID-19 Pandemic, Airbnb and Housing Market Dynamics in Warsaw",include,rules
C10,W7121606896,2025,Analysis of 7 Types of Meaning in Airbnb Reviews: A Semantics Study,include,rules
C10,W2911685111,2019,The Adoption and Development of Airbnb Services in Norway,include,rules
C10,W2977795373,2019,Women in Airbnb: a neglected perspective,include,rules
C10,W4391289346,2023,Digital platform workers and the conundrum of the definition of an ‘employee’ in the era of the Fourth Industrial Revolution,exclude,"core mentioned once, not in keyword tags"
C10,W7123708409,2026,"When it rains, it pours. Digital nomads, platform real estate, and the housing crisis in Málaga",include,rules
C10,W4365803561,2023,Responding to compliments online: The case of Airbnb online experiences,include,rules
C10,W4390461566,2023,Online Rentals Things,include,rules
C10,W4408880321,2025,Zweckentfremdung von Wohnungen; touristische Beherbergung; Privatzimmervermietung; Verwaltungsübertretung,borderline,core concept mentioned once
C10,W7124905328,2025,A Comparative Study of Hyper-personalized Recommendation Systems in Travel Platforms: An Epistemological Perspective on Data Collection and Algorithms,exclude,"flag, core not in title: \b(deep learning|neural network|convolut"
C10,W3211180260,2021,How emotional attachment influences lender participation in consumer-to-consumer rental platforms,include,no abstract; core (and context) in title
C10,W2949343759,2019,"""Consumers’ Positive and Negative Perceptions toward Airbnb: Text Mining of Consumer Experiences Posted in Online Community""",include,rules
C10,W4229080964,2022,Work-family integration and segmentation in the gig economy: An exploratory study on Airbnb hosts' experiences,include,rules
C10,W3154590552,2021,"スペシャル対談 一時しのぎではない""本質""で捉える DXと総務・法務担当者の役割 DX(Digital Transformation)をどう生かす? 弁護士 Airbnb Lead Counsel・日本法務本部長 渡部友一郎VS.弁護士 アンダーソン・毛利・友常法律事務所外国法共同事業 宮川賢司",include,no abstract; core (and context) in title
C10,W4281676521,2022,Measuring Overall Customer Experience in a Hospitality Collaborative Consumption Context,borderline,core concept mentioned once
C11,W7202099684,2025,Evaluation of Integrated STEM Learning in STEM Institutions Based on Mathematics Learning Processes and Outcomes Using the CIPP Model,exclude,context terms missing
C11,W7171816434,2026,EventHub: A Web-Based Event Management and Registration Platform,exclude,core concept missing
C11,W4321350112,2023,Profile of Mobile Money and Financial Inclusion among Micro-Entrepreneurs in The Central Business District of Lusaka,include,rules
C11,W7126266576,2025,Strengthening and optimizing the functions of the library at SMKN 8 Bandung,exclude,"core mentioned once, not in keyword tags"
C11,W7162686773,2026,Financial Inclusion in India: A study on Post-Reform Period (1991–2025),include,rules
C11,W4411463816,2025,"Card-on-File Tokenization – Issues, Technologies, and Innovations",include,rules
C11,W7160267028,2026,FACTOR AFFECTING CUSTOMER'S CONTINUOUS INTENTION TOWARDS USAGE OF UPI APPLICATIONS IN HARYANA,include,rules
C11,W4394012217,2024,Study protocol for a type-II hybrid effectiveness-implementation trial to reach teenagers using mobile money shops to reduce unintended pregnancies in Uganda,borderline,flag: \b(sensor network|wireless|5g|6g|edge co
C11,W4410163680,2024,Negara untuk meningkatkan nasionalisme dan ketahanan ideologi Pekerja Migran Indonesia (PMI) di Malaysia,exclude,context terms missing
C11,W4413226726,2025,Catalyzing Digital Financial Inclusion in India Through Academic-Industry Collaboration: A Qualitative Study,include,rules
C11,W4362602286,2023,Retinopathy of prematurity protection conferred by uteroplacental insufficiency through erythropoietin signaling in an experimental Murine Model,exclude,"flag, core not in title: \b(patients?|clinical|randomi[sz]ed|prev"
C11,W7127571184,2026,The Process of Digital Transformation of the Economies of the SCO Member States in the Context of the Transition to a Multipolar World,borderline,core concept mentioned once
C11,W7213634694,2026,Digital Financial Inclusion And Microenterprise Growth In Developing Economies: Evidence From An Empirical Primary Field Survey In India,borderline,core concept mentioned once
C11,W4414852835,2025,APPLICATION OF TITANIUM AND VANADIUM-ALLOYED CAST IRONS FOR THE PRODUCTION OF REPLACEMENT METALLURGICAL EQUIPMENT,exclude,context terms missing
C11,W2916443265,2018,ANALYSIS OF FACTORS AFFECTING STUDENT LEARNING RESULTS ON MATHEMATICS,exclude,context terms missing
C11,W7172407558,2026,Service learning in the internship program at Perpustakaan Pusat Survei Geologi,exclude,context terms missing
C11,W3204351996,2021,"PENGUATAN POSDAYA MANDALA MULYA MELALUI KKN TEMATIK DI DESA RAJAMANDALA, RAJAPOLAH-TASIKMALAYA, JAWA BARAT",exclude,context terms missing
C11,W3029056643,2020,The role of mobile money in improving the financial inclusion of Nairobi’s urban poor,include,rules
C11,W4415234430,2025,ABRI Masuk Desa Kodam III Siliwangi: Program Pembangunan Desa Masa Orde Baru (1980-1998),exclude,context terms missing
C11,W7214559195,2026,How Fast Digital Payments Make It Easier to Buy Electronics Impulsively In E-Commerce,include,rules
C11,W7140643646,2026,Impact of Digital Payments Growth on the Indian Banking Sector 20192025: A Secondary Data Analysis,exclude,context terms missing
C11,W4410923347,2025,"The Influence of Perceived Security, Ease of Use, Promotion, and Trust on the Intention to Use Digital Payments in Karanganyar’s Conventional Stores",include,rules
C11,W4415114932,2025,The Impact of the Unified Payments Interface (UPI) on the Indian Economy,include,rules
C11,W7153019217,2026,Toward a Medical-school Collaborative Pathway: A UPIBased Decision Tree Model for Precise Psychological Triage and Resource Optimization,exclude,core concept missing
C11,W7155063100,2026,Perbandingan Recovery Aktif dengan Recovery Pasif terhadap Tingkat Penurunan Asam Laktat dan Denyut Nadi Setelah Latihan Intensif Atlet Bulutangkis UKM UPI,exclude,context terms missing
C11,W7216725185,2024,Digital Governance and Administrative Transformation in Contemporary India,exclude,context terms missing
C11,W2514423985,2015,"The Attitude of Higher Secondary School Teachers towards E-Learning in Purulia District of West Bengal, India",exclude,"core mentioned once, not in keyword tags"
C11,W7125982676,2025,The Influence of Digital Payment Systems on Consumer Behavior: An Analytical Study of Technology Integration in Modern Business Practices,exclude,context terms missing
C11,W4408237005,2023,ETIKA KOMUNIKASI VERBAL DALAM FILM SERIGALA TERAKHIR FULL MOVIE KARYA UPI AVIANTO,exclude,context terms missing
C11,W2951777586,2019,MINAT SISWA SMA KELAS XII KECAMATAN SUKASARI KOTA BANDUNG TERHADAP PROGRAM STUDI S1 PGPAUD FIP UPI,include,rules
C11,W4411804505,2025,"Personal Information Management oleh Mahasiswa: Finding, Keeping and Organizing, dan Meta Level",exclude,context terms missing
C11,W4400961839,2022,Rhetorical moves and genre development analysis of hard science field abstracts,include,rules
C11,W4417149953,2025,Assessing the impact of fintech adoption by rural households and SMEs in Jordan: Evidence from digital financial services,borderline,core concept mentioned once
C11,W4403254648,2024,Peran Program Lisan Arab Dalam Mengembangkan Kemampuan Berbahasa Arab Bagi Mahasiswa Baru Pendidikan Bahasa Arab UPI,exclude,context terms missing
C11,W7165902979,2026,"FROM KNOWLEDGE TO WELLBEING: AN INTEGRATED MODEL OF FINANCIAL SKILL, CAPABILITY, AUTONOMY AND DIGITAL FINANCIAL LITERACY OF INDIAN SME OWNERS",exclude,context terms missing
C11,W7151075185,2026,Government-led design and growth of India’s UPI ecosystem: a time series analysis of associated factors,exclude,context terms missing
C11,W7216858013,2019,India the Future of Fin-tech Boom (A Research on Future Perspective): The Growing Influence and Future Prospects of FinTech in India,exclude,context terms missing
C11,W4401969921,2024,ANALISIS RESPONSIBILITY MAHASISWA PROGRAM STUDI BIMBINGAN KONSELING TERHADAP ORGANISASI,exclude,context terms missing
C11,W3028224454,2020,Smoke and Scan: A Content Analysis of QR Code-Directed Websites Found on Cigarette Packs in China,borderline,flag: \b(sensor network|wireless|5g|6g|edge co
C11,W3039698761,2020,"RANTAI PASOK DAN SISTEM LOGISTIK UDANG VANAME DI KABUPATEN PINRANG, PROVINSI SULAWESI SELATAN",include,rules
C12,W4385837693,2023,"Mainstreaming civic tech and citizen sensing: a research agenda on co-creation methods, data interfaces, and impact pathways",exclude,context terms missing
C12,W7160411102,2026,Enhancing Democratic Governance in Romania: A Comprehensive Analysis of Citizen Participation Initiatives,exclude,core concept missing
C12,W2788501801,2017,DIGITALIZATION PROCESS IN UKRAINE AS A PREREQUISITE FOR THE SMART CITY CONCEPT DEVELOPMENT,borderline,core concept mentioned once
C12,W7108441467,2025,"Is Democracy Working? The Interplay of Everyday Life, Representation, and Democratic Health in America",borderline,core concept mentioned once
C12,W2945868106,2019,"Citizens, Politics, and Civic Technology: A Conversation with g0v and EDGI",borderline,stub abstract (possible book review)
C12,W4321458928,2023,Digitalization of Participatory Budgeting in the context of the pandemic: The cases of San Lorenzo and Vicente López in Argentina,include,rules
C12,W4400229080,2022,El presupuesto participativo digital y la cuestión de la deliberación: el caso de “Decide Madrid”,exclude,"core mentioned once, not in keyword tags"
C12,W7215043726,2026,ESCRITA COLABORATIVA E AVALIAÇÃO FORMATIVA COM TECNOLOGIA MÓVEL EM ESPANHOL: SUPERVISÃO PEDAGÓGICA NUMA INVESTIGAÇÃO-AÇÃO NO ENSINO SECUNDÁRIO PORTUGUÊS,borderline,core concept mentioned once
C12,W4417432705,2025,"Effect of Head of Public Secondary School Financial Management Practice on Handling Inter-conflicts among Stakeholders in Mkuranga District, Pwani Region",borderline,core concept mentioned once
C12,W4401377972,2024,Challenges Of Population Services Through Population Administration Information Systems In Jakarta Buffering Area,exclude,"core mentioned once, not in keyword tags"
C12,W2754399265,2017,VGI in National Mapping Agencies: Experiences and Recommendations,exclude,context terms missing
C12,W7197052208,2026,"Financial Management for Improving Quality: A Case Study of SD Negeri 1 Candisari, Temanggung Regency",borderline,core concept mentioned once
C12,W4392695218,2024,Social innovation and public policy,exclude,"flag, core not in title: \b(patients?|clinical|randomi[sz]ed|prev"
C12,W2615660955,2017,"Smart City Project Selection, Prioritization, Customization and Implementation—Voice of Smart Citizens Case Study of Bhubaneswar and Surat",include,no abstract; core (and context) in title
C12,W3091982621,2020,The Systemic Turn and Participatory Budgeting: The Case of Rio Grande do Sul,exclude,context terms missing
C12,W7160904817,2025,STRATEGIC AND INSTITUTIONAL ASPECTS OF THE TRANSFORMATION OF STAKEHOLDER CONCEPTS IN THE HOUSING CONSTRUCTION SYSTEM,borderline,core concept mentioned once
C12,W4297565480,2022,Reader’s guide,exclude,"core mentioned once, not in keyword tags"
C12,W4405551052,2021,Democratic possibilities and limitations of digital co-creation,include,rules
C12,W4405853581,2024,Transforming Citizen Engagement In E- Governance Framework: A Conceptual Analysis,exclude,context terms missing
C12,W4312813190,2022,E-PARTICIPATION ISSUES IN URBAN PUBLIC POLICY: THE CASE OF ST. PETERSBURG,include,rules
C12,W7127148579,2026,Smart City Technologies and the Transformation of Urban Public Culture: Governance Opportunities and Ethical Risks,exclude,"flag, core not in title: \b(sensor network|wireless|5g|6g|edge co"
C12,W4296420104,2022,Crowdsourcing framework applied to strategic digital city projects,include,rules
C12,W3036500411,2020,Assessment of Citizens’ Actions against Light Pollution with Guidelines for Future Initiatives,exclude,"core mentioned once, not in keyword tags"
C12,W4387901522,2023,Using mixed methods to better assess the effects of citizen sensing on individual behaviors,include,rules
C12,W7202146815,2026,Algorithmic Environmentality: Data Infrastructures in Global Environmental Governance,exclude,context terms missing
C12,W2913882154,2019,Vom Konsum zur Gestaltung - Digitalität und Engagement in der außerschulischen Jugendarbeit am Beispiel von Jugend hackt und den Demokratielaboren,exclude,context terms missing
C12,W7214976919,2026,Creative Participatory Budgeting as an Institutional Innovation in Rural Development,include,rules
C12,W2323354180,2016,Civic hacking as data activism and advocacy: A history from publicity to open government data,include,rules
C12,W7140503641,2026,Between Resilience and Abandonment: Political Factors Determining Participatory Budgeting Through Digital Participatory Platforms,include,rules
C12,W4238583608,2015,Making Smart Regions Smarter: Smart Specialization and the Role of Universities in Regional Innovation Ecosystems,exclude,"core mentioned once, not in keyword tags"
C12,W2589172381,2017,FixMyStreet Brussels: Socio-Demographic Inequality in Crowdsourced Civic Participation,include,rules
C12,W4407641653,2025,Digitalization of the Russian general education system: Current state and problems,exclude,"core mentioned once, not in keyword tags"
C12,W4404173600,2024,Hear Me Out: Supporting Citizens to Create Comprehensible Contributions on Urban Participation Platforms,include,rules
C12,W4375824824,2023,Alternative Economies,borderline,core concept mentioned once
C12,W2797235050,2018,Participation Sphere,exclude,context terms missing
C12,W7165481081,2026,"Choice experiment evidence on digital participation in sanitation and health campaigns in the Citarum River basin, Indonesia",exclude,no abstract; no urban context (C theme)
C12,W3020859479,2020,"Crowd-Sourced Planning, Crowd-Monitoring, and Organisational Learning",exclude,core concept missing
C12,W3121764682,2021,Socialised Creation Literacy Appeared during the COVID-19 Emergency: A Case Report,exclude,context terms missing
C12,W7118009396,2025,Online Participation Tools and Their Benefits for Participatory Democracy,exclude,no abstract; no urban context (C theme)
C12,W7117661520,2025,A RIBA Plan of Work-Integrated Digital Participation Framework for Urban Regeneration in Low-Income Housing: The Case of Türkiye,include,rules
C13,W2603235839,2017,A Hybrid Approach for Three-Dimensional Building Reconstruction in Indianapolis from LiDAR Data,include,rules
C13,W4416255836,2025,Bibliometric analysis of innovative technology use in sustainable facilities management for smart city development,borderline,core concept mentioned once
C13,W7124417906,2026,Sensor Network and Data Quality Assurance for Digital Twins of Cities,include,no abstract; core (and context) in title
C13,W7220416860,2026,"Formal Verification in Modern Technologies: Safety Assurance for P2P, IoT, Blockchain, and Quantum Computing",exclude,core concept missing
C13,W4406063119,2025,"A fast, information-interactive, and reservoir computing-based digital twin for high-rise building operation",exclude,no abstract; no urban context (C theme)
C13,W7161230181,2026,Digital Twin Governance for Urban Resilience and Sustainability,include,no abstract; core (and context) in title
C13,W4414173582,2026,Beyond fidelity: Rethinking realism through human behavior in VR city modeling LOD design,borderline,core concept mentioned once
C13,W4412629521,2025,Enhancing dynamic resilience of traffic network: Role of Bayesian pre-posterior analysis supported by real-time congestion scanning technology,borderline,core concept mentioned once
C13,W3196523452,2021,Use and Scalability of OpenFOAM for Wind Fields and Pollution Dispersion with Building- and Ground-Resolving Topography,borderline,core concept mentioned once
C13,W4312798466,2022,Digital Twin Collaborative Platforms: Applications to Humans-in-the-Loop Crafting of Urban Areas,include,rules
C13,W3166812320,2021,THE WORLD DEVELOPMENT OF THE DIGITAL ECONOMY: THE MAIN DEVELOPMENT STRATAGEMS,borderline,core concept mentioned once
C13,W7202082047,2026,"Deep Physics-Informed Machine Learning Integrating Socio-Economic Indicators for Sustainable Water Governance: A Digital Twin of the Bouregreg Estuary, Morocco",include,rules
C13,W7171549754,2026,Edge Computing as a Modern Trend in Information Technology: A Comprehensive Review.,borderline,core concept mentioned once
C13,W7220224101,2026,THE ROLE OF LAND CADASTRE AND GIS TECHNOLOGIES IN SMART CITY PROJECTS,borderline,core concept mentioned once
C13,W4297216988,2022,Multi-Level Information Processing Systems in the Digital Twin Era,include,rules
C13,W4214950526,2022,An Automated Process of Creating 3D City Model for Monitoring Urban Infrastructures,include,rules
C13,W3158521675,2020,차세대 스마트도시 시설물의 플랫폼 정의와 디지털 체인,include,rules
C13,W4401873017,2024,Digital twin for smart metro service platform: Evaluating long-term tunnel structural performance,exclude,no abstract; no urban context (C theme)
C13,W7125101210,2026,Tools to manage Singapore’s heat: Coupled climate and anthropogenic heat emission models for urban comfort in a digital twin framework,include,rules
C13,W2535450464,2016,3D Complete Traffic Noise Analysis Based on CityGML,include,no abstract; core (and context) in title
C13,W4401970625,2024,3D LoD2 modelling of Halong City based on UAV point cloud,include,rules
C13,W2891585920,2018,DETECTION AND EVALUATION OF TOPOLOGICAL CONSISTENCY IN CITYGML DATASETS,include,rules
C13,W4362514681,2023,"A Survey on Digital Twins: Architecture, Enabling Technologies, Security and Privacy, and Future Prospects",include,rules
C13,W4414381372,2025,Enhancing Urban Heat Risk Resilience in Tokyo’s Nihonbashi through Urban Digital Twins of 4-Step Scenario Planning,include,rules
C13,W7117982519,2026,Design of Underground Pipe Gallery Monitoring and Early Warning System Based on Digital Twin Technology,exclude,no abstract; no urban context (C theme)
C13,W4381929518,2023,"KNOWLEDGE REPRESENTATION OF BUILT HERITAGE MAPPING AN AD HOC DATA MODEL IN OGC STANDARDS: THE CASE STUDY OF PITTI PALACE IN FLORENCE, ITALY",borderline,core concept mentioned once
C13,W7214750898,2026,Quantum-Secure Photonic-Neuromorphic Edge Intelligence for Autonomous Environmental Sensing and Climate-Resilient Smart Cities,borderline,core concept mentioned once
C13,W7128923709,2026,"LIFE CYCLE THINKING IN CULTURAL HERITAGE: SYSTEMATIC INSIGHTS INTO ADAPTIVE REUSE, CIRCULAR ECONOMY INTEGRATION, AND SUSTAINABLE URBAN REGENERATION",borderline,core concept mentioned once
C13,W2912161977,2016,Lidar-ALTM and Its Application for Urban Planning and Infrastructure by Developing 3D City Model,include,rules
C13,W4411355161,2025,Emerging Application of Digital Twin Technology toward Development of Smart Infrastructure,include,rules
C13,W7140317434,2026,Systematic application and research of artificial intelligence technology in smart supervision of elevators,borderline,core concept mentioned once
C13,W2766186857,2017,MODELLING URBAN NOISE IN CITYGML ADE: CASE OF THE NETHERLANDS,include,rules
C13,W4413988160,2025,Navigating coastal resilience: Exploring population density and coastal distance dynamics along the gold coast,borderline,core concept mentioned once
C13,W1946510417,2015,Automatic conversion of IFC datasets to geometrically and semantically correct CityGML LOD3 buildings,include,rules
C13,W4401011520,2024,Three-dimensional voxel geological modelling for subsurface stratigraphy: a graph convolutional network approach,include,rules
C13,W7140304561,2026,"Digital twins benefits, challenges and future prospects from intelligent motion control point of view",include,rules
C13,W7155563194,2026,Architecture of a sustainable future: Smart building as a synthesis of technology and nature,borderline,core concept mentioned once
C13,W3166359592,2021,Generating an Indoor space routing graph using semantic-geometric method,borderline,core concept mentioned once
C13,W2889026325,2018,SEH-SDB: a semantically enriched historical spatial database for documentation and preservation of monumental heritage based on CityGML,include,no abstract; core (and context) in title
C13,W3120600706,2020,Digital Twin of a City: Concept Overview,include,rules
C14,W3202733352,2021,A Resilient Approach to Social Solidarity During Covid-19. Evidence from Smart Communities in South African Cities,exclude,core concept missing
C14,W7131080061,2026,"Waste Gasification for Hydrogen Production: Regional Challenges, Sustainability Pathways, and Future Research Directions",exclude,core concept missing
C14,W4402762320,2022,A theoretical model for standardized taxation of Nigeria’s informal sector: A pathway to compliance,include,rules
C14,W2334864057,2016,Are We There Yet? Exploring the Impact of Translating Cognitive Tests for Dementia Using Mobile Technology in an Aging Population,include,rules
C14,W2953478797,2019,The Informal Economy & conflict: Dohuk – Kurdistan Region of Iraq as a case study,include,rules
C14,W7165479209,2026,"Digital Visibility, Algorithmic Misclassification, and Welfare Exclusion Among Informal Workers: A Mixed-Methods Study in Indonesia",borderline,flag: \b(sensor network|wireless|5g|6g|edge co
C14,W7169728766,2026,"Performing trust: Social media, reputational labor, and economic legitimacy in Indonesia's informal errand economy",exclude,"core mentioned once, not in keyword tags"
C14,W4322775574,2023,Breaking Barriers,borderline,core concept mentioned once
C14,W7219552259,2024,Understanding Master Craftspersons' Technology Practices For Business Productivity: A Case Study Of Tailors On A Nigerian University Campus,include,rules
C14,W4400616008,2024,التكنولوجيا الرقمية وتأثيرها على الشمول المالي في زيمبابوي,borderline,core concept mentioned once
C14,W3004603131,2020,Banking on refugees: Racialized expropriation in the fintech era,borderline,core concept mentioned once
C14,W3126545477,2020,Bioleta: collaborative mapping and a fairer trade for artisans,include,rules
C14,W4383534685,2023,Securitisation of the pandemic in the Philippines,borderline,core concept mentioned once
C14,W4381306865,2021,Pengaruh Media Informasi Digital terhadap Keputusan Wakif dalam Melakukan Wakaf Uang (Studi pada Wakif di KSPPS BMT Mandiri Sejahtera Cabang Desa Kranji Kecamatan Paciran Kabupaten Lamongan),include,rules
C14,W7217121433,2024,Collective Consciousness of Positive Health: A Sociological Exploration among Informal Workers in the Digital Health Arena,borderline,flag: \b(patients?|clinical|randomi[sz]ed|prev
C14,W7127567385,2026,"Supporting and Inhibiting Factors in the Implementation of the Kesatria Team in Maintaining Public Order in North Padang District, Padang City",borderline,core concept mentioned once
C14,W4319159367,2023,"Characterizing Informal Settlement Dynamics Using Google Earth Engine and Intensity Analysis in Durban Metropolitan Area, South Africa: Linking Pattern to Process",include,rules
C14,W7204488507,2026,Sector-Specific Applications,borderline,core concept mentioned once
C14,W7155193904,2026,"POPULATION-BASED STUDY OF SPINAL ANATOMY, LOAD-CARRYING PRACTICES, AND CHRONIC BACK DISORDERS IN INFORMAL WORKERS: STUDY OF SELECTED NIGERIAN CITIES",borderline,flag: \b(patients?|clinical|randomi[sz]ed|prev
C14,W4406398216,2025,Cityscapes as Palimpsests: Reconfiguring Identities in the Living Archives of Indian Metropolis,borderline,core concept mentioned once
C14,W3185388813,2021,Informality and the Infrastructures of Inclusion: An Introduction,borderline,core concept mentioned once
C14,W4415373673,2025,"Factors Influencing Tax Compliance among Small and Medium Enterprises (SMEs) in Harare, Zimbabwe: Institutional, Procedural, Informational and Behavioural Drivers",borderline,core concept mentioned once
C14,W4396847370,2024,An Analysis of the Obstructive Factors that Impact the Empowerment of Women Entrepreneurs in Sri Lanka,borderline,core concept mentioned once
C14,W4308453391,2022,What explains the differences in children's health outcomes in slum and non-slum areas in India?,exclude,no abstract; no urban context (C theme)
C14,W4400782597,2024,CHALLENGES AND COPING MECHANISMS OF SUBSISTENCE MUSLIM FEMALE ENTREPRENEURS IN DELHI’S SLUMS: AN IN-DEPTH EXPLORATION,include,rules
C14,W7128813930,2026,Mobile playbour: Mobile esports and gaming labor in Indonesia,borderline,core concept mentioned once
C14,W4399723855,2024,Using cloud computing techniques to map the geographic extent of informal settlements in the greater Cape Town Metropolitan Area,borderline,flag: \b(sensor network|wireless|5g|6g|edge co
C14,W7169724550,2026,Sodium Content of Street and Restaurant Foods in Nigeria: A Multilevel Analysis of Food System Determinants,borderline,core concept mentioned once
C14,W7117360612,2025,Weaving Resilience: Adaptive Livelihood Strategies and Workforce Realities in East Garo Hills’ Informal Economy,include,rules
C14,W4386005076,2023,Colombian Popular Cinemas: Expressions from and About Violence,exclude,core concept missing
C14,W4313049074,2022,Kolaborasi Stakeholder dalam Perencanaan Program Kota Tanpa Kumuh (KOTAKU) di Kecamatan Jaten Kabupaten Karanganyar,include,rules
C14,W4320499450,2023,"Qualitative Analysis of Onsite Sanitation Challenges in an Urban Setting: The Case of Jimma Town, Ethiopia",borderline,core concept mentioned once
C14,W7204770064,2026,"FINANCIAL INCLUSION AS A TOOL OF DEMOCRATIC GOVERNANCE: AN ANALYSIS OF JAN DHAN, UPI, AND DIGITAL COMMERCE",borderline,core concept mentioned once
C14,W7119553662,2026,South and Southeast Asia’s Flooding and Water Contamination Crisis,exclude,core concept missing
C14,W7127445677,2026,Capacity-building strategies and policy recommendations for sustainable big data utilization in Namibia's small business sector,exclude,"core mentioned once, not in keyword tags"
C14,W4412770341,2025,"Women's household decision-making autonomy in low economic settlements in Bangladesh: Evidence from a cross-sectional study, 2022",exclude,"flag, core not in title: \b(patients?|clinical|randomi[sz]ed|prev"
C14,W4401223000,2024,Ethical Challenges in the Use of Digital Tools for Screening of Depression in India: A Scoping Review,exclude,"flag, core not in title: \b(patients?|clinical|randomi[sz]ed|prev"
C14,W2947984253,2019,"Combatting Slums, Suistaining Poverty: Dynamic Urban Governance in Makassar, Indonesia",include,rules
C14,W2795351363,2018,PREVALENCE OF HYPERTENSION AMONG ELDERLY RESIDING IN SLUMS OF WEST,borderline,flag: \b(patients?|clinical|randomi[sz]ed|prev
C14,W2028745832,2015,Peace-building in Haiti: the case for vertical integration,borderline,core concept mentioned once
C15,W4415585454,2025,"Migration, Precarity and Solidarity Among Migrant Platform Workers in China’s Food Delivery and Ride-Hailing Sectors",exclude,no abstract; no urban context (C theme)
C15,W7155624728,2026,SPEED VS SAFETY: THE HIDDEN RISK BEHIND 10-MINUTE DELIVERY PROMISES.,borderline,core concept mentioned once
C15,W7167268018,2026,"Graduates' Rational Choices in Seeking Job Opportunities via Digital Platforms in Buahbatu Village, Bandung Regency",include,rules
C15,W2900783872,2018,Dual Disruptions: Brexit and Technology,exclude,core concept missing
C15,W7214196726,2026,Self-care practices and barriers to blood pressure control among app-based delivery riders with hypertension,borderline,flag: \b(patients?|clinical|randomi[sz]ed|prev
C15,W4379621099,2022,Regulating the algorithm: platform economy workers in China,include,rules
C15,W4308447308,2022,The role of information for the customer journey in mobile food ordering apps,exclude,context terms missing
C15,W7118164032,2026,Moral Economies of Worth and Symbolic Boundaries in the Construction of Racial Hierarchies in the Platform Economy: An Example of Latvian Food Delivery Gig Workers,exclude,context terms missing
C15,W4312740832,2022,"Jaki wpływ na gospodarkę gig economy będzie miał wyrok Sądu Najwyższego Wielkiej Brytanii, uznający kierowców Ubera za pracowników?",exclude,context terms missing
C15,W4400788088,2024,Body and Mind - Reframing Labour Exploitation and Risk as a Sport among Platform Workers,include,rules
C15,W4386261034,2023,"The Experience of Malay Food Delivery Gig Worker in Johor Bahru, Johor/ Pengalaman Pekerja Gig Penghantar Makanan Berbangsa Melayu di Johor Bahru, Johor",include,rules
C15,W3206641141,2021,Regulating new digital market and its effects on the incumbent market: Investigation of online peer-to-peer short-term rental,exclude,core concept missing
C15,W7138967665,2026,Modified MRBQ for the gig economy: linking risky riding behaviors to self-reported safety incidents among food delivery riders,exclude,no abstract; no urban context (C theme)
C15,W7142282877,2026,Sidewalk solidarity and networked camaraderie: app-based drivers and infrastructural citizenship in Vietnam,include,rules
C15,W7161029679,2026,Gig Women Entrepreneurship: A Study on Performance Analysis Towards Economic Sustainability,exclude,core concept missing
C15,W4361026442,2023,Hegemonic Sensory Practices of the Smart City,include,rules
C15,W4389150559,2023,Transcending “flexible time”: Platform labor in the Chinese food delivery industry and its temporal politics,exclude,context terms missing
C15,W4408056822,2025,IMPLICATIONS FOR PRACTITIONERS: Organizational learning beyond original goals: building a learning platform that values human dignity and well-being,exclude,context terms missing
C15,W4389981702,2023,"Platform Work, Everyday Life, and Survival in Times of Crisis: Views and Experiences from Nairobi",include,rules
C15,W7165373782,2026,Managing Virtual Work: An Integrative Framework for Human Resource Management,exclude,"core mentioned once, not in keyword tags"
C15,W4407389981,2025,Psychosocial demands of subordinate work in delivery platform companies: Control procedures and effects on the health of delivery workers,include,rules
C15,W7167709939,2020,Uberland,borderline,core concept mentioned once
C15,W7124426239,2026,Neither side gained: Exploring the impact of customer illegitimate tasks on service sabotage behavior of gig workers,exclude,no abstract; no urban context (C theme)
C15,W3181032096,2021,Influence of service attributes of food delivery application on customers' satisfaction and their behavioural responses: The IPMA approach,exclude,no abstract; no urban context (C theme)
C15,W4309534683,2022,Delivering (In)justice,include,rules
C15,W4385060350,2023,Small things matter: The tiny sector,borderline,core concept mentioned once
C15,W4407608761,2025,USER ACCEPTANCE OF TERMS & CONDITIONS AND PRIVACY POLICY: A LEGAL ANALYSIS OF THE POSITION OF FOOD DELIVERY MOBILE APPS IN THE MALAYSIAN CONTEXT,borderline,flag: \b(sensor network|wireless|5g|6g|edge co
C15,W3106942417,2020,Online marketplace: student consumer strategies,exclude,"flag, core not in title: \b(patients?|clinical|randomi[sz]ed|prev"
C15,W4295956227,2022,"A Pandemic-related Turning Point: Precarious Work, Platforms and Utopian Energies",borderline,core concept mentioned once
C15,W7216659704,2024,PENGARUH MOBILE FOOD ORDERING ATTRIBUTES DAN KUALITAS LAYANAN TERHADAP MINAT BELI ULANG PERSPEKTIF EKONOMI ISLAM,borderline,core concept mentioned once
C15,W4409419063,2024,"Perancangan Prototipe Aplikasi Mobile Pelayanan Catering Anak ""CATA APPS""",exclude,context terms missing
C15,W4416470743,2025,Online food delivery under extreme heat: a case study of Beijing,include,rules
C15,W4404320675,2024,"Riders driving at the limit of AI: geographies of two-wheeled food delivery and traffic safety in Seoul, South Korea",include,rules
C15,W7128424325,2025,"Adopsi Platform Digital pada UMKM Kuliner: Peran Persepsi Kemudahan, Kualitas Layanan Elektronik, dan Kepercayaan",exclude,context terms missing
C15,W4415788243,2025,"The gig economy as an extractive assemblage: highlighting the entanglement of labour, data and finance in platform capitalism",exclude,context terms missing
C15,W4404262109,2024,Fighting the Algorithm,borderline,core concept mentioned once
C15,W4392853142,2024,The usage of Foodpanda delivery apps among students: an exploratory study,exclude,context terms missing
C15,W7136274262,2026,Psychological Bond Beyond Algorithms: A Latent Profile Analysis of Multifocal Commitment among Food Delivery Riders,exclude,context terms missing
C15,W4390118825,2023,Collective Bargaining and the Platform Economy: Insights from Europe,exclude,"flag, core not in title: \b(sensor network|wireless|5g|6g|edge co"
C15,W4390675921,2023,Conversion Rate: Digital Analytics on Online Food Delivery Platform Customers,exclude,context terms missing
C16,W7127271988,2025,DEFENSIVE COMPLEX OF “THE EASTERN WICKET” – THE SIDE GATE OF THE MEDIEVAL CITY ON THE ESKI-KERMEN PLATEAU,exclude,"flag, core not in title: \b(point clouds?|photogrammetry|laser sc"
C16,W7151768647,2026,Making time for street gardens,exclude,"core mentioned once, not in keyword tags"
C16,W4407029822,2025,Digital footprints of play: Decoding child-friendliness of cities through PPGIS,include,rules
C16,W7207849005,2026,Construire la ville rêvée : récits visuels dans la publicité immobilière en Algérie,include,rules
C16,W7154626988,2026,Digital Virality and Rural Heritage: The Paozhutang Case,exclude,"core mentioned once, not in keyword tags"
C16,W7130394460,2026,Participatory Mapping as a Tool for Social Justice and Mobilization in Brazilian Informal Settlements,include,rules
C16,W4402849011,2024,Modeling Anthropogenic Heat Flux during the Heating Season in Large Cities of the Russian Federation,include,rules
C16,W2922225784,2018,Ruts of Gentrification: Breaking the Surface of Vienna's Changing Cityscape,exclude,"core mentioned once, not in keyword tags"
C16,W7117148063,2025,Penerapan Minimun Spanning Tree dalam Penentuan Rute Objek Wisata di Kota Medan Menggunakan Algoritma Prim,exclude,"core mentioned once, not in keyword tags"
C16,W7204112057,2026,Mapping Flood Co-Adaptation Strategies in a Vulnerable River Basin: Engaging Youth in Collaborative Decision-Making,exclude,no abstract; no urban context (C theme)
C16,W7168983158,2026,"Everyday mobility practices of older women in Santiago, Chile: the importance of walking in the neighbourhood",exclude,"core mentioned once, not in keyword tags"
C16,W4414281055,2024,News,borderline,core concept mentioned once
C16,W4409213330,2025,Gender-based ocean uses and values: Implications for marine spatial planning,exclude,context terms missing
C16,W7125767467,2026,Playful Mapping for Climate Adaptation: Two Case Studies From Jakarta's Coast,include,rules
C16,W4391322308,2024,A participatory digital mapping practice: Proposing Integrated Development Areas for food secure systems in cities,include,rules
C16,W3096221253,2020,"Co-design of a stakeholders’ ecosystem: an assessment methodology by linking social network analysis, stakeholder theory and participatory mapping",include,rules
C16,W2575962010,2016,Digital mapping of corrosion risk in coastal urban areas using remote sensing and structural condition assessment: case study in cyprus,include,rules
C16,W2962444361,2019,"Integrating spatial accessibility estimates derived from crowdsourced, commercial, and authoritative geo-datasets: Case study of mapping accessibility to urban green space in the Tokyo-Yokohama area",include,rules
C16,W4402439007,2024,Distribution characteristics and relationship between virtual- and real-imagery hotspots as influenced by social media: a case study of Changsha City,include,rules
C16,W4415406741,2025,Collaborative toponyms in OpenStreetMap: an open-source framework to investigate the relationship with intrinsic quality parameters,include,rules
C16,W2594440151,2017,Children and Young People’s Perceptions of Risk and Quality of Life Conditions in Their Communities: Participatory Mapping Cases in Portugal,exclude,no abstract; no urban context (C theme)
C16,W3006981923,2020,Crowdsourcing and interactive modelling for urban flood management,include,rules
C16,W4416723404,2025,Encounters in wartime: interactive technology and storytelling for digital heritage,include,rules
C16,W4390937272,2024,Mapping Pockets of Survival,include,rules
C16,W7204078612,2026,Towards a sustainable urban regeneration: the case of the historical island of Suakin in Sudan,exclude,"core mentioned once, not in keyword tags"
C16,W3186869931,2021,Towards user-driven earth observation-based slum mapping,borderline,flag: \b(deep learning|neural network|convolut
C16,W7167790543,2026,Unfolding Food Access in a Predominantly Rural Landscape: Geospatial Insights into Habitat Segments and Food Linkages,exclude,core concept missing
C16,W7213872436,2026,Public Perception and Optimization of Macau Light Rapid Transit’s Cultural Space from the Perspective of Social Media Data,exclude,"core mentioned once, not in keyword tags"
C16,W4297181912,2022,A learning-based algorithm for generation of synthetic participatory mapping data in 2D and 3D,include,rules
C16,W3012382801,2020,"Integrating Different Data Sources to Address Urban Security in Informal Areas. The Case Study of Kibera, Nairobi",borderline,core concept mentioned once
C16,W7167573764,2026,Descriptor: Global Foursquare and OpenStreetMap Point-of-Interest Dataset (World-POI),include,rules
C16,W7202271883,2026,"Beyond the Geoportal: Reconsidering Spatial Data Infrastructure for Planning Information Governance in Lagos, Nigeria",borderline,core concept mentioned once
C16,W7162792293,2026,A geospatial framework for tsunami evacuation walk-time mapping,exclude,no abstract; no urban context (C theme)
C16,W7134275144,2026,Testing a protocol for optimizing the positioning of cameras for photogrammetric surveys: tools and methods,exclude,"flag, core not in title: \b(sensor network|wireless|5g|6g|edge co"
C16,W2883703337,2018,Community-engaged development of a GIS-based healthfulness index to shape health equity solutions,exclude,core concept missing
C16,W2889372822,2018,Swift Path Planning: Vehicle Localization by Visual Odometry Trajectory Tracking and Mapping,include,rules
C16,W4313131211,2022,"Maps, Music, and Culture: Representing Historical Soundscapes Through Digital Mapping",exclude,no abstract; no urban context (C theme)
C16,W4402732163,2024,Assessment of periurban dynamics and agricultural traditionality in a mega-city by using a hybrid geospatial model. A case study in Mexico City,exclude,"flag, core not in title: \b(deep learning|neural network|convolut"
C16,W4413780400,2025,"Contesting the Right to Sustainable Cities Under Neoliberalism: The Case of Macrocampamento Los Arenales, Chile",borderline,core concept mentioned once
C16,W3115304769,2020,Social Economy and Digital Mapping of Subak Sembung Ecotourism,include,rules
C17,W7217886405,2025,ЭКОНОМИЧЕСКАЯ БЕЗОПАСНОСТЬ НА УРОВНЕ ГОСУДАРСТВА: ПРЕДОТВРАЩЕНИЕ ФИНАНСОВЫХ КРИЗИСОВ,borderline,core concept mentioned once
C17,W2918538338,2019,"Smart cities and cyber security: Are we there yet?A comparative study on the role of standards, third party risk management and security ownership",include,no abstract; core (and context) in title
C17,W4396223889,2024,"Distributed Renewables, Smart Solutions: A Blueprint for Sustainable Buildings",exclude,core concept missing
C17,W4391064773,2024,Critical infrastructure modeling: Resilience and the ability to adapt and maneuver to threats,exclude,core concept missing
C17,W7154460219,2026,A Hybrid CNN–LSTM–Attention Framework for Intrusion Detection in Smart Mobility Networks,exclude,"flag, core not in title: \b(deep learning|neural network|convolut"
C17,W4401233262,2024,"Smart Factory based on IIoT: Applications,Communication Networks and Cybersecurity",include,rules
C17,W4412494784,2025,A deep learning framework for cyberattack detection and classification in Industrial Control Systems,borderline,flag: \b(deep learning|neural network|convolut
C17,W4417168193,2025,Trust Through Transparency,exclude,"core mentioned once, not in keyword tags"
C17,W4415751826,2025,Advancing National Cybersecurity Resilience: Integrating Zero Trust Architecture and Secure Access Service Edge for Protecting Critical Cloud and Network Infrastructure,borderline,flag: \b(sensor network|wireless|5g|6g|edge co
C17,W3041429744,2020,CYBER RISKS IN THE MUNICIPAL ECONOMY DURING THE PANDEMIC: DAMAGES AND THE STRUGGLE FOR CYBER SECURITY,borderline,flag: \b(patients?|clinical|randomi[sz]ed|prev
C17,W4396882876,2024,Cybersecurity for Smart Cities,include,rules
C17,W7135170632,2026,Cyber Physical Security Framework for Smart Cities Using AI and Quantum Encryption,borderline,flag: \b(deep learning|neural network|convolut
C17,W3136325801,2021,Cyber Place Management and Crime Prevention: The Effectiveness of Cybersecurity Awareness Training Against Phishing Attacks,include,rules
C17,W2789923361,2018,Cyber Resilience 2035,borderline,stub abstract (possible book review)
C17,W7162085088,2026,Qualitative study of IT-driven strategies for improving road and bridge performance,include,rules
C17,W4362514681,2023,"A Survey on Digital Twins: Architecture, Enabling Technologies, Security and Privacy, and Future Prospects",borderline,core concept mentioned once
C17,W7216067325,2025,Hybrid AI Models Combining Machine-Deep Learning for Botnet Identification,exclude,"flag, core not in title: \b(deep learning|neural network|convolut"
C17,W7219484180,2025,"The Convergence of AI and IoT: Creating Intelligent, Connected Applications",exclude,"flag, core not in title: \b(deep learning|neural network|convolut"
C17,W7214750898,2026,Quantum-Secure Photonic-Neuromorphic Edge Intelligence for Autonomous Environmental Sensing and Climate-Resilient Smart Cities,exclude,"flag, core not in title: \b(sensor network|wireless|5g|6g|edge co"
C17,W7163685783,2026,Comparative Analysis of Cybersecurity Threats and Privacy Preservation Frameworks in Heterogeneous IoT Ecosystems: A Data-Driven Evaluation Using the CICIoT2023 Dataset,include,rules
C17,W7164513734,2026,PROTECTION AND RESILIENCE MODEL FOR QUANTUM REPEATERS,include,rules
C17,W7155563194,2026,Architecture of a sustainable future: Smart building as a synthesis of technology and nature,exclude,"flag, core not in title: \b(deep learning|neural network|convolut"
C17,W3152804902,2021,"Data Science and Analytics: An Overview from Data-Driven Smart Computing, Decision-Making and Applications Perspective",exclude,core concept missing
C17,W4405754402,2024,Securing Urban Landscape: Cybersecurity Mechanisms for Resilient Smart Cities,borderline,flag: \b(deep learning|neural network|convolut
C17,W7150988041,2026,Green AI architectures: Navigating the security–sustainability paradox in critical infrastructure protection,include,rules
C17,W7163813433,2026,Digital India and the Decline of Cash: Study of Urban Payment Habits,borderline,core concept mentioned once
C17,W4409346815,2025,Challenges in urban air mobility implementation: A comparative analysis of barriers in Germany and the United States,borderline,core concept mentioned once
C17,W2796215551,2018,IIoT Cybersecurity Risk Modeling for SCADA Systems,include,rules
C17,W7104537826,2025,Challenges to Homeland Security in Countering Latent Hybrid Threats During the War in Ukraine: The Case of Estonia,exclude,core concept missing
C17,W4413215495,2025,"Türkiye’s Cybersecurity, Critical Infrastructure, and National Resilience in a Technopolar World Order",include,rules
C17,W7164331057,2026,Advance Computer Digital Technologies,exclude,"flag, core not in title: \b(sensor network|wireless|5g|6g|edge co"
C17,W4412474026,2021,Next-Generation Business Intelligence Systems for Streamlining Decision Cycles in Government Health Infrastructure,include,rules
C17,W4407885225,2021,Cybersecurity challenges in IoT-connected smart city infrastructure,include,rules
C17,W2981883490,2019,"Towards Next Generation Teaching, Learning, and Context-Aware Applications for Higher Education: A Review on Blockchain, IoT, Fog and Edge Computing Enabled Smart Campuses and Universities",exclude,"flag, core not in title: \b(sensor network|wireless|5g|6g|edge co"
C17,W7159863441,2026,Smart city dimension prioritization in developing countries: an institutional theory-grounded hybrid MCDM approach,exclude,"flag, core not in title: \b(sensor network|wireless|5g|6g|edge co"
C17,W7109738409,2025,Advancing National Cybersecurity Resilience: Integrating Zero Trust Architecture and Secure Access Service Edge for Protecting Critical Cloud and Network Infrastructure,borderline,flag: \b(sensor network|wireless|5g|6g|edge co
C17,W7127633701,2026,AI-Powered IoT Security Framework Using Blockchain and Cloud Integration,exclude,"core mentioned once, not in keyword tags"
C17,W4408266798,2025,IT Policy Analysis using Keyword Network Analysis: Pakistan Case Study,exclude,"flag, core not in title: \b(sensor network|wireless|5g|6g|edge co"
C17,W7134226072,2026,Legislating the smart municipality: a legal framework for 4IR-enabled local governance in South Africa,exclude,"core mentioned once, not in keyword tags"
C17,W3164792025,2021,Developed security and privacy algorithms for cyber physical system,borderline,flag: \b(sensor network|wireless|5g|6g|edge co
C18,W4283322362,2022,Pemantauan Tumbuh Kembang Balita di Posyandu Berbasis Web dengan WhatsApp Api,exclude,context terms missing
C18,W7204054806,2026,Users' Assessment of WhatsApp Digital Platforms On Burial Fundraising in Enugu South Local Government Area,exclude,context terms missing
C18,W4225834976,2022,"Using WhatsApp Focus Group Discussions for Qualitative Data Collection: Exploring Knowledge, Attitudes, and Perceptions of COVID-19 in Singapore",exclude,context terms missing
C18,W4382241858,2023,PELATIHAN PEMBUATAN SOAL DENGAN MENGGUNAKAN APLIKASI GOOGLE FORM PADA GURU SD INPRES 12 PRAFI MANOKWARI,exclude,"flag, core not in title: \b(medical|clinical|patients?|students?|"
C18,W3038393097,2020,Defining the Recovery,exclude,core concept missing
C18,W2772251183,2017,Pararchive and Island Stories: collaborative co-design and community digital heritage on the Isle of Bute,exclude,context terms missing
C18,W4401379196,2024,Strategi Komunikasi Lembaga Nazhir Wakaf Dalam Mensosialisasikan Program Wakaf Produktif Kepada Umat Islam,exclude,context terms missing
C18,W4407019499,2025,Beyond healthcare: How Banyuwangi's Bumil Risti program utilizes digitalization to empower rural communities,exclude,core concept missing
C18,W7163007211,2026,The Politics of Digital Private Messaging,include,rules
C18,W4393075150,2024,"THE INFLUENCE OF YOUTUBE CONTENT ON MOBILE LEGENDS ON THE INTEREST IN E-SPORTS TOURNAMENTS AMONG ADOLESCENTS IN JAGAKARSA, SOUTH JAKARTA",exclude,"core mentioned once, not in keyword tags"
C18,W2762911267,2017,VISION: a video and image dataset for source identification,exclude,context terms missing
C18,W7168025921,2026,Pemanfaatan E-Catalog Sebagai Media Promosi Produk Kerajinan Rotan di Desa Tumbang Nusa,exclude,context terms missing
C18,W2973388730,2019,A Prospective Review of a Novel Electronic Journal Club Format in an Orthopedic Residency Unit,exclude,core concept missing
C18,W3158256954,2021,Health Care Professionals in the Digital Landscape in India,exclude,"flag, core not in title: \b(patients?|clinical|randomi[sz]ed|prev"
C18,W3174614336,2021,Evaluating a mobile-based short virtual course on family planning for frontline health workers in India,exclude,context terms missing
C18,W3119043073,2020,Determining Community Lifestyle in Sumatra Island during COVID-19 Pandemic Time,exclude,"flag, core not in title: \b(patients?|clinical|randomi[sz]ed|prev"
C18,W2605891218,2017,Cohort Profile: African Collaborative Center for Microbiome and Genomics Research’s (ACCME's) Human Papillomavirus (HPV) and Cervical Cancer Study,exclude,core concept missing
C18,W7217545363,2024,The Effect of Strabismus (Vision) in Children,exclude,"core mentioned once, not in keyword tags"
C18,W4313329307,2022,Informational Resources Transformation of Ukrainian Public Libraries Current Conditions,exclude,context terms missing
C18,W2905700402,2018,PENGGUNAAN BAHASA MAHASISWA MULTIETNIK DALAM MEDIA SOSIAL (THE USE OF LANGUAGE OF UNIVERSITY STUDENTS IN SOCIAL MEDIA),exclude,"flag, core not in title: \b(medical|clinical|patients?|students?|"
C18,W3184015314,2021,PEYULUHAN DAN PENDAMPINGAN PENGGUNAAN SISTEM MEDIA SOSIAL IBU-IBU RUMAH TANGGA DALAM MENINGKATKAN OMSET PENJUALAN PRODUK CEMILAN KHAS NUSANTARA DI DESA SUKA MAJU KECAMATAN SUNGGAL KABUPATEN DELI SERDANG SUMATERA UTARA,exclude,context terms missing
C18,W7213947822,2021,PELATIHAN PENGEMBANGAN MEDIA PEMBELAJARAN BERBASIS DARING DI ERA NEW NORMAL PADA GURU SMA NEGERI 2 DEWANTARA,exclude,"flag, core not in title: \b(medical|clinical|patients?|students?|"
C18,W7155625453,2026,CampusKart a Student MarketPlace,exclude,"flag, core not in title: \b(medical|clinical|patients?|students?|"
C18,W3193335590,2021,Preparing A University Hospital Neonatal Intensive Care Unit for Covid-19 Pandemic and Country Lockdown,exclude,"flag, core not in title: \b(sensor network|wireless|5g|6g|edge co"
C18,W7216523394,2023,EDUCAÇÃO E PANDEMIA: COM A PALAVRA PROFESSORES DA REDE ESTADUAL DO MARANHÃO,exclude,"flag, core not in title: \b(medical|clinical|patients?|students?|"
C18,W7215886162,2025,INOVASI PELAYANAN ADMINISTRASI MELALUI WHATSAPP (PANDAWA) PADA BPJS KESEHATAN KOTA PALOPO,include,rules
C18,W7203586996,2026,"Pelatihan Dan Pendampingan Bagi Pelaku Usaha Mikro Kecil Untuk Memperkuat Kapasitas, Inovasi Dan Pemasaran Produk Berbasis Digitalisasi Di Desa Kalawat Kecamatan Kalawat",include,rules
C18,W4388428199,2023,Budidaya Ikan Lele dan Patin Guna Meningkatkan Perekonomian Melalui Program Inovasi Desa,exclude,"flag, core not in title: \b(medical|clinical|patients?|students?|"
C18,W4412809885,2025,"Pendampingan Strategi Pemasaran Digital bagi UMKM “DnD Donat” di Kecamatan Dlanggu, Kabupaten Mojokerto sebagai Upaya Peningkatan Daya Saing",exclude,context terms missing
C18,W7172426957,2026,Platforms in and Across Markets,exclude,context terms missing
C18,W3008849340,2020,"Cohort profile: the Maternal and Child Health and Nutrition in Acre, Brazil, birth cohort study (MINA-Brazil)",exclude,"flag, core not in title: \b(patients?|clinical|randomi[sz]ed|prev"
C18,W3184039923,2021,Impact of Foot Care Education Program Using WhatsApp Group on Knowledge and Foot Care Practice in Diabetic Patients,borderline,flag: \b(patients?|clinical|randomi[sz]ed|prev
C18,W7220050323,2025,"Koordinasi Tim Operator Sekolah Dalam Penanganan Cyberbullying Diplatform Whatsapp Melalui Manajemen Teknologi Informasi Pada Sekolah Menengah Atas Negeri Klakah, Lumajang",borderline,flag: \b(medical|clinical|patients?|students?|
C18,W4403645354,2024,Improving Digital Literacy of Village Communities in Indonesia through Information Technology-Based Community Service Programs,exclude,context terms missing
C18,W4389531821,2022,Information pandemic,exclude,"flag, core not in title: \b(patients?|clinical|randomi[sz]ed|prev"
C18,W4407008401,2025,Social Networks and Their Impact on Higher Education,exclude,"flag, core not in title: \b(medical|clinical|patients?|students?|"
C18,W7217403724,2024,The Effect of Watching Mobile Clips on Vision for Children and Adult,exclude,"core mentioned once, not in keyword tags"
C18,W4415363900,2025,"Disaster communication in the digital age: a community-based case study of media, education, and local knowledge in Pangandaran, Indonesia",exclude,context terms missing
C18,W4403565372,2024,Postpartum Hemorrhage in Humanitarian Settings: Implementation Insights from Using Heat-Stable Carbetocin and Tranexamic Acid,exclude,"flag, core not in title: \b(patients?|clinical|randomi[sz]ed|prev"
C18,W2919524183,2018,Strategi Marketing Mix De Majestic Bandung,include,rules
