utc,label,status,cost_usd,credits_this_call,credits_remaining,cache_file
2026-10-08T09:44:38+00:00,A1,200,0.001,10,9590,data/raw/api/search_A1_landmarks.json.gz
2026-10-08T09:44:38+00:00,A1,200,0.001,10,9580,data/raw/api/search_A1_recent_q1.json.gz
2026-10-08T09:44:39+00:00,A1,200,0.001,10,9570,data/raw/api/search_A1_recent_q2.json.gz
2026-10-08T09:44:40+00:00,A1,200,0.001,10,9560,data/raw/api/search_A1_recent_q3.json.gz
2026-10-08T09:44:40+00:00,A1,200,0.001,10,9550,data/raw/api/search_A1_recent_q4.json.gz
2026-10-08T09:44:41+00:00,A1,200,0.001,10,9540,data/raw/api/search_A1_india_q1.json.gz
2026-10-08T09:44:42+00:00,A1,200,0.001,10,9530,data/raw/api/search_A1_india_q2.json.gz
2026-10-08T09:44:43+00:00,A1,200,0.001,10,9520,data/raw/api/search_A1_india_q3.json.gz
2026-10-08T09:44:44+00:00,A1,200,0.001,10,9510,data/raw/api/search_A1_india_q4.json.gz
2026-10-08T09:45:33+00:00,A1,200,0.001,10,9500,data/raw/api/search_A1_landmarks.json.gz
2026-10-08T09:45:34+00:00,A1,200,0.001,10,9490,data/raw/api/search_A1_recent_q1.json.gz
2026-10-08T09:45:34+00:00,A1,200,0.001,10,9480,data/raw/api/search_A1_recent_q2.json.gz
2026-10-08T09:45:35+00:00,A1,200,0.001,10,9470,data/raw/api/search_A1_recent_q3.json.gz
2026-10-08T09:45:36+00:00,A1,200,0.001,10,9460,data/raw/api/search_A1_recent_q4.json.gz
2026-10-08T09:45:37+00:00,A1,200,0.001,10,9450,data/raw/api/search_A1_india_q1.json.gz
2026-10-08T09:45:38+00:00,A1,200,0.001,10,9440,data/raw/api/search_A1_india_q2.json.gz
2026-10-08T09:45:39+00:00,A1,200,0.001,10,9430,data/raw/api/search_A1_india_q3.json.gz
2026-10-08T09:45:39+00:00,A1,200,0.001,10,9420,data/raw/api/search_A1_india_q4.json.gz
2026-10-08T09:47:45+00:00,A2,200,0.001,10,9410,data/raw/api/search_A2_landmarks.json.gz
2026-10-08T09:47:45+00:00,A2,200,0.001,10,9400,data/raw/api/search_A2_recent_q1.json.gz
2026-10-08T09:47:46+00:00,A2,200,0.001,10,9390,data/raw/api/search_A2_recent_q2.json.gz
2026-10-08T09:47:47+00:00,A2,200,0.001,10,9380,data/raw/api/search_A2_recent_q3.json.gz
2026-10-08T09:47:47+00:00,A2,200,0.001,10,9370,data/raw/api/search_A2_recent_q4.json.gz
2026-10-08T09:47:48+00:00,A2,200,0.001,10,9360,data/raw/api/search_A2_india_q1.json.gz
2026-10-08T09:47:49+00:00,A2,200,0.001,10,9350,data/raw/api/search_A2_india_q2.json.gz
2026-10-08T09:47:50+00:00,A2,200,0.001,10,9340,data/raw/api/search_A2_india_q3.json.gz
2026-10-08T09:47:51+00:00,A2,200,0.001,10,9330,data/raw/api/search_A2_india_q4.json.gz
2026-10-08T09:47:53+00:00,A3,200,0.001,10,9320,data/raw/api/search_A3_landmarks.json.gz
2026-10-08T09:47:53+00:00,A3,200,0.001,10,9310,data/raw/api/search_A3_recent_q1.json.gz
2026-10-08T09:47:54+00:00,A3,200,0.001,10,9300,data/raw/api/search_A3_recent_q2.json.gz
2026-10-08T09:47:54+00:00,A3,200,0.001,10,9290,data/raw/api/search_A3_recent_q3.json.gz
2026-10-08T09:47:55+00:00,A3,200,0.001,10,9280,data/raw/api/search_A3_recent_q4.json.gz
2026-10-08T09:47:56+00:00,A3,200,0.001,10,9270,data/raw/api/search_A3_india_q1.json.gz
2026-10-08T09:47:57+00:00,A3,200,0.001,10,9260,data/raw/api/search_A3_india_q2.json.gz
2026-10-08T09:47:57+00:00,A3,200,0.001,10,9250,data/raw/api/search_A3_india_q3.json.gz
2026-10-08T09:47:58+00:00,A3,200,0.001,10,9240,data/raw/api/search_A3_india_q4.json.gz
2026-10-08T09:48:00+00:00,A4,200,0.001,10,9230,data/raw/api/search_A4_landmarks.json.gz
2026-10-08T09:48:01+00:00,A4,200,0.001,10,9220,data/raw/api/search_A4_recent_q1.json.gz
2026-10-08T09:48:02+00:00,A4,200,0.001,10,9210,data/raw/api/search_A4_recent_q2.json.gz
2026-10-08T09:48:03+00:00,A4,200,0.001,10,9200,data/raw/api/search_A4_recent_q3.json.gz
2026-10-08T09:48:04+00:00,A4,200,0.001,10,9190,data/raw/api/search_A4_recent_q4.json.gz
2026-10-08T09:48:04+00:00,A4,200,0.001,10,9180,data/raw/api/search_A4_india_q1.json.gz
2026-10-08T09:48:05+00:00,A4,200,0.001,10,9170,data/raw/api/search_A4_india_q2.json.gz
2026-10-08T09:48:05+00:00,A4,200,0.001,10,9160,data/raw/api/search_A4_india_q3.json.gz
2026-10-08T09:48:06+00:00,A4,200,0.001,10,9150,data/raw/api/search_A4_india_q4.json.gz
2026-10-08T09:48:08+00:00,A5,200,0.001,10,9140,data/raw/api/search_A5_landmarks.json.gz
2026-10-08T09:48:08+00:00,A5,200,0.001,10,9130,data/raw/api/search_A5_recent_q1.json.gz
2026-10-08T09:48:09+00:00,A5,200,0.001,10,9120,data/raw/api/search_A5_recent_q2.json.gz
2026-10-08T09:48:09+00:00,A5,200,0.001,10,9110,data/raw/api/search_A5_recent_q3.json.gz
2026-10-08T09:48:10+00:00,A5,200,0.001,10,9100,data/raw/api/search_A5_recent_q4.json.gz
2026-10-08T09:48:10+00:00,A5,200,0.001,10,9090,data/raw/api/search_A5_recent_q5.json.gz
2026-10-08T09:48:11+00:00,A5,200,0.001,10,9080,data/raw/api/search_A5_india_q1.json.gz
2026-10-08T09:48:11+00:00,A5,200,0.001,10,9070,data/raw/api/search_A5_india_q2.json.gz
2026-10-08T09:48:12+00:00,A5,200,0.001,10,9060,data/raw/api/search_A5_india_q3.json.gz
2026-10-08T09:48:12+00:00,A5,200,0.001,10,9050,data/raw/api/search_A5_india_q4.json.gz
2026-10-08T09:48:13+00:00,A5,200,0.001,10,9040,data/raw/api/search_A5_india_q5.json.gz
2026-10-08T09:48:15+00:00,A6,200,0.001,10,9030,data/raw/api/search_A6_landmarks.json.gz
2026-10-08T09:48:15+00:00,A6,200,0.001,10,9020,data/raw/api/search_A6_recent_q1.json.gz
2026-10-08T09:48:16+00:00,A6,200,0.001,10,9010,data/raw/api/search_A6_recent_q2.json.gz
2026-10-08T09:48:17+00:00,A6,200,0.001,10,9000,data/raw/api/search_A6_recent_q3.json.gz
2026-10-08T09:48:17+00:00,A6,200,0.001,10,8990,data/raw/api/search_A6_recent_q4.json.gz
2026-10-08T09:48:18+00:00,A6,200,0.001,10,8980,data/raw/api/search_A6_india_q1.json.gz
2026-10-08T09:48:18+00:00,A6,200,0.001,10,8970,data/raw/api/search_A6_india_q2.json.gz
2026-10-08T09:48:19+00:00,A6,200,0.001,10,8960,data/raw/api/search_A6_india_q3.json.gz
2026-10-08T09:48:19+00:00,A6,200,0.001,10,8950,data/raw/api/search_A6_india_q4.json.gz
2026-10-08T09:48:21+00:00,A7,200,0.001,10,8940,data/raw/api/search_A7_landmarks.json.gz
2026-10-08T09:48:22+00:00,A7,200,0.001,10,8930,data/raw/api/search_A7_recent_q1.json.gz
2026-10-08T09:48:23+00:00,A7,200,0.001,10,8920,data/raw/api/search_A7_recent_q2.json.gz
2026-10-08T09:48:23+00:00,A7,200,0.001,10,8910,data/raw/api/search_A7_recent_q3.json.gz
2026-10-08T09:48:24+00:00,A7,200,0.001,10,8900,data/raw/api/search_A7_recent_q4.json.gz
2026-10-08T09:48:24+00:00,A7,200,0.001,10,8890,data/raw/api/search_A7_recent_q5.json.gz
2026-10-08T09:48:25+00:00,A7,200,0.001,10,8880,data/raw/api/search_A7_india_q1.json.gz
2026-10-08T09:48:25+00:00,A7,200,0.001,10,8870,data/raw/api/search_A7_india_q2.json.gz
2026-10-08T09:48:26+00:00,A7,200,0.001,10,8860,data/raw/api/search_A7_india_q3.json.gz
2026-10-08T09:48:26+00:00,A7,200,0.001,10,8850,data/raw/api/search_A7_india_q4.json.gz
2026-10-08T09:48:27+00:00,A7,200,0.001,10,8840,data/raw/api/search_A7_india_q5.json.gz
2026-10-08T09:48:29+00:00,A8,200,0.001,10,8830,data/raw/api/search_A8_landmarks.json.gz
2026-10-08T09:48:29+00:00,A8,200,0.001,10,8820,data/raw/api/search_A8_recent_q1.json.gz
2026-10-08T09:48:30+00:00,A8,200,0.001,10,8810,data/raw/api/search_A8_recent_q2.json.gz
2026-10-08T09:48:30+00:00,A8,200,0.001,10,8800,data/raw/api/search_A8_recent_q3.json.gz
2026-10-08T09:48:31+00:00,A8,200,0.001,10,8790,data/raw/api/search_A8_recent_q4.json.gz
2026-10-08T09:48:31+00:00,A8,200,0.001,10,8780,data/raw/api/search_A8_recent_q5.json.gz
2026-10-08T09:48:32+00:00,A8,200,0.001,10,8770,data/raw/api/search_A8_india_q1.json.gz
2026-10-08T09:48:32+00:00,A8,200,0.001,10,8760,data/raw/api/search_A8_india_q2.json.gz
2026-10-08T09:48:33+00:00,A8,200,0.001,10,8750,data/raw/api/search_A8_india_q3.json.gz
2026-10-08T09:48:33+00:00,A8,200,0.001,10,8740,data/raw/api/search_A8_india_q4.json.gz
2026-10-08T09:48:34+00:00,A8,200,0.001,10,8730,data/raw/api/search_A8_india_q5.json.gz
2026-10-08T09:49:38+00:00,A2,200,0.001,10,8720,data/raw/api/search_A2_landmarks.json.gz
2026-10-08T09:49:38+00:00,A2,200,0.001,10,8710,data/raw/api/search_A2_recent_q3.json.gz
2026-10-08T09:49:40+00:00,A2,200,0.001,10,8700,data/raw/api/search_A2_india_q3.json.gz
2026-10-08T09:51:29+00:00,A6,200,0.001,10,8690,data/raw/api/search_A6_landmarks_p2.json.gz
2026-10-08T09:52:28+00:00,A9,200,0.001,10,8680,data/raw/api/search_A9_recent_q1.json.gz
2026-10-08T09:52:28+00:00,A9,200,0.001,10,8670,data/raw/api/search_A9_recent_q2.json.gz
2026-10-08T09:52:29+00:00,A9,200,0.001,10,8660,data/raw/api/search_A9_recent_q3.json.gz
2026-10-08T09:52:30+00:00,A9,200,0.001,10,8650,data/raw/api/search_A9_recent_q4.json.gz
2026-10-08T09:52:30+00:00,A9,200,0.001,10,8640,data/raw/api/search_A9_recent_q5.json.gz
2026-10-08T09:52:31+00:00,A9,200,0.001,10,8630,data/raw/api/search_A9_india_q1.json.gz
2026-10-08T09:52:32+00:00,A9,200,0.001,10,8620,data/raw/api/search_A9_india_q2.json.gz
2026-10-08T09:52:33+00:00,A9,200,0.001,10,8610,data/raw/api/search_A9_india_q3.json.gz
2026-10-08T09:52:34+00:00,A9,200,0.001,10,8600,data/raw/api/search_A9_india_q4.json.gz
2026-10-08T09:52:35+00:00,A9,200,0.001,10,8590,data/raw/api/search_A9_india_q5.json.gz
2026-10-08T09:52:36+00:00,A10,200,0.001,10,8580,data/raw/api/search_A10_landmarks.json.gz
2026-10-08T09:52:37+00:00,A10,200,0.001,10,8570,data/raw/api/search_A10_recent_q1.json.gz
2026-10-08T09:52:37+00:00,A10,200,0.001,10,8560,data/raw/api/search_A10_recent_q2.json.gz
2026-10-08T09:52:38+00:00,A10,200,0.001,10,8550,data/raw/api/search_A10_recent_q3.json.gz
2026-10-08T09:52:38+00:00,A10,200,0.001,10,8540,data/raw/api/search_A10_recent_q4.json.gz
2026-10-08T09:52:39+00:00,A10,200,0.001,10,8530,data/raw/api/search_A10_recent_q5.json.gz
2026-10-08T09:52:40+00:00,A10,200,0.001,10,8520,data/raw/api/search_A10_india_q1.json.gz
2026-10-08T09:52:40+00:00,A10,200,0.001,10,8510,data/raw/api/search_A10_india_q2.json.gz
2026-10-08T09:52:41+00:00,A10,200,0.001,10,8500,data/raw/api/search_A10_india_q3.json.gz
2026-10-08T09:52:42+00:00,A10,200,0.001,10,8490,data/raw/api/search_A10_india_q4.json.gz
2026-10-08T09:52:42+00:00,A10,200,0.001,10,8480,data/raw/api/search_A10_india_q5.json.gz
2026-10-08T09:52:44+00:00,A11,200,0.001,10,8470,data/raw/api/search_A11_landmarks.json.gz
2026-10-08T09:52:44+00:00,A11,200,0.001,10,8460,data/raw/api/search_A11_recent_q1.json.gz
2026-10-08T09:52:45+00:00,A11,200,0.001,10,8450,data/raw/api/search_A11_recent_q2.json.gz
2026-10-08T09:52:45+00:00,A11,200,0.001,10,8440,data/raw/api/search_A11_recent_q3.json.gz
2026-10-08T09:52:46+00:00,A11,200,0.001,10,8430,data/raw/api/search_A11_recent_q4.json.gz
2026-10-08T09:52:47+00:00,A11,200,0.001,10,8420,data/raw/api/search_A11_india_q1.json.gz
2026-10-08T09:52:47+00:00,A11,200,0.001,10,8410,data/raw/api/search_A11_india_q2.json.gz
2026-10-08T09:52:48+00:00,A11,200,0.001,10,8400,data/raw/api/search_A11_india_q3.json.gz
2026-10-08T09:52:48+00:00,A11,200,0.001,10,8390,data/raw/api/search_A11_india_q4.json.gz
2026-10-08T09:52:50+00:00,A12,200,0.001,10,8380,data/raw/api/search_A12_landmarks.json.gz
2026-10-08T09:52:51+00:00,A12,200,0.001,10,8370,data/raw/api/search_A12_recent_q1.json.gz
2026-10-08T09:52:52+00:00,A12,200,0.001,10,8360,data/raw/api/search_A12_recent_q2.json.gz
2026-10-08T09:52:52+00:00,A12,200,0.001,10,8350,data/raw/api/search_A12_recent_q3.json.gz
2026-10-08T09:52:52+00:00,A12,200,0.001,10,8340,data/raw/api/search_A12_recent_q4.json.gz
2026-10-08T09:52:53+00:00,A12,200,0.001,10,8330,data/raw/api/search_A12_recent_q5.json.gz
2026-10-08T09:52:54+00:00,A12,200,0.001,10,8320,data/raw/api/search_A12_india_q1.json.gz
2026-10-08T09:52:54+00:00,A12,200,0.001,10,8310,data/raw/api/search_A12_india_q2.json.gz
2026-10-08T09:52:55+00:00,A12,200,0.001,10,8300,data/raw/api/search_A12_india_q3.json.gz
2026-10-08T09:52:55+00:00,A12,200,0.001,10,8290,data/raw/api/search_A12_india_q4.json.gz
2026-10-08T09:52:56+00:00,A12,200,0.001,10,8280,data/raw/api/search_A12_india_q5.json.gz
2026-10-08T09:52:57+00:00,A13,200,0.001,10,8270,data/raw/api/search_A13_landmarks.json.gz
2026-10-08T09:52:58+00:00,A13,200,0.001,10,8260,data/raw/api/search_A13_recent_q1.json.gz
2026-10-08T09:52:58+00:00,A13,200,0.001,10,8250,data/raw/api/search_A13_recent_q2.json.gz
2026-10-08T09:52:59+00:00,A13,200,0.001,10,8240,data/raw/api/search_A13_recent_q3.json.gz
2026-10-08T09:52:59+00:00,A13,200,0.001,10,8230,data/raw/api/search_A13_recent_q4.json.gz
2026-10-08T09:53:00+00:00,A13,200,0.001,10,8220,data/raw/api/search_A13_india_q1.json.gz
2026-10-08T09:53:01+00:00,A13,200,0.001,10,8210,data/raw/api/search_A13_india_q2.json.gz
2026-10-08T09:53:01+00:00,A13,200,0.001,10,8200,data/raw/api/search_A13_india_q3.json.gz
2026-10-08T09:53:01+00:00,A13,200,0.001,10,8190,data/raw/api/search_A13_india_q4.json.gz
2026-10-08T09:53:03+00:00,A14,200,0.001,10,8180,data/raw/api/search_A14_landmarks.json.gz
2026-10-08T09:53:04+00:00,A14,200,0.001,10,8170,data/raw/api/search_A14_recent_q1.json.gz
2026-10-08T09:53:04+00:00,A14,200,0.001,10,8160,data/raw/api/search_A14_recent_q2.json.gz
2026-10-08T09:53:05+00:00,A14,200,0.001,10,8150,data/raw/api/search_A14_recent_q3.json.gz
2026-10-08T09:53:05+00:00,A14,200,0.001,10,8140,data/raw/api/search_A14_recent_q4.json.gz
2026-10-08T09:53:06+00:00,A14,200,0.001,10,8130,data/raw/api/search_A14_recent_q5.json.gz
2026-10-08T09:53:06+00:00,A14,200,0.001,10,8120,data/raw/api/search_A14_india_q1.json.gz
2026-10-08T09:53:07+00:00,A14,200,0.001,10,8110,data/raw/api/search_A14_india_q2.json.gz
2026-10-08T09:53:07+00:00,A14,200,0.001,10,8100,data/raw/api/search_A14_india_q3.json.gz
2026-10-08T09:53:08+00:00,A14,200,0.001,10,8090,data/raw/api/search_A14_india_q4.json.gz
2026-10-08T09:53:08+00:00,A14,200,0.001,10,8080,data/raw/api/search_A14_india_q5.json.gz
2026-10-08T09:53:10+00:00,A15,200,0.001,10,8070,data/raw/api/search_A15_landmarks.json.gz
2026-10-08T09:53:10+00:00,A15,200,0.001,10,8060,data/raw/api/search_A15_recent_q1.json.gz
2026-10-08T09:53:11+00:00,A15,200,0.001,10,8050,data/raw/api/search_A15_recent_q2.json.gz
2026-10-08T09:53:11+00:00,A15,200,0.001,10,8040,data/raw/api/search_A15_recent_q3.json.gz
2026-10-08T09:53:12+00:00,A15,200,0.001,10,8030,data/raw/api/search_A15_recent_q4.json.gz
2026-10-08T09:53:12+00:00,A15,200,0.001,10,8020,data/raw/api/search_A15_india_q1.json.gz
2026-10-08T09:53:13+00:00,A15,200,0.001,10,8010,data/raw/api/search_A15_india_q2.json.gz
2026-10-08T09:53:13+00:00,A15,200,0.001,10,8000,data/raw/api/search_A15_india_q3.json.gz
2026-10-08T09:53:14+00:00,A15,200,0.001,10,7990,data/raw/api/search_A15_india_q4.json.gz
2026-10-08T09:53:16+00:00,A16,200,0.001,10,7980,data/raw/api/search_A16_landmarks.json.gz
2026-10-08T09:53:17+00:00,A16,200,0.001,10,7970,data/raw/api/search_A16_recent_q1.json.gz
2026-10-08T09:53:17+00:00,A16,200,0.001,10,7960,data/raw/api/search_A16_recent_q2.json.gz
2026-10-08T09:53:18+00:00,A16,200,0.001,10,7950,data/raw/api/search_A16_recent_q3.json.gz
2026-10-08T09:53:18+00:00,A16,200,0.001,10,7940,data/raw/api/search_A16_india_q1.json.gz
2026-10-08T09:53:19+00:00,A16,200,0.001,10,7930,data/raw/api/search_A16_india_q2.json.gz
2026-10-08T09:53:20+00:00,A16,200,0.001,10,7920,data/raw/api/search_A16_india_q3.json.gz
2026-10-08T09:56:16+00:00,B5,200,0.001,10,7910,data/raw/api/search_B5_recent_q1.json.gz
2026-10-08T09:56:17+00:00,B5,200,0.001,10,7900,data/raw/api/search_B5_recent_q2.json.gz
2026-10-08T09:56:18+00:00,B5,200,0.001,10,7890,data/raw/api/search_B5_recent_q3.json.gz
2026-10-08T09:56:19+00:00,B5,200,0.001,10,7880,data/raw/api/search_B5_india_q1.json.gz
2026-10-08T09:56:20+00:00,B5,200,0.001,10,7870,data/raw/api/search_B5_india_q2.json.gz
2026-10-08T09:56:21+00:00,B5,200,0.001,10,7860,data/raw/api/search_B5_india_q3.json.gz
2026-10-08T09:56:22+00:00,B1,200,0.001,10,7850,data/raw/api/search_B1_landmarks.json.gz
2026-10-08T09:56:23+00:00,B1,200,0.001,10,7840,data/raw/api/search_B1_recent_q1.json.gz
2026-10-08T09:56:23+00:00,B1,200,0.001,10,7830,data/raw/api/search_B1_recent_q2.json.gz
2026-10-08T09:56:24+00:00,B1,200,0.001,10,7820,data/raw/api/search_B1_recent_q3.json.gz
2026-10-08T09:56:25+00:00,B1,200,0.001,10,7810,data/raw/api/search_B1_india_q1.json.gz
2026-10-08T09:56:25+00:00,B1,200,0.001,10,7800,data/raw/api/search_B1_india_q2.json.gz
2026-10-08T09:56:26+00:00,B1,200,0.001,10,7790,data/raw/api/search_B1_india_q3.json.gz
2026-10-08T09:56:28+00:00,B2,200,0.001,10,7780,data/raw/api/search_B2_landmarks.json.gz
2026-10-08T09:56:28+00:00,B2,200,0.001,10,7770,data/raw/api/search_B2_recent_q1.json.gz
2026-10-08T09:56:29+00:00,B2,200,0.001,10,7760,data/raw/api/search_B2_recent_q2.json.gz
2026-10-08T09:56:29+00:00,B2,200,0.001,10,7750,data/raw/api/search_B2_recent_q3.json.gz
2026-10-08T09:56:30+00:00,B2,200,0.001,10,7740,data/raw/api/search_B2_recent_q4.json.gz
2026-10-08T09:56:31+00:00,B2,200,0.001,10,7730,data/raw/api/search_B2_india_q1.json.gz
2026-10-08T09:56:31+00:00,B2,200,0.001,10,7720,data/raw/api/search_B2_india_q2.json.gz
2026-10-08T09:56:32+00:00,B2,200,0.001,10,7710,data/raw/api/search_B2_india_q3.json.gz
2026-10-08T09:56:33+00:00,B2,200,0.001,10,7700,data/raw/api/search_B2_india_q4.json.gz
2026-10-08T09:56:34+00:00,B3,200,0.001,10,7690,data/raw/api/search_B3_landmarks.json.gz
2026-10-08T09:56:35+00:00,B3,200,0.001,10,7680,data/raw/api/search_B3_recent_q1.json.gz
2026-10-08T09:56:35+00:00,B3,200,0.001,10,7670,data/raw/api/search_B3_recent_q2.json.gz
2026-10-08T09:56:36+00:00,B3,200,0.001,10,7660,data/raw/api/search_B3_recent_q3.json.gz
2026-10-08T09:56:36+00:00,B3,200,0.001,10,7650,data/raw/api/search_B3_india_q1.json.gz
2026-10-08T09:56:37+00:00,B3,200,0.001,10,7640,data/raw/api/search_B3_india_q2.json.gz
2026-10-08T09:56:37+00:00,B3,200,0.001,10,7630,data/raw/api/search_B3_india_q3.json.gz
2026-10-08T09:56:39+00:00,B4,200,0.001,10,7620,data/raw/api/search_B4_landmarks.json.gz
2026-10-08T09:56:39+00:00,B4,200,0.001,10,7610,data/raw/api/search_B4_recent_q1.json.gz
2026-10-08T09:56:40+00:00,B4,200,0.001,10,7600,data/raw/api/search_B4_recent_q2.json.gz
2026-10-08T09:56:40+00:00,B4,200,0.001,10,7590,data/raw/api/search_B4_recent_q3.json.gz
2026-10-08T09:56:41+00:00,B4,200,0.001,10,7580,data/raw/api/search_B4_recent_q4.json.gz
2026-10-08T09:56:41+00:00,B4,200,0.001,10,7570,data/raw/api/search_B4_india_q1.json.gz
2026-10-08T09:56:42+00:00,B4,200,0.001,10,7560,data/raw/api/search_B4_india_q2.json.gz
2026-10-08T09:56:42+00:00,B4,200,0.001,10,7550,data/raw/api/search_B4_india_q3.json.gz
2026-10-08T09:56:43+00:00,B4,200,0.001,10,7540,data/raw/api/search_B4_india_q4.json.gz
2026-10-08T09:56:44+00:00,B6,200,0.001,10,7530,data/raw/api/search_B6_landmarks.json.gz
2026-10-08T09:56:45+00:00,B6,200,0.001,10,7520,data/raw/api/search_B6_recent_q1.json.gz
2026-10-08T09:56:46+00:00,B6,200,0.001,10,7510,data/raw/api/search_B6_recent_q2.json.gz
2026-10-08T09:56:46+00:00,B6,200,0.001,10,7500,data/raw/api/search_B6_recent_q3.json.gz
2026-10-08T09:56:47+00:00,B6,200,0.001,10,7490,data/raw/api/search_B6_recent_q4.json.gz
2026-10-08T09:56:47+00:00,B6,200,0.001,10,7480,data/raw/api/search_B6_india_q1.json.gz
2026-10-08T09:56:48+00:00,B6,200,0.001,10,7470,data/raw/api/search_B6_india_q2.json.gz
2026-10-08T09:56:48+00:00,B6,200,0.001,10,7460,data/raw/api/search_B6_india_q3.json.gz
2026-10-08T09:56:49+00:00,B6,200,0.001,10,7450,data/raw/api/search_B6_india_q4.json.gz
2026-10-08T09:56:50+00:00,B7,200,0.001,10,7440,data/raw/api/search_B7_landmarks.json.gz
2026-10-08T09:56:51+00:00,B7,200,0.001,10,7430,data/raw/api/search_B7_recent_q1.json.gz
2026-10-08T09:56:51+00:00,B7,200,0.001,10,7420,data/raw/api/search_B7_recent_q2.json.gz
2026-10-08T09:56:52+00:00,B7,200,0.001,10,7410,data/raw/api/search_B7_recent_q3.json.gz
2026-10-08T09:56:53+00:00,B7,200,0.001,10,7400,data/raw/api/search_B7_recent_q4.json.gz
2026-10-08T09:56:53+00:00,B7,200,0.001,10,7390,data/raw/api/search_B7_india_q1.json.gz
2026-10-08T09:56:54+00:00,B7,200,0.001,10,7380,data/raw/api/search_B7_india_q2.json.gz
2026-10-08T09:56:54+00:00,B7,200,0.001,10,7370,data/raw/api/search_B7_india_q3.json.gz
2026-10-08T09:56:55+00:00,B7,200,0.001,10,7360,data/raw/api/search_B7_india_q4.json.gz
2026-10-08T09:56:57+00:00,B8,200,0.001,10,7350,data/raw/api/search_B8_landmarks.json.gz
2026-10-08T09:56:57+00:00,B8,200,0.001,10,7340,data/raw/api/search_B8_recent_q1.json.gz
2026-10-08T09:56:58+00:00,B8,200,0.001,10,7330,data/raw/api/search_B8_recent_q2.json.gz
2026-10-08T09:56:58+00:00,B8,200,0.001,10,7320,data/raw/api/search_B8_recent_q3.json.gz
2026-10-08T09:56:59+00:00,B8,200,0.001,10,7310,data/raw/api/search_B8_recent_q4.json.gz
2026-10-08T09:56:59+00:00,B8,200,0.001,10,7300,data/raw/api/search_B8_india_q1.json.gz
2026-10-08T09:57:00+00:00,B8,200,0.001,10,7290,data/raw/api/search_B8_india_q2.json.gz
2026-10-08T09:57:00+00:00,B8,200,0.001,10,7280,data/raw/api/search_B8_india_q3.json.gz
2026-10-08T09:57:01+00:00,B8,200,0.001,10,7270,data/raw/api/search_B8_india_q4.json.gz
2026-10-08T09:57:03+00:00,B9,200,0.001,10,7260,data/raw/api/search_B9_landmarks.json.gz
2026-10-08T09:57:03+00:00,B9,200,0.001,10,7250,data/raw/api/search_B9_recent_q1.json.gz
2026-10-08T09:57:04+00:00,B9,200,0.001,10,7240,data/raw/api/search_B9_recent_q2.json.gz
2026-10-08T09:57:04+00:00,B9,200,0.001,10,7230,data/raw/api/search_B9_recent_q3.json.gz
2026-10-08T09:57:05+00:00,B9,200,0.001,10,7220,data/raw/api/search_B9_recent_q4.json.gz
2026-10-08T09:57:06+00:00,B9,200,0.001,10,7210,data/raw/api/search_B9_india_q1.json.gz
2026-10-08T09:57:06+00:00,B9,200,0.001,10,7200,data/raw/api/search_B9_india_q2.json.gz
2026-10-08T09:57:07+00:00,B9,200,0.001,10,7190,data/raw/api/search_B9_india_q3.json.gz
2026-10-08T09:57:07+00:00,B9,200,0.001,10,7180,data/raw/api/search_B9_india_q4.json.gz
2026-10-08T09:57:09+00:00,B10,200,0.001,10,7170,data/raw/api/search_B10_landmarks.json.gz
2026-10-08T09:57:09+00:00,B10,200,0.001,10,7160,data/raw/api/search_B10_recent_q1.json.gz
2026-10-08T09:57:10+00:00,B10,200,0.001,10,7150,data/raw/api/search_B10_recent_q2.json.gz
2026-10-08T09:57:11+00:00,B10,200,0.001,10,7140,data/raw/api/search_B10_recent_q3.json.gz
2026-10-08T09:57:11+00:00,B10,200,0.001,10,7130,data/raw/api/search_B10_recent_q4.json.gz
2026-10-08T09:57:12+00:00,B10,200,0.001,10,7120,data/raw/api/search_B10_india_q1.json.gz
2026-10-08T09:57:12+00:00,B10,200,0.001,10,7110,data/raw/api/search_B10_india_q2.json.gz
2026-10-08T09:57:13+00:00,B10,200,0.001,10,7100,data/raw/api/search_B10_india_q3.json.gz
2026-10-08T09:57:13+00:00,B10,200,0.001,10,7090,data/raw/api/search_B10_india_q4.json.gz
2026-10-08T09:57:15+00:00,B11,200,0.001,10,7080,data/raw/api/search_B11_landmarks.json.gz
2026-10-08T09:57:16+00:00,B11,200,0.001,10,7070,data/raw/api/search_B11_recent_q1.json.gz
2026-10-08T09:57:16+00:00,B11,200,0.001,10,7060,data/raw/api/search_B11_recent_q2.json.gz
2026-10-08T09:57:17+00:00,B11,200,0.001,10,7050,data/raw/api/search_B11_recent_q3.json.gz
2026-10-08T09:57:17+00:00,B11,200,0.001,10,7040,data/raw/api/search_B11_recent_q4.json.gz
2026-10-08T09:57:18+00:00,B11,200,0.001,10,7030,data/raw/api/search_B11_india_q1.json.gz
2026-10-08T09:57:18+00:00,B11,200,0.001,10,7020,data/raw/api/search_B11_india_q2.json.gz
2026-10-08T09:57:19+00:00,B11,200,0.001,10,7010,data/raw/api/search_B11_india_q3.json.gz
2026-10-08T09:57:19+00:00,B11,200,0.001,10,7000,data/raw/api/search_B11_india_q4.json.gz
2026-10-08T09:57:21+00:00,B12,200,0.001,10,6990,data/raw/api/search_B12_landmarks.json.gz
2026-10-08T09:57:21+00:00,B12,200,0.001,10,6980,data/raw/api/search_B12_recent_q1.json.gz
2026-10-08T09:57:22+00:00,B12,200,0.001,10,6970,data/raw/api/search_B12_recent_q2.json.gz
2026-10-08T09:57:22+00:00,B12,200,0.001,10,6960,data/raw/api/search_B12_recent_q3.json.gz
2026-10-08T09:57:23+00:00,B12,200,0.001,10,6950,data/raw/api/search_B12_recent_q4.json.gz
2026-10-08T09:57:23+00:00,B12,200,0.001,10,6940,data/raw/api/search_B12_india_q1.json.gz
2026-10-08T09:57:24+00:00,B12,200,0.001,10,6930,data/raw/api/search_B12_india_q2.json.gz
2026-10-08T09:57:24+00:00,B12,200,0.001,10,6920,data/raw/api/search_B12_india_q3.json.gz
2026-10-08T09:57:25+00:00,B12,200,0.001,10,6910,data/raw/api/search_B12_india_q4.json.gz
2026-10-08T09:57:27+00:00,B13,200,0.001,10,6900,data/raw/api/search_B13_landmarks.json.gz
2026-10-08T09:57:28+00:00,B13,200,0.001,10,6890,data/raw/api/search_B13_recent_q1.json.gz
2026-10-08T09:57:28+00:00,B13,200,0.001,10,6880,data/raw/api/search_B13_recent_q2.json.gz
2026-10-08T09:57:29+00:00,B13,200,0.001,10,6870,data/raw/api/search_B13_recent_q3.json.gz
2026-10-08T09:57:29+00:00,B13,200,0.001,10,6860,data/raw/api/search_B13_india_q1.json.gz
2026-10-08T09:57:30+00:00,B13,200,0.001,10,6850,data/raw/api/search_B13_india_q2.json.gz
2026-10-08T09:57:30+00:00,B13,200,0.001,10,6840,data/raw/api/search_B13_india_q3.json.gz
2026-10-08T09:57:32+00:00,B14,200,0.001,10,6830,data/raw/api/search_B14_landmarks.json.gz
2026-10-08T09:57:33+00:00,B14,200,0.001,10,6820,data/raw/api/search_B14_recent_q1.json.gz
2026-10-08T09:57:33+00:00,B14,200,0.001,10,6810,data/raw/api/search_B14_recent_q2.json.gz
2026-10-08T09:57:34+00:00,B14,200,0.001,10,6800,data/raw/api/search_B14_recent_q3.json.gz
2026-10-08T09:57:34+00:00,B14,200,0.001,10,6790,data/raw/api/search_B14_india_q1.json.gz
2026-10-08T09:57:35+00:00,B14,200,0.001,10,6780,data/raw/api/search_B14_india_q2.json.gz
2026-10-08T09:57:35+00:00,B14,200,0.001,10,6770,data/raw/api/search_B14_india_q3.json.gz
2026-10-08T10:00:04+00:00,B3,200,0.001,10,6760,data/raw/api/search_B3_landmarks.json.gz
2026-10-08T10:00:05+00:00,B3,200,0.001,10,6750,data/raw/api/search_B3_recent_q1.json.gz
2026-10-08T10:00:06+00:00,B3,200,0.001,10,6740,data/raw/api/search_B3_india_q1.json.gz
2026-10-08T10:06:54+00:00,C2,200,0.001,10,6730,data/raw/api/search_C2_recent_q1.json.gz
2026-10-08T10:06:55+00:00,C2,200,0.001,10,6720,data/raw/api/search_C2_recent_q2.json.gz
2026-10-08T10:06:56+00:00,C2,200,0.001,10,6710,data/raw/api/search_C2_recent_q3.json.gz
2026-10-08T10:06:57+00:00,C2,200,0.001,10,6700,data/raw/api/search_C2_india_q1.json.gz
2026-10-08T10:06:58+00:00,C2,200,0.001,10,6690,data/raw/api/search_C2_india_q2.json.gz
2026-10-08T10:06:59+00:00,C2,200,0.001,10,6680,data/raw/api/search_C2_india_q3.json.gz
2026-10-08T10:07:02+00:00,C1,200,0.001,10,6670,data/raw/api/search_C1_landmarks.json.gz
2026-10-08T10:07:02+00:00,C1,200,0.001,10,6660,data/raw/api/search_C1_recent_q1.json.gz
2026-10-08T10:07:03+00:00,C1,200,0.001,10,6650,data/raw/api/search_C1_recent_q2.json.gz
2026-10-08T10:07:03+00:00,C1,200,0.001,10,6640,data/raw/api/search_C1_recent_q3.json.gz
2026-10-08T10:07:04+00:00,C1,200,0.001,10,6630,data/raw/api/search_C1_india_q1.json.gz
2026-10-08T10:07:05+00:00,C1,200,0.001,10,6620,data/raw/api/search_C1_india_q2.json.gz
2026-10-08T10:07:06+00:00,C1,200,0.001,10,6610,data/raw/api/search_C1_india_q3.json.gz
2026-10-08T10:07:08+00:00,C3,200,0.001,10,6600,data/raw/api/search_C3_landmarks.json.gz
2026-10-08T10:07:08+00:00,C3,200,0.001,10,6590,data/raw/api/search_C3_recent_q1.json.gz
2026-10-08T10:07:09+00:00,C3,200,0.001,10,6580,data/raw/api/search_C3_recent_q2.json.gz
2026-10-08T10:07:09+00:00,C3,200,0.001,10,6570,data/raw/api/search_C3_recent_q3.json.gz
2026-10-08T10:07:10+00:00,C3,200,0.001,10,6560,data/raw/api/search_C3_recent_q4.json.gz
2026-10-08T10:07:10+00:00,C3,200,0.001,10,6550,data/raw/api/search_C3_india_q1.json.gz
2026-10-08T10:07:11+00:00,C3,200,0.001,10,6540,data/raw/api/search_C3_india_q2.json.gz
2026-10-08T10:07:12+00:00,C3,200,0.001,10,6530,data/raw/api/search_C3_india_q3.json.gz
2026-10-08T10:07:13+00:00,C3,200,0.001,10,6520,data/raw/api/search_C3_india_q4.json.gz
2026-10-08T10:07:14+00:00,C4,200,0.001,10,6510,data/raw/api/search_C4_landmarks.json.gz
2026-10-08T10:07:15+00:00,C4,200,0.001,10,6500,data/raw/api/search_C4_recent_q1.json.gz
2026-10-08T10:07:15+00:00,C4,200,0.001,10,6490,data/raw/api/search_C4_recent_q2.json.gz
2026-10-08T10:07:16+00:00,C4,200,0.001,10,6480,data/raw/api/search_C4_recent_q3.json.gz
2026-10-08T10:07:16+00:00,C4,200,0.001,10,6470,data/raw/api/search_C4_recent_q4.json.gz
2026-10-08T10:07:17+00:00,C4,200,0.001,10,6460,data/raw/api/search_C4_india_q1.json.gz
2026-10-08T10:07:18+00:00,C4,200,0.001,10,6450,data/raw/api/search_C4_india_q2.json.gz
2026-10-08T10:07:18+00:00,C4,200,0.001,10,6440,data/raw/api/search_C4_india_q3.json.gz
2026-10-08T10:07:19+00:00,C4,200,0.001,10,6430,data/raw/api/search_C4_india_q4.json.gz
2026-10-08T10:07:21+00:00,C5,200,0.001,10,6420,data/raw/api/search_C5_landmarks.json.gz
2026-10-08T10:07:21+00:00,C5,200,0.001,10,6410,data/raw/api/search_C5_recent_q1.json.gz
2026-10-08T10:07:22+00:00,C5,200,0.001,10,6400,data/raw/api/search_C5_recent_q2.json.gz
2026-10-08T10:07:22+00:00,C5,200,0.001,10,6390,data/raw/api/search_C5_recent_q3.json.gz
2026-10-08T10:07:23+00:00,C5,200,0.001,10,6380,data/raw/api/search_C5_recent_q4.json.gz
2026-10-08T10:07:23+00:00,C5,200,0.001,10,6370,data/raw/api/search_C5_recent_q5.json.gz
2026-10-08T10:07:24+00:00,C5,200,0.001,10,6360,data/raw/api/search_C5_india_q1.json.gz
2026-10-08T10:07:25+00:00,C5,200,0.001,10,6350,data/raw/api/search_C5_india_q2.json.gz
2026-10-08T10:07:25+00:00,C5,200,0.001,10,6340,data/raw/api/search_C5_india_q3.json.gz
2026-10-08T10:07:26+00:00,C5,200,0.001,10,6330,data/raw/api/search_C5_india_q4.json.gz
2026-10-08T10:07:26+00:00,C5,200,0.001,10,6320,data/raw/api/search_C5_india_q5.json.gz
2026-10-08T10:07:28+00:00,C6,200,0.001,10,6310,data/raw/api/search_C6_landmarks.json.gz
2026-10-08T10:07:28+00:00,C6,200,0.001,10,6300,data/raw/api/search_C6_recent_q1.json.gz
2026-10-08T10:07:29+00:00,C6,200,0.001,10,6290,data/raw/api/search_C6_recent_q2.json.gz
2026-10-08T10:07:29+00:00,C6,200,0.001,10,6280,data/raw/api/search_C6_recent_q3.json.gz
2026-10-08T10:07:30+00:00,C6,200,0.001,10,6270,data/raw/api/search_C6_recent_q4.json.gz
2026-10-08T10:07:30+00:00,C6,200,0.001,10,6260,data/raw/api/search_C6_india_q1.json.gz
2026-10-08T10:07:31+00:00,C6,200,0.001,10,6250,data/raw/api/search_C6_india_q2.json.gz
2026-10-08T10:07:32+00:00,C6,200,0.001,10,6240,data/raw/api/search_C6_india_q3.json.gz
2026-10-08T10:07:32+00:00,C6,200,0.001,10,6230,data/raw/api/search_C6_india_q4.json.gz
2026-10-08T10:07:34+00:00,C7,200,0.001,10,6220,data/raw/api/search_C7_landmarks.json.gz
2026-10-08T10:07:35+00:00,C7,200,0.001,10,6210,data/raw/api/search_C7_recent_q1.json.gz
2026-10-08T10:07:36+00:00,C7,200,0.001,10,6200,data/raw/api/search_C7_recent_q2.json.gz
2026-10-08T10:07:36+00:00,C7,200,0.001,10,6190,data/raw/api/search_C7_recent_q3.json.gz
2026-10-08T10:07:37+00:00,C7,200,0.001,10,6180,data/raw/api/search_C7_recent_q4.json.gz
2026-10-08T10:07:37+00:00,C7,200,0.001,10,6170,data/raw/api/search_C7_india_q1.json.gz
2026-10-08T10:07:38+00:00,C7,200,0.001,10,6160,data/raw/api/search_C7_india_q2.json.gz
2026-10-08T10:07:38+00:00,C7,200,0.001,10,6150,data/raw/api/search_C7_india_q3.json.gz
2026-10-08T10:07:39+00:00,C7,200,0.001,10,6140,data/raw/api/search_C7_india_q4.json.gz
2026-10-08T10:07:40+00:00,C8,200,0.001,10,6130,data/raw/api/search_C8_landmarks.json.gz
2026-10-08T10:07:41+00:00,C8,200,0.001,10,6120,data/raw/api/search_C8_recent_q1.json.gz
2026-10-08T10:07:41+00:00,C8,200,0.001,10,6110,data/raw/api/search_C8_recent_q2.json.gz
2026-10-08T10:07:42+00:00,C8,200,0.001,10,6100,data/raw/api/search_C8_recent_q3.json.gz
2026-10-08T10:07:42+00:00,C8,200,0.001,10,6090,data/raw/api/search_C8_recent_q4.json.gz
2026-10-08T10:07:43+00:00,C8,200,0.001,10,6080,data/raw/api/search_C8_india_q1.json.gz
2026-10-08T10:07:43+00:00,C8,200,0.001,10,6070,data/raw/api/search_C8_india_q2.json.gz
2026-10-08T10:07:44+00:00,C8,200,0.001,10,6060,data/raw/api/search_C8_india_q3.json.gz
2026-10-08T10:07:44+00:00,C8,200,0.001,10,6050,data/raw/api/search_C8_india_q4.json.gz
2026-10-08T10:07:46+00:00,C9,200,0.001,10,6040,data/raw/api/search_C9_landmarks.json.gz
2026-10-08T10:07:47+00:00,C9,200,0.001,10,6030,data/raw/api/search_C9_recent_q1.json.gz
2026-10-08T10:07:47+00:00,C9,200,0.001,10,6020,data/raw/api/search_C9_recent_q2.json.gz
2026-10-08T10:07:48+00:00,C9,200,0.001,10,6010,data/raw/api/search_C9_recent_q3.json.gz
2026-10-08T10:07:48+00:00,C9,200,0.001,10,6000,data/raw/api/search_C9_recent_q4.json.gz
2026-10-08T10:07:49+00:00,C9,200,0.001,10,5990,data/raw/api/search_C9_recent_q5.json.gz
2026-10-08T10:07:49+00:00,C9,200,0.001,10,5980,data/raw/api/search_C9_india_q1.json.gz
2026-10-08T10:07:50+00:00,C9,200,0.001,10,5970,data/raw/api/search_C9_india_q2.json.gz
2026-10-08T10:07:50+00:00,C9,200,0.001,10,5960,data/raw/api/search_C9_india_q3.json.gz
2026-10-08T10:07:51+00:00,C9,200,0.001,10,5950,data/raw/api/search_C9_india_q4.json.gz
2026-10-08T10:07:51+00:00,C9,200,0.001,10,5940,data/raw/api/search_C9_india_q5.json.gz
2026-10-08T10:07:53+00:00,C10,200,0.001,10,5930,data/raw/api/search_C10_landmarks.json.gz
2026-10-08T10:07:54+00:00,C10,200,0.001,10,5920,data/raw/api/search_C10_recent_q1.json.gz
2026-10-08T10:07:54+00:00,C10,200,0.001,10,5910,data/raw/api/search_C10_recent_q2.json.gz
2026-10-08T10:07:55+00:00,C10,200,0.001,10,5900,data/raw/api/search_C10_recent_q3.json.gz
2026-10-08T10:07:55+00:00,C10,200,0.001,10,5890,data/raw/api/search_C10_india_q1.json.gz
2026-10-08T10:07:56+00:00,C10,200,0.001,10,5880,data/raw/api/search_C10_india_q2.json.gz
2026-10-08T10:07:56+00:00,C10,200,0.001,10,5870,data/raw/api/search_C10_india_q3.json.gz
2026-10-08T10:07:58+00:00,C11,200,0.001,10,5860,data/raw/api/search_C11_landmarks.json.gz
2026-10-08T10:07:59+00:00,C11,200,0.001,10,5850,data/raw/api/search_C11_recent_q1.json.gz
2026-10-08T10:07:59+00:00,C11,200,0.001,10,5840,data/raw/api/search_C11_recent_q2.json.gz
2026-10-08T10:08:00+00:00,C11,200,0.001,10,5830,data/raw/api/search_C11_recent_q3.json.gz
2026-10-08T10:08:00+00:00,C11,200,0.001,10,5820,data/raw/api/search_C11_recent_q4.json.gz
2026-10-08T10:08:01+00:00,C11,200,0.001,10,5810,data/raw/api/search_C11_india_q1.json.gz
2026-10-08T10:08:01+00:00,C11,200,0.001,10,5800,data/raw/api/search_C11_india_q2.json.gz
2026-10-08T10:08:02+00:00,C11,200,0.001,10,5790,data/raw/api/search_C11_india_q3.json.gz
2026-10-08T10:08:02+00:00,C11,200,0.001,10,5780,data/raw/api/search_C11_india_q4.json.gz
2026-10-08T10:08:04+00:00,C12,200,0.001,10,5770,data/raw/api/search_C12_landmarks.json.gz
2026-10-08T10:08:05+00:00,C12,200,0.001,10,5760,data/raw/api/search_C12_recent_q1.json.gz
2026-10-08T10:08:05+00:00,C12,200,0.001,10,5750,data/raw/api/search_C12_recent_q2.json.gz
2026-10-08T10:08:06+00:00,C12,200,0.001,10,5740,data/raw/api/search_C12_recent_q3.json.gz
2026-10-08T10:08:06+00:00,C12,200,0.001,10,5730,data/raw/api/search_C12_recent_q4.json.gz
2026-10-08T10:08:07+00:00,C12,200,0.001,10,5720,data/raw/api/search_C12_india_q1.json.gz
2026-10-08T10:08:07+00:00,C12,200,0.001,10,5710,data/raw/api/search_C12_india_q2.json.gz
2026-10-08T10:08:08+00:00,C12,200,0.001,10,5700,data/raw/api/search_C12_india_q3.json.gz
2026-10-08T10:08:08+00:00,C12,200,0.001,10,5690,data/raw/api/search_C12_india_q4.json.gz
2026-10-08T10:08:10+00:00,C13,200,0.001,10,5680,data/raw/api/search_C13_landmarks.json.gz
2026-10-08T10:08:11+00:00,C13,200,0.001,10,5670,data/raw/api/search_C13_recent_q1.json.gz
2026-10-08T10:08:11+00:00,C13,200,0.001,10,5660,data/raw/api/search_C13_recent_q2.json.gz
2026-10-08T10:08:12+00:00,C13,200,0.001,10,5650,data/raw/api/search_C13_recent_q3.json.gz
2026-10-08T10:08:12+00:00,C13,200,0.001,10,5640,data/raw/api/search_C13_india_q1.json.gz
2026-10-08T10:08:13+00:00,C13,200,0.001,10,5630,data/raw/api/search_C13_india_q2.json.gz
2026-10-08T10:08:14+00:00,C13,200,0.001,10,5620,data/raw/api/search_C13_india_q3.json.gz
2026-10-08T10:08:16+00:00,C14,200,0.001,10,5610,data/raw/api/search_C14_landmarks.json.gz
2026-10-08T10:08:16+00:00,C14,200,0.001,10,5600,data/raw/api/search_C14_recent_q1.json.gz
2026-10-08T10:08:17+00:00,C14,200,0.001,10,5590,data/raw/api/search_C14_recent_q2.json.gz
2026-10-08T10:08:17+00:00,C14,200,0.001,10,5580,data/raw/api/search_C14_recent_q3.json.gz
2026-10-08T10:08:18+00:00,C14,200,0.001,10,5570,data/raw/api/search_C14_recent_q4.json.gz
2026-10-08T10:08:18+00:00,C14,200,0.001,10,5560,data/raw/api/search_C14_india_q1.json.gz
2026-10-08T10:08:19+00:00,C14,200,0.001,10,5550,data/raw/api/search_C14_india_q2.json.gz
2026-10-08T10:08:19+00:00,C14,200,0.001,10,5540,data/raw/api/search_C14_india_q3.json.gz
2026-10-08T10:08:20+00:00,C14,200,0.001,10,5530,data/raw/api/search_C14_india_q4.json.gz
2026-10-08T10:08:21+00:00,C15,200,0.001,10,5520,data/raw/api/search_C15_landmarks.json.gz
2026-10-08T10:08:22+00:00,C15,200,0.001,10,5510,data/raw/api/search_C15_recent_q1.json.gz
2026-10-08T10:08:23+00:00,C15,200,0.001,10,5500,data/raw/api/search_C15_recent_q2.json.gz
2026-10-08T10:08:24+00:00,C15,200,0.001,10,5490,data/raw/api/search_C15_recent_q3.json.gz
2026-10-08T10:08:24+00:00,C15,200,0.001,10,5480,data/raw/api/search_C15_recent_q4.json.gz
2026-10-08T10:08:25+00:00,C15,200,0.001,10,5470,data/raw/api/search_C15_india_q1.json.gz
2026-10-08T10:08:25+00:00,C15,200,0.001,10,5460,data/raw/api/search_C15_india_q2.json.gz
2026-10-08T10:08:26+00:00,C15,200,0.001,10,5450,data/raw/api/search_C15_india_q3.json.gz
2026-10-08T10:08:26+00:00,C15,200,0.001,10,5440,data/raw/api/search_C15_india_q4.json.gz
2026-10-08T10:08:28+00:00,C16,200,0.001,10,5430,data/raw/api/search_C16_landmarks.json.gz
2026-10-08T10:08:28+00:00,C16,200,0.001,10,5420,data/raw/api/search_C16_recent_q1.json.gz
2026-10-08T10:08:29+00:00,C16,200,0.001,10,5410,data/raw/api/search_C16_recent_q2.json.gz
2026-10-08T10:08:29+00:00,C16,200,0.001,10,5400,data/raw/api/search_C16_recent_q3.json.gz
2026-10-08T10:08:30+00:00,C16,200,0.001,10,5390,data/raw/api/search_C16_recent_q4.json.gz
2026-10-08T10:08:31+00:00,C16,200,0.001,10,5380,data/raw/api/search_C16_india_q1.json.gz
2026-10-08T10:08:31+00:00,C16,200,0.001,10,5370,data/raw/api/search_C16_india_q2.json.gz
2026-10-08T10:08:32+00:00,C16,200,0.001,10,5360,data/raw/api/search_C16_india_q3.json.gz
2026-10-08T10:08:32+00:00,C16,200,0.001,10,5350,data/raw/api/search_C16_india_q4.json.gz
2026-10-08T10:08:34+00:00,C17,200,0.001,10,5340,data/raw/api/search_C17_landmarks.json.gz
2026-10-08T10:08:35+00:00,C17,200,0.001,10,5330,data/raw/api/search_C17_recent_q1.json.gz
2026-10-08T10:08:35+00:00,C17,200,0.001,10,5320,data/raw/api/search_C17_recent_q2.json.gz
2026-10-08T10:08:36+00:00,C17,200,0.001,10,5310,data/raw/api/search_C17_recent_q3.json.gz
2026-10-08T10:08:36+00:00,C17,200,0.001,10,5300,data/raw/api/search_C17_recent_q4.json.gz
2026-10-08T10:08:37+00:00,C17,200,0.001,10,5290,data/raw/api/search_C17_india_q1.json.gz
2026-10-08T10:08:37+00:00,C17,200,0.001,10,5280,data/raw/api/search_C17_india_q2.json.gz
2026-10-08T10:08:38+00:00,C17,200,0.001,10,5270,data/raw/api/search_C17_india_q3.json.gz
2026-10-08T10:08:38+00:00,C17,200,0.001,10,5260,data/raw/api/search_C17_india_q4.json.gz
2026-10-08T10:08:40+00:00,C18,200,0.001,10,5250,data/raw/api/search_C18_landmarks.json.gz
2026-10-08T10:08:40+00:00,C18,200,0.001,10,5240,data/raw/api/search_C18_recent_q1.json.gz
2026-10-08T10:08:41+00:00,C18,200,0.001,10,5230,data/raw/api/search_C18_recent_q2.json.gz
2026-10-08T10:08:41+00:00,C18,200,0.001,10,5220,data/raw/api/search_C18_recent_q3.json.gz
2026-10-08T10:08:42+00:00,C18,200,0.001,10,5210,data/raw/api/search_C18_recent_q4.json.gz
2026-10-08T10:08:43+00:00,C18,200,0.001,10,5200,data/raw/api/search_C18_india_q1.json.gz
2026-10-08T10:08:43+00:00,C18,200,0.001,10,5190,data/raw/api/search_C18_india_q2.json.gz
2026-10-08T10:08:44+00:00,C18,200,0.001,10,5180,data/raw/api/search_C18_india_q3.json.gz
2026-10-08T10:08:44+00:00,C18,200,0.001,10,5170,data/raw/api/search_C18_india_q4.json.gz
2026-10-08T10:24:22+00:00,S1,200,0.001,10,5160,data/raw/api/search_S1_landmarks.json.gz
2026-10-08T10:24:23+00:00,S1,200,0.001,10,5150,data/raw/api/search_S1_recent.json.gz
2026-10-08T10:24:25+00:00,S1,200,0.001,10,5140,data/raw/api/search_S1_india.json.gz
2026-10-08T10:24:26+00:00,S2,200,0.001,10,5130,data/raw/api/search_S2_landmarks.json.gz
2026-10-08T10:24:27+00:00,S2,200,0.001,10,5120,data/raw/api/search_S2_recent.json.gz
2026-10-08T10:24:28+00:00,S2,200,0.001,10,5110,data/raw/api/search_S2_india.json.gz
2026-10-08T10:24:30+00:00,S3,200,0.001,10,5100,data/raw/api/search_S3_landmarks.json.gz
2026-10-08T10:24:30+00:00,S3,200,0.001,10,5090,data/raw/api/search_S3_recent.json.gz
2026-10-08T10:24:31+00:00,S3,200,0.001,10,5080,data/raw/api/search_S3_india.json.gz
2026-10-08T10:24:33+00:00,S4,200,0.001,10,5070,data/raw/api/search_S4_landmarks.json.gz
2026-10-08T10:24:33+00:00,S4,200,0.001,10,5060,data/raw/api/search_S4_recent.json.gz
2026-10-08T10:24:34+00:00,S4,200,0.001,10,5050,data/raw/api/search_S4_india.json.gz
2026-10-08T10:24:36+00:00,S5,200,0.001,10,5040,data/raw/api/search_S5_landmarks.json.gz
2026-10-08T10:24:37+00:00,S5,200,0.001,10,5030,data/raw/api/search_S5_recent.json.gz
2026-10-08T10:24:37+00:00,S5,200,0.001,10,5020,data/raw/api/search_S5_india.json.gz
2026-10-08T10:24:39+00:00,S6,200,0.001,10,5010,data/raw/api/search_S6_landmarks.json.gz
2026-10-08T10:24:40+00:00,S6,200,0.001,10,5000,data/raw/api/search_S6_recent.json.gz
2026-10-08T10:24:41+00:00,S6,200,0.001,10,4990,data/raw/api/search_S6_india.json.gz
2026-10-08T10:24:42+00:00,S7,200,0.001,10,4980,data/raw/api/search_S7_landmarks.json.gz
2026-10-08T10:24:43+00:00,S7,200,0.001,10,4970,data/raw/api/search_S7_recent.json.gz
2026-10-08T10:24:44+00:00,S7,200,0.001,10,4960,data/raw/api/search_S7_india.json.gz
2026-10-08T10:30:13+00:00,recall,200,0.0001,1,4959,data/raw/api/recall_doi_stage2_0.json.gz
2026-10-08T10:30:14+00:00,recall,200,0.0001,1,4958,data/raw/api/recall_doi_stage2_1.json.gz
2026-10-08T10:30:14+00:00,recall,200,0.0001,1,4957,data/raw/api/recall_doi_stage2_2.json.gz
2026-10-08T10:30:14+00:00,recall,200,0.001,10,4947,data/raw/api/recall_title_stage2_001.json.gz
2026-10-08T10:30:15+00:00,recall,200,0.001,10,4937,data/raw/api/recall_title_stage2_004.json.gz
2026-10-08T10:30:15+00:00,recall,200,0.001,10,4927,data/raw/api/recall_title_stage2_007.json.gz
2026-10-08T10:30:16+00:00,recall,200,0.001,10,4917,data/raw/api/recall_title_stage2_015.json.gz
2026-10-08T10:30:16+00:00,recall,200,0.001,10,4907,data/raw/api/recall_title_stage2_039.json.gz
2026-10-08T10:30:17+00:00,recall,200,0.001,10,4897,data/raw/api/recall_title_stage2_052.json.gz
2026-10-08T10:30:17+00:00,recall,200,0.001,10,4887,data/raw/api/recall_title_stage2_058.json.gz
2026-10-08T10:30:18+00:00,recall,200,0.001,10,4877,data/raw/api/recall_title_stage2_070.json.gz
2026-10-08T10:30:18+00:00,recall,200,0.001,10,4867,data/raw/api/recall_title_stage2_077.json.gz
2026-10-08T10:30:19+00:00,recall,200,0.001,10,4857,data/raw/api/recall_title_stage2_082.json.gz
2026-10-08T10:30:19+00:00,recall,200,0.001,10,4847,data/raw/api/recall_title_stage2_083.json.gz
2026-10-08T10:30:20+00:00,recall,200,0.001,10,4837,data/raw/api/recall_title_stage2_086.json.gz
2026-10-08T10:30:20+00:00,recall,200,0.001,10,4827,data/raw/api/recall_title_stage2_088.json.gz
2026-10-08T10:30:21+00:00,recall,200,0.001,10,4817,data/raw/api/recall_title_stage2_094.json.gz
2026-10-08T10:30:21+00:00,recall,200,0.001,10,4807,data/raw/api/recall_title_stage2_095.json.gz
2026-10-08T10:30:22+00:00,recall,200,0.001,10,4797,data/raw/api/recall_title_stage2_096.json.gz
2026-10-08T10:30:22+00:00,recall,200,0.001,10,4787,data/raw/api/recall_title_stage2_099.json.gz
2026-10-08T10:30:23+00:00,recall,200,0.001,10,4777,data/raw/api/recall_title_stage2_102.json.gz
2026-10-08T10:30:23+00:00,recall,200,0.001,10,4767,data/raw/api/recall_title_stage2_104.json.gz
2026-10-08T10:30:24+00:00,recall,200,0.001,10,4757,data/raw/api/recall_title_stage2_106.json.gz
2026-10-08T10:30:24+00:00,recall,200,0.001,10,4747,data/raw/api/recall_title_stage2_109.json.gz
2026-10-08T10:30:25+00:00,recall,200,0.001,10,4737,data/raw/api/recall_title_stage2_131.json.gz
2026-10-08T10:30:25+00:00,recall,200,0.001,10,4727,data/raw/api/recall_title_stage2_134.json.gz
2026-10-08T10:30:26+00:00,recall,200,0.001,10,4717,data/raw/api/recall_title_stage2_141.json.gz
2026-10-08T10:30:26+00:00,recall,200,0.001,10,4707,data/raw/api/recall_title_stage2_142.json.gz
2026-10-08T10:30:27+00:00,recall,200,0.001,10,4697,data/raw/api/recall_title_stage2_147.json.gz
2026-10-08T10:30:27+00:00,recall,200,0.001,10,4687,data/raw/api/recall_title_stage2_151.json.gz
2026-10-08T10:30:28+00:00,recall,200,0.001,10,4677,data/raw/api/recall_title_stage2_153.json.gz
2026-10-08T10:30:28+00:00,recall,200,0.001,10,4667,data/raw/api/recall_title_stage2_160.json.gz
2026-10-08T10:30:29+00:00,recall,200,0.001,10,4657,data/raw/api/recall_title_stage2_164.json.gz
2026-10-08T10:30:29+00:00,recall,200,0.001,10,4647,data/raw/api/recall_title_stage2_166.json.gz
2026-10-08T10:30:30+00:00,recall,200,0.001,10,4637,data/raw/api/recall_title_stage2_171.json.gz
2026-10-08T10:30:30+00:00,recall,200,0.001,10,4627,data/raw/api/recall_title_stage2_173.json.gz
2026-10-08T10:30:31+00:00,recall,200,0.001,10,4617,data/raw/api/recall_query_stage2_A1_0.json.gz
2026-10-08T10:30:32+00:00,recall,200,0.001,10,4607,data/raw/api/recall_query_stage2_A1_1.json.gz
2026-10-08T10:30:33+00:00,recall,200,0.001,10,4597,data/raw/api/recall_query_stage2_A2_0.json.gz
2026-10-08T10:30:33+00:00,recall,200,0.001,10,4587,data/raw/api/recall_query_stage2_A2_1.json.gz
2026-10-08T10:30:34+00:00,recall,200,0.001,10,4577,data/raw/api/recall_query_stage2_A3_0.json.gz
2026-10-08T10:30:34+00:00,recall,200,0.001,10,4567,data/raw/api/recall_query_stage2_A3_1.json.gz
2026-10-08T10:30:35+00:00,recall,200,0.001,10,4557,data/raw/api/recall_query_stage2_A4_0.json.gz
2026-10-08T10:30:35+00:00,recall,200,0.001,10,4547,data/raw/api/recall_query_stage2_A4_1.json.gz
2026-10-08T10:30:36+00:00,recall,200,0.001,10,4537,data/raw/api/recall_query_stage2_A5_0.json.gz
2026-10-08T10:30:37+00:00,recall,200,0.001,10,4527,data/raw/api/recall_query_stage2_A5_1.json.gz
2026-10-08T10:30:37+00:00,recall,200,0.001,10,4517,data/raw/api/recall_query_stage2_A6_0.json.gz
2026-10-08T10:30:38+00:00,recall,200,0.001,10,4507,data/raw/api/recall_query_stage2_A6_1.json.gz
2026-10-08T10:30:38+00:00,recall,200,0.001,10,4497,data/raw/api/recall_query_stage2_A7_0.json.gz
2026-10-08T10:30:39+00:00,recall,200,0.001,10,4487,data/raw/api/recall_query_stage2_A7_1.json.gz
2026-10-08T10:30:39+00:00,recall,200,0.001,10,4477,data/raw/api/recall_query_stage2_A8_0.json.gz
2026-10-08T10:30:40+00:00,recall,200,0.001,10,4467,data/raw/api/recall_query_stage2_A8_1.json.gz
2026-10-08T10:30:40+00:00,recall,200,0.001,10,4457,data/raw/api/recall_query_stage2_A9_0.json.gz
2026-10-08T10:30:41+00:00,recall,200,0.001,10,4447,data/raw/api/recall_query_stage2_A9_1.json.gz
2026-10-08T10:30:41+00:00,recall,200,0.001,10,4437,data/raw/api/recall_query_stage2_A10_0.json.gz
2026-10-08T10:30:42+00:00,recall,200,0.001,10,4427,data/raw/api/recall_query_stage2_A10_1.json.gz
2026-10-08T10:30:42+00:00,recall,200,0.001,10,4417,data/raw/api/recall_query_stage2_A11_0.json.gz
2026-10-08T10:30:43+00:00,recall,200,0.001,10,4407,data/raw/api/recall_query_stage2_A11_1.json.gz
2026-10-08T10:30:43+00:00,recall,200,0.001,10,4397,data/raw/api/recall_query_stage2_A12_0.json.gz
2026-10-08T10:30:44+00:00,recall,200,0.001,10,4387,data/raw/api/recall_query_stage2_A12_1.json.gz
2026-10-08T10:30:44+00:00,recall,200,0.001,10,4377,data/raw/api/recall_query_stage2_A13_0.json.gz
2026-10-08T10:30:45+00:00,recall,200,0.001,10,4367,data/raw/api/recall_query_stage2_A13_1.json.gz
2026-10-08T10:30:46+00:00,recall,200,0.001,10,4357,data/raw/api/recall_query_stage2_A14_0.json.gz
2026-10-08T10:30:46+00:00,recall,200,0.001,10,4347,data/raw/api/recall_query_stage2_A14_1.json.gz
2026-10-08T10:30:46+00:00,recall,200,0.001,10,4337,data/raw/api/recall_query_stage2_A15_0.json.gz
2026-10-08T10:30:47+00:00,recall,200,0.001,10,4327,data/raw/api/recall_query_stage2_A15_1.json.gz
2026-10-08T10:30:47+00:00,recall,200,0.001,10,4317,data/raw/api/recall_query_stage2_A16_0.json.gz
2026-10-08T10:30:48+00:00,recall,200,0.001,10,4307,data/raw/api/recall_query_stage2_A16_1.json.gz
2026-10-08T10:30:48+00:00,recall,200,0.001,10,4297,data/raw/api/recall_query_stage2_B1_0.json.gz
2026-10-08T10:30:49+00:00,recall,200,0.001,10,4287,data/raw/api/recall_query_stage2_B1_1.json.gz
2026-10-08T10:30:50+00:00,recall,200,0.001,10,4277,data/raw/api/recall_query_stage2_B2_0.json.gz
2026-10-08T10:30:50+00:00,recall,200,0.001,10,4267,data/raw/api/recall_query_stage2_B2_1.json.gz
2026-10-08T10:30:51+00:00,recall,200,0.001,10,4257,data/raw/api/recall_query_stage2_B3_0.json.gz
2026-10-08T10:30:51+00:00,recall,200,0.001,10,4247,data/raw/api/recall_query_stage2_B3_1.json.gz
2026-10-08T10:30:52+00:00,recall,200,0.001,10,4237,data/raw/api/recall_query_stage2_B4_0.json.gz
2026-10-08T10:30:52+00:00,recall,200,0.001,10,4227,data/raw/api/recall_query_stage2_B4_1.json.gz
2026-10-08T10:30:53+00:00,recall,200,0.001,10,4217,data/raw/api/recall_query_stage2_B5_0.json.gz
2026-10-08T10:30:53+00:00,recall,200,0.001,10,4207,data/raw/api/recall_query_stage2_B5_1.json.gz
2026-10-08T10:30:54+00:00,recall,200,0.001,10,4197,data/raw/api/recall_query_stage2_B6_0.json.gz
2026-10-08T10:30:54+00:00,recall,200,0.001,10,4187,data/raw/api/recall_query_stage2_B6_1.json.gz
2026-10-08T10:30:55+00:00,recall,200,0.001,10,4177,data/raw/api/recall_query_stage2_B7_0.json.gz
2026-10-08T10:30:55+00:00,recall,200,0.001,10,4167,data/raw/api/recall_query_stage2_B7_1.json.gz
2026-10-08T10:30:56+00:00,recall,200,0.001,10,4157,data/raw/api/recall_query_stage2_B8_0.json.gz
2026-10-08T10:30:56+00:00,recall,200,0.001,10,4147,data/raw/api/recall_query_stage2_B8_1.json.gz
2026-10-08T10:30:57+00:00,recall,200,0.001,10,4137,data/raw/api/recall_query_stage2_B9_0.json.gz
2026-10-08T10:30:57+00:00,recall,200,0.001,10,4127,data/raw/api/recall_query_stage2_B9_1.json.gz
2026-10-08T10:30:58+00:00,recall,200,0.001,10,4117,data/raw/api/recall_query_stage2_B10_0.json.gz
2026-10-08T10:30:58+00:00,recall,200,0.001,10,4107,data/raw/api/recall_query_stage2_B10_1.json.gz
2026-10-08T10:30:59+00:00,recall,200,0.001,10,4097,data/raw/api/recall_query_stage2_B11_0.json.gz
2026-10-08T10:30:59+00:00,recall,200,0.001,10,4087,data/raw/api/recall_query_stage2_B11_1.json.gz
2026-10-08T10:31:00+00:00,recall,200,0.001,10,4077,data/raw/api/recall_query_stage2_B12_0.json.gz
2026-10-08T10:31:00+00:00,recall,200,0.001,10,4067,data/raw/api/recall_query_stage2_B12_1.json.gz
2026-10-08T10:31:01+00:00,recall,200,0.001,10,4057,data/raw/api/recall_query_stage2_B13_0.json.gz
2026-10-08T10:31:01+00:00,recall,200,0.001,10,4047,data/raw/api/recall_query_stage2_B13_1.json.gz
2026-10-08T10:31:02+00:00,recall,200,0.001,10,4037,data/raw/api/recall_query_stage2_B14_0.json.gz
2026-10-08T10:31:02+00:00,recall,200,0.001,10,4027,data/raw/api/recall_query_stage2_B14_1.json.gz
2026-10-08T10:31:03+00:00,recall,200,0.001,10,4017,data/raw/api/recall_query_stage2_C1_0.json.gz
2026-10-08T10:31:03+00:00,recall,200,0.001,10,4007,data/raw/api/recall_query_stage2_C1_1.json.gz
2026-10-08T10:31:04+00:00,recall,200,0.001,10,3997,data/raw/api/recall_query_stage2_C2_0.json.gz
2026-10-08T10:31:04+00:00,recall,200,0.001,10,3987,data/raw/api/recall_query_stage2_C2_1.json.gz
2026-10-08T10:31:05+00:00,recall,200,0.001,10,3977,data/raw/api/recall_query_stage2_C3_0.json.gz
2026-10-08T10:31:05+00:00,recall,200,0.001,10,3967,data/raw/api/recall_query_stage2_C3_1.json.gz
2026-10-08T10:31:06+00:00,recall,200,0.001,10,3957,data/raw/api/recall_query_stage2_C4_0.json.gz
2026-10-08T10:31:06+00:00,recall,200,0.001,10,3947,data/raw/api/recall_query_stage2_C4_1.json.gz
2026-10-08T10:31:07+00:00,recall,200,0.001,10,3937,data/raw/api/recall_query_stage2_C5_0.json.gz
2026-10-08T10:31:07+00:00,recall,200,0.001,10,3927,data/raw/api/recall_query_stage2_C5_1.json.gz
2026-10-08T10:31:08+00:00,recall,200,0.001,10,3917,data/raw/api/recall_query_stage2_C6_0.json.gz
2026-10-08T10:31:08+00:00,recall,200,0.001,10,3907,data/raw/api/recall_query_stage2_C6_1.json.gz
2026-10-08T10:31:09+00:00,recall,200,0.001,10,3897,data/raw/api/recall_query_stage2_C7_0.json.gz
2026-10-08T10:31:09+00:00,recall,200,0.001,10,3887,data/raw/api/recall_query_stage2_C7_1.json.gz
2026-10-08T10:31:10+00:00,recall,200,0.001,10,3877,data/raw/api/recall_query_stage2_C8_0.json.gz
2026-10-08T10:31:10+00:00,recall,200,0.001,10,3867,data/raw/api/recall_query_stage2_C8_1.json.gz
2026-10-08T10:31:11+00:00,recall,200,0.001,10,3857,data/raw/api/recall_query_stage2_C9_0.json.gz
2026-10-08T10:31:11+00:00,recall,200,0.001,10,3847,data/raw/api/recall_query_stage2_C9_1.json.gz
2026-10-08T10:31:12+00:00,recall,200,0.001,10,3837,data/raw/api/recall_query_stage2_C10_0.json.gz
2026-10-08T10:31:12+00:00,recall,200,0.001,10,3827,data/raw/api/recall_query_stage2_C10_1.json.gz
2026-10-08T10:31:13+00:00,recall,200,0.001,10,3817,data/raw/api/recall_query_stage2_C11_0.json.gz
2026-10-08T10:31:13+00:00,recall,200,0.001,10,3807,data/raw/api/recall_query_stage2_C11_1.json.gz
2026-10-08T10:31:14+00:00,recall,200,0.001,10,3797,data/raw/api/recall_query_stage2_C12_0.json.gz
2026-10-08T10:31:14+00:00,recall,200,0.001,10,3787,data/raw/api/recall_query_stage2_C12_1.json.gz
2026-10-08T10:31:15+00:00,recall,200,0.001,10,3777,data/raw/api/recall_query_stage2_C13_0.json.gz
2026-10-08T10:31:15+00:00,recall,200,0.001,10,3767,data/raw/api/recall_query_stage2_C13_1.json.gz
2026-10-08T10:31:16+00:00,recall,200,0.001,10,3757,data/raw/api/recall_query_stage2_C14_0.json.gz
2026-10-08T10:31:16+00:00,recall,200,0.001,10,3747,data/raw/api/recall_query_stage2_C14_1.json.gz
2026-10-08T10:31:17+00:00,recall,200,0.001,10,3737,data/raw/api/recall_query_stage2_C15_0.json.gz
2026-10-08T10:31:17+00:00,recall,200,0.001,10,3727,data/raw/api/recall_query_stage2_C15_1.json.gz
2026-10-08T10:31:18+00:00,recall,200,0.001,10,3717,data/raw/api/recall_query_stage2_C16_0.json.gz
2026-10-08T10:31:18+00:00,recall,200,0.001,10,3707,data/raw/api/recall_query_stage2_C16_1.json.gz
2026-10-08T10:31:19+00:00,recall,200,0.001,10,3697,data/raw/api/recall_query_stage2_C17_0.json.gz
2026-10-08T10:31:19+00:00,recall,200,0.001,10,3687,data/raw/api/recall_query_stage2_C17_1.json.gz
2026-10-08T10:31:20+00:00,recall,200,0.001,10,3677,data/raw/api/recall_query_stage2_C18_0.json.gz
2026-10-08T10:31:20+00:00,recall,200,0.001,10,3667,data/raw/api/recall_query_stage2_C18_1.json.gz
2026-10-08T10:31:21+00:00,recall,200,0.001,10,3657,data/raw/api/recall_query_stage2_S1_0.json.gz
2026-10-08T10:31:21+00:00,recall,200,0.001,10,3647,data/raw/api/recall_query_stage2_S1_1.json.gz
2026-10-08T10:31:22+00:00,recall,200,0.001,10,3637,data/raw/api/recall_query_stage2_S2_0.json.gz
2026-10-08T10:31:22+00:00,recall,200,0.001,10,3627,data/raw/api/recall_query_stage2_S2_1.json.gz
2026-10-08T10:31:23+00:00,recall,200,0.001,10,3617,data/raw/api/recall_query_stage2_S3_0.json.gz
2026-10-08T10:31:23+00:00,recall,200,0.001,10,3607,data/raw/api/recall_query_stage2_S3_1.json.gz
2026-10-08T10:31:24+00:00,recall,200,0.001,10,3597,data/raw/api/recall_query_stage2_S4_0.json.gz
2026-10-08T10:31:24+00:00,recall,200,0.001,10,3587,data/raw/api/recall_query_stage2_S4_1.json.gz
2026-10-08T10:31:25+00:00,recall,200,0.001,10,3577,data/raw/api/recall_query_stage2_S5_0.json.gz
2026-10-08T10:31:25+00:00,recall,200,0.001,10,3567,data/raw/api/recall_query_stage2_S5_1.json.gz
2026-10-08T10:31:26+00:00,recall,200,0.001,10,3557,data/raw/api/recall_query_stage2_S6_0.json.gz
2026-10-08T10:31:26+00:00,recall,200,0.001,10,3547,data/raw/api/recall_query_stage2_S6_1.json.gz
2026-10-08T10:31:27+00:00,recall,200,0.001,10,3537,data/raw/api/recall_query_stage2_S7_0.json.gz
2026-10-08T10:31:27+00:00,recall,200,0.001,10,3527,data/raw/api/recall_query_stage2_S7_1.json.gz
2026-10-08T10:32:09+00:00,recall-check,200,0,0,3527,data/raw/works/W2216216016.json.gz
2026-10-08T10:32:09+00:00,recall-check,200,0,0,3527,data/raw/works/W2324477517.json.gz
2026-10-08T10:32:10+00:00,recall-check,200,0,0,3527,data/raw/works/W2251701517.json.gz
2026-10-08T10:32:11+00:00,recall-check,200,0,0,3527,data/raw/works/W2809295168.json.gz
2026-10-08T10:32:29+00:00,debug,400,0,0,3527,data/raw/api/debug_dbg1.json.gz
2026-10-08T10:32:34+00:00,debug,200,0.001,10,3517,data/raw/api/debug_dbg1.json.gz
2026-10-08T10:32:35+00:00,debug,200,0.001,10,3507,data/raw/api/debug_dbg2.json.gz
2026-10-08T10:32:36+00:00,debug,200,0.001,10,3497,data/raw/api/debug_dbg4.json.gz
2026-10-08T10:32:43+00:00,debug,200,0.001,10,3487,data/raw/api/debug_dbg5.json.gz
2026-10-08T10:32:44+00:00,debug,200,0.001,10,3477,data/raw/api/debug_dbg6.json.gz
2026-10-08T10:32:51+00:00,debug,200,0.001,10,3467,data/raw/api/debug_q1.json.gz
2026-10-08T10:32:51+00:00,debug,200,0.001,10,3457,data/raw/api/debug_or2.json.gz
2026-10-08T10:32:52+00:00,debug,200,0.001,10,3447,data/raw/api/debug_q1paren.json.gz
2026-10-08T10:34:42+00:00,A1,200,0.001,10,3437,data/raw/api/search_A1_landmarks.json.gz
2026-10-08T10:34:43+00:00,A1,200,0.001,10,3427,data/raw/api/search_A1_recent_q2.json.gz
2026-10-08T10:34:44+00:00,A1,200,0.001,10,3417,data/raw/api/search_A1_recent_q3.json.gz
2026-10-08T10:34:45+00:00,A1,200,0.001,10,3407,data/raw/api/search_A1_india_q2.json.gz
2026-10-08T10:34:45+00:00,A1,200,0.001,10,3397,data/raw/api/search_A1_india_q3.json.gz
2026-10-08T10:34:47+00:00,A2,200,0.001,10,3387,data/raw/api/search_A2_landmarks.json.gz
2026-10-08T10:34:48+00:00,A2,200,0.001,10,3377,data/raw/api/search_A2_recent_q2.json.gz
2026-10-08T10:34:49+00:00,A2,200,0.001,10,3367,data/raw/api/search_A2_india_q2.json.gz
2026-10-08T10:34:51+00:00,A3,200,0.001,10,3357,data/raw/api/search_A3_landmarks.json.gz
2026-10-08T10:34:51+00:00,A3,200,0.001,10,3347,data/raw/api/search_A3_recent_q5.json.gz
2026-10-08T10:34:52+00:00,A3,200,0.001,10,3337,data/raw/api/search_A3_india_q5.json.gz
2026-10-08T10:34:54+00:00,A5,200,0.001,10,3327,data/raw/api/search_A5_landmarks.json.gz
2026-10-08T10:34:55+00:00,A5,200,0.001,10,3317,data/raw/api/search_A5_recent_q4.json.gz
2026-10-08T10:34:56+00:00,A5,200,0.001,10,3307,data/raw/api/search_A5_recent_q6.json.gz
2026-10-08T10:34:56+00:00,A5,200,0.001,10,3297,data/raw/api/search_A5_india_q4.json.gz
2026-10-08T10:34:57+00:00,A5,200,0.001,10,3287,data/raw/api/search_A5_india_q6.json.gz
2026-10-08T10:34:59+00:00,A6,200,0.001,10,3277,data/raw/api/search_A6_landmarks.json.gz
2026-10-08T10:35:00+00:00,A6,200,0.001,10,3267,data/raw/api/search_A6_recent_q5.json.gz
2026-10-08T10:35:00+00:00,A6,200,0.001,10,3257,data/raw/api/search_A6_india_q5.json.gz
2026-10-08T10:35:02+00:00,A8,200,0.001,10,3247,data/raw/api/search_A8_landmarks.json.gz
2026-10-08T10:35:03+00:00,A8,200,0.001,10,3237,data/raw/api/search_A8_recent_q6.json.gz
2026-10-08T10:35:04+00:00,A8,200,0.001,10,3227,data/raw/api/search_A8_india_q6.json.gz
2026-10-08T10:35:05+00:00,A10,200,0.001,10,3217,data/raw/api/search_A10_landmarks.json.gz
2026-10-08T10:35:06+00:00,A10,200,0.001,10,3207,data/raw/api/search_A10_recent_q4.json.gz
2026-10-08T10:35:07+00:00,A10,200,0.001,10,3197,data/raw/api/search_A10_india_q4.json.gz
2026-10-08T10:35:08+00:00,A11,200,0.001,10,3187,data/raw/api/search_A11_landmarks.json.gz
2026-10-08T10:35:09+00:00,A11,200,0.001,10,3177,data/raw/api/search_A11_recent_q1.json.gz
2026-10-08T10:35:10+00:00,A11,200,0.001,10,3167,data/raw/api/search_A11_recent_q2.json.gz
2026-10-08T10:35:10+00:00,A11,200,0.001,10,3157,data/raw/api/search_A11_india_q1.json.gz
2026-10-08T10:35:11+00:00,A11,200,0.001,10,3147,data/raw/api/search_A11_india_q2.json.gz
2026-10-08T10:35:13+00:00,A12,200,0.001,10,3137,data/raw/api/search_A12_landmarks.json.gz
2026-10-08T10:35:13+00:00,A12,200,0.001,10,3127,data/raw/api/search_A12_recent_q1.json.gz
2026-10-08T10:35:14+00:00,A12,200,0.001,10,3117,data/raw/api/search_A12_recent_q5.json.gz
2026-10-08T10:35:15+00:00,A12,200,0.001,10,3107,data/raw/api/search_A12_india_q1.json.gz
2026-10-08T10:35:15+00:00,A12,200,0.001,10,3097,data/raw/api/search_A12_india_q5.json.gz
2026-10-08T10:35:17+00:00,A13,200,0.001,10,3087,data/raw/api/search_A13_landmarks.json.gz
2026-10-08T10:35:18+00:00,A13,200,0.001,10,3077,data/raw/api/search_A13_recent_q1.json.gz
2026-10-08T10:35:18+00:00,A13,200,0.001,10,3067,data/raw/api/search_A13_recent_q3.json.gz
2026-10-08T10:35:18+00:00,A13,200,0.001,10,3057,data/raw/api/search_A13_recent_q4.json.gz
2026-10-08T10:35:19+00:00,A13,200,0.001,10,3047,data/raw/api/search_A13_recent_q5.json.gz
2026-10-08T10:35:20+00:00,A13,200,0.001,10,3037,data/raw/api/search_A13_india_q1.json.gz
2026-10-08T10:35:20+00:00,A13,200,0.001,10,3027,data/raw/api/search_A13_india_q3.json.gz
2026-10-08T10:35:21+00:00,A13,200,0.001,10,3017,data/raw/api/search_A13_india_q4.json.gz
2026-10-08T10:35:21+00:00,A13,200,0.001,10,3007,data/raw/api/search_A13_india_q5.json.gz
2026-10-08T10:35:23+00:00,B4,200,0.001,10,2997,data/raw/api/search_B4_landmarks.json.gz
2026-10-08T10:35:23+00:00,B4,200,0.001,10,2987,data/raw/api/search_B4_recent_q2.json.gz
2026-10-08T10:35:24+00:00,B4,200,0.001,10,2977,data/raw/api/search_B4_india_q2.json.gz
2026-10-08T10:35:26+00:00,B8,200,0.001,10,2967,data/raw/api/search_B8_landmarks.json.gz
2026-10-08T10:35:26+00:00,B8,200,0.001,10,2957,data/raw/api/search_B8_recent_q5.json.gz
2026-10-08T10:35:27+00:00,B8,200,0.001,10,2947,data/raw/api/search_B8_india_q5.json.gz
2026-10-08T10:35:28+00:00,B12,200,0.001,10,2937,data/raw/api/search_B12_landmarks.json.gz
2026-10-08T10:35:29+00:00,B12,200,0.001,10,2927,data/raw/api/search_B12_recent_q1.json.gz
2026-10-08T10:35:29+00:00,B12,200,0.001,10,2917,data/raw/api/search_B12_india_q1.json.gz
2026-10-08T10:35:31+00:00,B13,200,0.001,10,2907,data/raw/api/search_B13_landmarks.json.gz
2026-10-08T10:35:32+00:00,B13,200,0.001,10,2897,data/raw/api/search_B13_recent_q4.json.gz
2026-10-08T10:35:32+00:00,B13,200,0.001,10,2887,data/raw/api/search_B13_india_q4.json.gz
2026-10-08T10:35:34+00:00,C4,200,0.001,10,2877,data/raw/api/search_C4_landmarks.json.gz
2026-10-08T10:35:35+00:00,C4,200,0.001,10,2867,data/raw/api/search_C4_recent_q2.json.gz
2026-10-08T10:35:35+00:00,C4,200,0.001,10,2857,data/raw/api/search_C4_india_q2.json.gz
2026-10-08T10:35:37+00:00,C9,200,0.001,10,2847,data/raw/api/search_C9_landmarks.json.gz
2026-10-08T10:35:37+00:00,C9,200,0.001,10,2837,data/raw/api/search_C9_recent_q1.json.gz
2026-10-08T10:35:38+00:00,C9,200,0.001,10,2827,data/raw/api/search_C9_recent_q2.json.gz
2026-10-08T10:35:38+00:00,C9,200,0.001,10,2817,data/raw/api/search_C9_india_q1.json.gz
2026-10-08T10:35:39+00:00,C9,200,0.001,10,2807,data/raw/api/search_C9_india_q2.json.gz
2026-10-08T10:35:41+00:00,S2,200,0.001,10,2797,data/raw/api/search_S2_landmarks.json.gz
2026-10-08T10:35:41+00:00,S2,200,0.001,10,2787,data/raw/api/search_S2_recent.json.gz
2026-10-08T10:35:42+00:00,S2,200,0.001,10,2777,data/raw/api/search_S2_india.json.gz
2026-10-08T10:35:43+00:00,S4,200,0.001,10,2767,data/raw/api/search_S4_landmarks.json.gz
2026-10-08T10:35:44+00:00,S4,200,0.001,10,2757,data/raw/api/search_S4_recent.json.gz
2026-10-08T10:35:45+00:00,S4,200,0.001,10,2747,data/raw/api/search_S4_india.json.gz
2026-10-08T10:35:46+00:00,B5,200,0.001,10,2737,data/raw/api/search_B5_recent_q4.json.gz
2026-10-08T10:35:47+00:00,B5,200,0.001,10,2727,data/raw/api/search_B5_india_q4.json.gz
2026-10-08T10:35:48+00:00,C2,200,0.001,10,2717,data/raw/api/search_C2_recent_q4.json.gz
2026-10-08T10:35:49+00:00,C2,200,0.001,10,2707,data/raw/api/search_C2_india_q4.json.gz
2026-10-08T10:36:56+00:00,A8,200,0.001,10,2697,data/raw/api/search_A8_landmarks.json.gz
2026-10-08T10:36:57+00:00,A8,200,0.001,10,2687,data/raw/api/search_A8_recent_q6.json.gz
2026-10-08T10:36:58+00:00,A8,200,0.001,10,2677,data/raw/api/search_A8_india_q6.json.gz
2026-10-08T10:39:15+00:00,recall,200,0.001,10,2667,data/raw/api/recall_query_stage2_A1_0.json.gz
2026-10-08T10:39:16+00:00,recall,200,0.001,10,2657,data/raw/api/recall_query_stage2_A2_0.json.gz
2026-10-08T10:39:16+00:00,recall,200,0.001,10,2647,data/raw/api/recall_query_stage2_A3_0.json.gz
2026-10-08T10:39:17+00:00,recall,200,0.001,10,2637,data/raw/api/recall_query_stage2_A5_0.json.gz
2026-10-08T10:39:17+00:00,recall,200,0.001,10,2627,data/raw/api/recall_query_stage2_A6_0.json.gz
2026-10-08T10:39:18+00:00,recall,200,0.001,10,2617,data/raw/api/recall_query_stage2_A8_0.json.gz
2026-10-08T10:39:19+00:00,recall,200,0.001,10,2607,data/raw/api/recall_query_stage2_A10_0.json.gz
2026-10-08T10:39:19+00:00,recall,200,0.001,10,2597,data/raw/api/recall_query_stage2_A11_0.json.gz
2026-10-08T10:39:20+00:00,recall,200,0.001,10,2587,data/raw/api/recall_query_stage2_A12_0.json.gz
2026-10-08T10:39:21+00:00,recall,200,0.001,10,2577,data/raw/api/recall_query_stage2_A13_0.json.gz
2026-10-08T10:39:21+00:00,recall,200,0.001,10,2567,data/raw/api/recall_query_stage2_B4_0.json.gz
2026-10-08T10:39:22+00:00,recall,200,0.001,10,2557,data/raw/api/recall_query_stage2_B5_0.json.gz
2026-10-08T10:39:22+00:00,recall,200,0.001,10,2547,data/raw/api/recall_query_stage2_B8_0.json.gz
2026-10-08T10:39:23+00:00,recall,200,0.001,10,2537,data/raw/api/recall_query_stage2_B12_0.json.gz
2026-10-08T10:39:23+00:00,recall,200,0.001,10,2527,data/raw/api/recall_query_stage2_B13_0.json.gz
2026-10-08T10:39:24+00:00,recall,200,0.001,10,2517,data/raw/api/recall_query_stage2_C2_0.json.gz
2026-10-08T10:39:24+00:00,recall,200,0.001,10,2507,data/raw/api/recall_query_stage2_C4_0.json.gz
2026-10-08T10:39:25+00:00,recall,200,0.001,10,2497,data/raw/api/recall_query_stage2_C9_0.json.gz
2026-10-08T10:39:25+00:00,recall,200,0.001,10,2487,data/raw/api/recall_query_stage2_S2_0.json.gz
2026-10-08T10:39:26+00:00,recall,200,0.001,10,2477,data/raw/api/recall_query_stage2_S4_0.json.gz
2026-10-08T10:41:48+00:00,growth-test,200,0.0001,1,2476,data/raw/api/growthtest_all2024.json.gz
2026-10-08T10:41:49+00:00,growth-test,200,0.0001,1,2475,data/raw/api/growthtest_artch2024.json.gz
2026-10-08T10:41:50+00:00,growth-test,200,0.0001,1,2474,data/raw/api/growthtest_artch_norepo.json.gz
2026-10-08T10:41:51+00:00,growth-test,200,0.0001,1,2473,data/raw/api/growthtest_artch_jbs.json.gz
2026-10-08T10:41:52+00:00,growth-test,200,0.0001,1,2472,data/raw/api/growthtest_artch_nosrc.json.gz
2026-10-08T10:41:53+00:00,growth-test,200,0.0001,1,2471,data/raw/api/growthtest_ss_artch_norepo.json.gz
2026-10-08T10:41:54+00:00,growth-test,200,0.0001,1,2470,data/raw/api/growthtest_groupsrc.json.gz
2026-10-08T10:42:40+00:00,growth,200,0.0001,1,2469,data/raw/api/growth_baseline_ss.json.gz
2026-10-08T10:42:41+00:00,growth,200,0.001,10,2459,data/raw/api/growth_baseline_ss_sa.json.gz
2026-10-08T10:42:42+00:00,growth,200,0.001,10,2449,data/raw/api/growth_A1_global.json.gz
2026-10-08T10:42:42+00:00,growth,200,0.001,10,2439,data/raw/api/growth_A1_sa.json.gz
2026-10-08T10:42:43+00:00,growth,200,0.001,10,2429,data/raw/api/growth_A1_sample.json.gz
2026-10-08T10:42:44+00:00,growth,200,0.001,10,2419,data/raw/api/growth_A2_global.json.gz
2026-10-08T10:42:44+00:00,growth,200,0.001,10,2409,data/raw/api/growth_A2_sa.json.gz
2026-10-08T10:42:45+00:00,growth,200,0.001,10,2399,data/raw/api/growth_A2_sample.json.gz
2026-10-08T10:42:46+00:00,growth,200,0.001,10,2389,data/raw/api/growth_A3_global.json.gz
2026-10-08T10:42:46+00:00,growth,200,0.001,10,2379,data/raw/api/growth_A3_sa.json.gz
2026-10-08T10:42:47+00:00,growth,200,0.001,10,2369,data/raw/api/growth_A3_sample.json.gz
2026-10-08T10:42:47+00:00,growth,200,0.001,10,2359,data/raw/api/growth_A4_global.json.gz
2026-10-08T10:42:47+00:00,growth,200,0.001,10,2349,data/raw/api/growth_A4_sa.json.gz
2026-10-08T10:42:48+00:00,growth,200,0.001,10,2339,data/raw/api/growth_A4_sample.json.gz
2026-10-08T10:42:49+00:00,growth,200,0.001,10,2329,data/raw/api/growth_A5_global.json.gz
2026-10-08T10:42:49+00:00,growth,200,0.001,10,2319,data/raw/api/growth_A5_sa.json.gz
2026-10-08T10:42:50+00:00,growth,200,0.001,10,2309,data/raw/api/growth_A5_sample.json.gz
2026-10-08T10:42:51+00:00,growth,200,0.001,10,2299,data/raw/api/growth_A6_global.json.gz
2026-10-08T10:42:51+00:00,growth,200,0.001,10,2289,data/raw/api/growth_A6_sa.json.gz
2026-10-08T10:42:52+00:00,growth,200,0.001,10,2279,data/raw/api/growth_A6_sample.json.gz
2026-10-08T10:42:52+00:00,growth,200,0.001,10,2269,data/raw/api/growth_A7_global.json.gz
2026-10-08T10:42:53+00:00,growth,200,0.001,10,2259,data/raw/api/growth_A7_sa.json.gz
2026-10-08T10:42:53+00:00,growth,200,0.001,10,2249,data/raw/api/growth_A7_sample.json.gz
2026-10-08T10:42:54+00:00,growth,200,0.001,10,2239,data/raw/api/growth_A8_global.json.gz
2026-10-08T10:42:55+00:00,growth,200,0.001,10,2229,data/raw/api/growth_A8_sa.json.gz
2026-10-08T10:42:55+00:00,growth,200,0.001,10,2219,data/raw/api/growth_A8_sample.json.gz
2026-10-08T10:42:56+00:00,growth,200,0.001,10,2209,data/raw/api/growth_A9_global.json.gz
2026-10-08T10:42:56+00:00,growth,200,0.001,10,2199,data/raw/api/growth_A9_sa.json.gz
2026-10-08T10:42:57+00:00,growth,200,0.001,10,2189,data/raw/api/growth_A9_sample.json.gz
2026-10-08T10:42:58+00:00,growth,200,0.001,10,2179,data/raw/api/growth_A10_global.json.gz
2026-10-08T10:42:58+00:00,growth,200,0.001,10,2169,data/raw/api/growth_A10_sa.json.gz
2026-10-08T10:42:59+00:00,growth,200,0.001,10,2159,data/raw/api/growth_A10_sample.json.gz
2026-10-08T10:42:59+00:00,growth,200,0.001,10,2149,data/raw/api/growth_A11_global.json.gz
2026-10-08T10:43:00+00:00,growth,200,0.001,10,2139,data/raw/api/growth_A11_sa.json.gz
2026-10-08T10:43:00+00:00,growth,200,0.001,10,2129,data/raw/api/growth_A11_sample.json.gz
2026-10-08T10:43:01+00:00,growth,200,0.001,10,2119,data/raw/api/growth_A12_global.json.gz
2026-10-08T10:43:01+00:00,growth,200,0.001,10,2109,data/raw/api/growth_A12_sa.json.gz
2026-10-08T10:43:02+00:00,growth,200,0.001,10,2099,data/raw/api/growth_A12_sample.json.gz
2026-10-08T10:43:03+00:00,growth,200,0.001,10,2089,data/raw/api/growth_A13_global.json.gz
2026-10-08T10:43:03+00:00,growth,200,0.001,10,2079,data/raw/api/growth_A13_sa.json.gz
2026-10-08T10:43:04+00:00,growth,200,0.001,10,2069,data/raw/api/growth_A13_sample.json.gz
2026-10-08T10:43:04+00:00,growth,200,0.001,10,2059,data/raw/api/growth_A14_global.json.gz
2026-10-08T10:43:05+00:00,growth,200,0.001,10,2049,data/raw/api/growth_A14_sa.json.gz
2026-10-08T10:43:05+00:00,growth,200,0.001,10,2039,data/raw/api/growth_A14_sample.json.gz
2026-10-08T10:43:06+00:00,growth,200,0.001,10,2029,data/raw/api/growth_A15_global.json.gz
2026-10-08T10:43:06+00:00,growth,200,0.001,10,2019,data/raw/api/growth_A15_sa.json.gz
2026-10-08T10:43:07+00:00,growth,200,0.001,10,2009,data/raw/api/growth_A15_sample.json.gz
2026-10-08T10:43:08+00:00,growth,200,0.001,10,1999,data/raw/api/growth_A16_global.json.gz
2026-10-08T10:43:08+00:00,growth,200,0.001,10,1989,data/raw/api/growth_A16_sa.json.gz
2026-10-08T10:43:09+00:00,growth,200,0.001,10,1979,data/raw/api/growth_A16_sample.json.gz
2026-10-08T10:43:09+00:00,growth,200,0.001,10,1969,data/raw/api/growth_B1_global.json.gz
2026-10-08T10:43:10+00:00,growth,200,0.001,10,1959,data/raw/api/growth_B1_sa.json.gz
2026-10-08T10:43:10+00:00,growth,200,0.001,10,1949,data/raw/api/growth_B1_sample.json.gz
2026-10-08T10:43:11+00:00,growth,200,0.001,10,1939,data/raw/api/growth_B2_global.json.gz
2026-10-08T10:43:11+00:00,growth,200,0.001,10,1929,data/raw/api/growth_B2_sa.json.gz
2026-10-08T10:43:12+00:00,growth,200,0.001,10,1919,data/raw/api/growth_B2_sample.json.gz
2026-10-08T10:43:12+00:00,growth,200,0.001,10,1909,data/raw/api/growth_B3_global.json.gz
2026-10-08T10:43:13+00:00,growth,200,0.001,10,1899,data/raw/api/growth_B3_sa.json.gz
2026-10-08T10:43:13+00:00,growth,200,0.001,10,1889,data/raw/api/growth_B3_sample.json.gz
2026-10-08T10:43:14+00:00,growth,200,0.001,10,1879,data/raw/api/growth_B4_global.json.gz
2026-10-08T10:43:14+00:00,growth,200,0.001,10,1869,data/raw/api/growth_B4_sa.json.gz
2026-10-08T10:43:15+00:00,growth,200,0.001,10,1859,data/raw/api/growth_B4_sample.json.gz
2026-10-08T10:43:16+00:00,growth,200,0.001,10,1849,data/raw/api/growth_B5_global.json.gz
2026-10-08T10:43:16+00:00,growth,200,0.001,10,1839,data/raw/api/growth_B5_sa.json.gz
2026-10-08T10:43:17+00:00,growth,200,0.001,10,1829,data/raw/api/growth_B5_sample.json.gz
2026-10-08T10:43:17+00:00,growth,200,0.001,10,1819,data/raw/api/growth_B6_global.json.gz
2026-10-08T10:43:18+00:00,growth,200,0.001,10,1809,data/raw/api/growth_B6_sa.json.gz
2026-10-08T10:43:18+00:00,growth,200,0.001,10,1799,data/raw/api/growth_B6_sample.json.gz
2026-10-08T10:43:19+00:00,growth,200,0.001,10,1789,data/raw/api/growth_B7_global.json.gz
2026-10-08T10:43:19+00:00,growth,200,0.001,10,1779,data/raw/api/growth_B7_sa.json.gz
2026-10-08T10:43:20+00:00,growth,200,0.001,10,1769,data/raw/api/growth_B7_sample.json.gz
2026-10-08T10:43:21+00:00,growth,200,0.001,10,1759,data/raw/api/growth_B8_global.json.gz
2026-10-08T10:43:21+00:00,growth,200,0.001,10,1749,data/raw/api/growth_B8_sa.json.gz
2026-10-08T10:43:22+00:00,growth,200,0.001,10,1739,data/raw/api/growth_B8_sample.json.gz
2026-10-08T10:43:22+00:00,growth,200,0.001,10,1729,data/raw/api/growth_B9_global.json.gz
2026-10-08T10:43:23+00:00,growth,200,0.001,10,1719,data/raw/api/growth_B9_sa.json.gz
2026-10-08T10:43:23+00:00,growth,200,0.001,10,1709,data/raw/api/growth_B9_sample.json.gz
2026-10-08T10:43:24+00:00,growth,200,0.001,10,1699,data/raw/api/growth_B10_global.json.gz
2026-10-08T10:43:25+00:00,growth,200,0.001,10,1689,data/raw/api/growth_B10_sa.json.gz
2026-10-08T10:43:25+00:00,growth,200,0.001,10,1679,data/raw/api/growth_B10_sample.json.gz
2026-10-08T10:43:26+00:00,growth,200,0.001,10,1669,data/raw/api/growth_B11_global.json.gz
2026-10-08T10:43:26+00:00,growth,200,0.001,10,1659,data/raw/api/growth_B11_sa.json.gz
2026-10-08T10:43:27+00:00,growth,200,0.001,10,1649,data/raw/api/growth_B11_sample.json.gz
2026-10-08T10:43:27+00:00,growth,200,0.001,10,1639,data/raw/api/growth_B12_global.json.gz
2026-10-08T10:43:28+00:00,growth,200,0.001,10,1629,data/raw/api/growth_B12_sa.json.gz
2026-10-08T10:43:28+00:00,growth,200,0.001,10,1619,data/raw/api/growth_B12_sample.json.gz
2026-10-08T10:43:29+00:00,growth,200,0.001,10,1609,data/raw/api/growth_B13_global.json.gz
2026-10-08T10:43:29+00:00,growth,200,0.001,10,1599,data/raw/api/growth_B13_sa.json.gz
2026-10-08T10:43:30+00:00,growth,200,0.001,10,1589,data/raw/api/growth_B13_sample.json.gz
2026-10-08T10:43:30+00:00,growth,200,0.001,10,1579,data/raw/api/growth_B14_global.json.gz
2026-10-08T10:43:31+00:00,growth,200,0.001,10,1569,data/raw/api/growth_B14_sa.json.gz
2026-10-08T10:43:31+00:00,growth,200,0.001,10,1559,data/raw/api/growth_B14_sample.json.gz
2026-10-08T10:43:32+00:00,growth,200,0.001,10,1549,data/raw/api/growth_C1_global.json.gz
2026-10-08T10:43:32+00:00,growth,200,0.001,10,1539,data/raw/api/growth_C1_sa.json.gz
2026-10-08T10:43:33+00:00,growth,200,0.001,10,1529,data/raw/api/growth_C1_sample.json.gz
2026-10-08T10:43:34+00:00,growth,200,0.001,10,1519,data/raw/api/growth_C2_global.json.gz
2026-10-08T10:43:34+00:00,growth,200,0.001,10,1509,data/raw/api/growth_C2_sa.json.gz
2026-10-08T10:43:35+00:00,growth,200,0.001,10,1499,data/raw/api/growth_C2_sample.json.gz
2026-10-08T10:43:35+00:00,growth,200,0.001,10,1489,data/raw/api/growth_C3_global.json.gz
2026-10-08T10:43:36+00:00,growth,200,0.001,10,1479,data/raw/api/growth_C3_sa.json.gz
2026-10-08T10:43:36+00:00,growth,200,0.001,10,1469,data/raw/api/growth_C3_sample.json.gz
2026-10-08T10:43:37+00:00,growth,200,0.001,10,1459,data/raw/api/growth_C4_global.json.gz
2026-10-08T10:43:37+00:00,growth,200,0.001,10,1449,data/raw/api/growth_C4_sa.json.gz
2026-10-08T10:43:38+00:00,growth,200,0.001,10,1439,data/raw/api/growth_C4_sample.json.gz
2026-10-08T10:43:38+00:00,growth,200,0.001,10,1429,data/raw/api/growth_C5_global.json.gz
2026-10-08T10:43:39+00:00,growth,200,0.001,10,1419,data/raw/api/growth_C5_sa.json.gz
2026-10-08T10:43:39+00:00,growth,200,0.001,10,1409,data/raw/api/growth_C5_sample.json.gz
2026-10-08T10:43:40+00:00,growth,200,0.001,10,1399,data/raw/api/growth_C6_global.json.gz
2026-10-08T10:43:40+00:00,growth,200,0.001,10,1389,data/raw/api/growth_C6_sa.json.gz
2026-10-08T10:43:41+00:00,growth,200,0.001,10,1379,data/raw/api/growth_C6_sample.json.gz
2026-10-08T10:43:41+00:00,growth,200,0.001,10,1369,data/raw/api/growth_C7_global.json.gz
2026-10-08T10:43:42+00:00,growth,200,0.001,10,1359,data/raw/api/growth_C7_sa.json.gz
2026-10-08T10:43:42+00:00,growth,200,0.001,10,1349,data/raw/api/growth_C7_sample.json.gz
2026-10-08T10:43:43+00:00,growth,200,0.001,10,1339,data/raw/api/growth_C8_global.json.gz
2026-10-08T10:43:43+00:00,growth,200,0.001,10,1329,data/raw/api/growth_C8_sa.json.gz
2026-10-08T10:43:44+00:00,growth,200,0.001,10,1319,data/raw/api/growth_C8_sample.json.gz
2026-10-08T10:43:45+00:00,growth,200,0.001,10,1309,data/raw/api/growth_C9_global.json.gz
2026-10-08T10:43:45+00:00,growth,200,0.001,10,1299,data/raw/api/growth_C9_sa.json.gz
2026-10-08T10:43:46+00:00,growth,200,0.001,10,1289,data/raw/api/growth_C9_sample.json.gz
2026-10-08T10:43:46+00:00,growth,200,0.001,10,1279,data/raw/api/growth_C10_global.json.gz
2026-10-08T10:43:47+00:00,growth,200,0.001,10,1269,data/raw/api/growth_C10_sa.json.gz
2026-10-08T10:43:47+00:00,growth,200,0.001,10,1259,data/raw/api/growth_C10_sample.json.gz
2026-10-08T10:43:48+00:00,growth,200,0.001,10,1249,data/raw/api/growth_C11_global.json.gz
2026-10-08T10:43:48+00:00,growth,200,0.001,10,1239,data/raw/api/growth_C11_sa.json.gz
2026-10-08T10:43:49+00:00,growth,200,0.001,10,1229,data/raw/api/growth_C11_sample.json.gz
2026-10-08T10:43:49+00:00,growth,200,0.001,10,1219,data/raw/api/growth_C12_global.json.gz
2026-10-08T10:43:50+00:00,growth,200,0.001,10,1209,data/raw/api/growth_C12_sa.json.gz
2026-10-08T10:43:50+00:00,growth,200,0.001,10,1199,data/raw/api/growth_C12_sample.json.gz
2026-10-08T10:43:51+00:00,growth,200,0.001,10,1189,data/raw/api/growth_C13_global.json.gz
2026-10-08T10:43:51+00:00,growth,200,0.001,10,1179,data/raw/api/growth_C13_sa.json.gz
2026-10-08T10:43:52+00:00,growth,200,0.001,10,1169,data/raw/api/growth_C13_sample.json.gz
2026-10-08T10:43:52+00:00,growth,200,0.001,10,1159,data/raw/api/growth_C14_global.json.gz
2026-10-08T10:43:53+00:00,growth,200,0.001,10,1149,data/raw/api/growth_C14_sa.json.gz
2026-10-08T10:43:53+00:00,growth,200,0.001,10,1139,data/raw/api/growth_C14_sample.json.gz
2026-10-08T10:43:54+00:00,growth,200,0.001,10,1129,data/raw/api/growth_C15_global.json.gz
2026-10-08T10:43:54+00:00,growth,200,0.001,10,1119,data/raw/api/growth_C15_sa.json.gz
2026-10-08T10:43:55+00:00,growth,200,0.001,10,1109,data/raw/api/growth_C15_sample.json.gz
2026-10-08T10:43:56+00:00,growth,200,0.001,10,1099,data/raw/api/growth_C16_global.json.gz
2026-10-08T10:43:56+00:00,growth,200,0.001,10,1089,data/raw/api/growth_C16_sa.json.gz
2026-10-08T10:43:57+00:00,growth,200,0.001,10,1079,data/raw/api/growth_C16_sample.json.gz
2026-10-08T10:43:57+00:00,growth,200,0.001,10,1069,data/raw/api/growth_C17_global.json.gz
2026-10-08T10:43:58+00:00,growth,200,0.001,10,1059,data/raw/api/growth_C17_sa.json.gz
2026-10-08T10:43:58+00:00,growth,200,0.001,10,1049,data/raw/api/growth_C17_sample.json.gz
2026-10-08T10:43:59+00:00,growth,200,0.001,10,1039,data/raw/api/growth_C18_global.json.gz
2026-10-08T10:43:59+00:00,growth,200,0.001,10,1029,data/raw/api/growth_C18_sa.json.gz
2026-10-08T10:44:00+00:00,growth,200,0.001,10,1019,data/raw/api/growth_C18_sample.json.gz
2026-10-08T11:14:22+00:00,coverage,200,0.001,10,999,data/raw/coverage/sources_search_Economic_and_Political_Weekly.json
2026-10-08T11:14:22+00:00,coverage,200,0.001,10,989,data/raw/coverage/sources_search_Seminar.json
2026-10-08T11:14:23+00:00,coverage,200,0.001,10,979,data/raw/coverage/sources_search_Contributions_to_Indian_Sociology.json
2026-10-08T11:14:23+00:00,coverage,200,0.001,10,969,data/raw/coverage/sources_search_Indian_Journal_of_Public_Administration.json
2026-10-08T11:14:24+00:00,coverage,200,0.001,10,959,data/raw/coverage/sources_search_Environment_and_Urbanization_ASIA.json
2026-10-08T11:14:24+00:00,coverage,200,0.001,10,949,data/raw/coverage/sources_search_Urbanisation.json
2026-10-08T11:14:25+00:00,coverage,200,0.001,10,939,data/raw/coverage/sources_search_Shodhganga.json
2026-10-08T11:14:33+00:00,coverage,200,0.0001,1,938,data/raw/coverage/sources_issn_0012-9976.json
2026-10-08T11:14:33+00:00,coverage,200,0.0001,1,937,data/raw/coverage/sources_issn_2349-8846.json
2026-10-08T11:14:34+00:00,coverage,200,0.0001,1,936,data/raw/coverage/sources_issn_0037-1947.json
2026-10-08T11:14:35+00:00,coverage,200,0.001,10,926,data/raw/coverage/sources_display_name.search_political_weekly.json
2026-10-08T11:14:36+00:00,coverage,200,0.001,10,916,data/raw/coverage/sources_display_name.search_seminar_new_delhi.json
2026-10-08T11:14:45+00:00,coverage,200,0.0001,1,915,data/raw/api/../coverage/count_Economic_and_Political_Weekly_core.json.gz
2026-10-08T11:14:45+00:00,coverage,200,0.0001,1,914,data/raw/api/../coverage/count_Economic_and_Political_Weekly_all.json.gz
2026-10-08T11:14:49+00:00,coverage,200,0.0001,1,913,data/raw/api/../coverage/count_Contributions_to_Indian_Sociology_core.json.gz
2026-10-08T11:14:50+00:00,coverage,200,0.0001,1,912,data/raw/api/../coverage/count_Contributions_to_Indian_Sociology_all.json.gz
2026-10-08T11:14:54+00:00,coverage,200,0.0001,1,911,data/raw/api/../coverage/count_Indian_Journal_of_Public_Administration_core.json.gz
2026-10-08T11:14:54+00:00,coverage,200,0.0001,1,910,data/raw/api/../coverage/count_Indian_Journal_of_Public_Administration_all.json.gz
2026-10-08T11:14:58+00:00,coverage,200,0.0001,1,909,data/raw/api/../coverage/count_Environment_and_Urbanization_Asia_core.json.gz
2026-10-08T11:14:59+00:00,coverage,200,0.0001,1,908,data/raw/api/../coverage/count_Environment_and_Urbanization_Asia_all.json.gz
2026-10-08T11:15:02+00:00,coverage,200,0.0001,1,907,data/raw/api/../coverage/count_Urbanisation_core.json.gz
2026-10-08T11:15:03+00:00,coverage,200,0.0001,1,906,data/raw/api/../coverage/count_Urbanisation_all.json.gz
2026-10-08T11:15:07+00:00,coverage,200,0.0001,1,905,data/raw/api/../coverage/count_Shodhganga_core.json.gz
2026-10-08T11:15:08+00:00,coverage,200,0.0001,1,904,data/raw/api/../coverage/count_Shodhganga_all.json.gz
2026-10-08T11:15:19+00:00,coverage,200,0.0001,1,903,data/raw/api/../coverage/abstracts_S119254795.json.gz
2026-10-08T11:15:20+00:00,coverage,200,0.0001,1,902,data/raw/api/../coverage/abstracts_S119510258.json.gz
2026-10-08T11:15:21+00:00,coverage,200,0.0001,1,901,data/raw/api/../coverage/abstracts_S2764645683.json.gz
2026-10-08T11:15:22+00:00,coverage,200,0.0001,1,900,data/raw/api/../coverage/abstracts_S151544878.json.gz
2026-10-08T11:15:23+00:00,coverage,200,0.0001,1,899,data/raw/api/../coverage/abstracts_S4210201308.json.gz
2026-10-08T11:15:24+00:00,coverage,200,0.0001,1,898,data/raw/api/../coverage/abstracts_S4377209701.json.gz
2026-10-08T11:26:36+00:00,stage3-test,200,0.0001,1,897,data/raw/api/test_iscore_filter.json.gz
2026-10-08T11:26:37+00:00,stage3-test,200,0.0001,1,896,data/raw/api/test_iscore_group.json.gz
2026-10-08T11:27:07+00:00,stage3-test,200,0.001,10,886,data/raw/api/test_region_longest.json.gz
2026-10-08T11:29:21+00:00,emerging,200,0.0001,1,885,data/raw/api/emerging_kw_generative-ai.json.gz
2026-10-08T11:29:22+00:00,emerging,200,0.0001,1,884,data/raw/api/emerging_kw_baseline.json.gz
2026-10-08T11:29:22+00:00,emerging,200,0.0001,1,883,data/raw/api/emerging_kw_large-language-models.json.gz
2026-10-08T11:29:22+00:00,emerging,200,0.0001,1,882,data/raw/api/emerging_kw_chatgpt.json.gz
2026-10-08T11:29:23+00:00,emerging,200,0.0001,1,881,data/raw/api/emerging_kw_unified-payments-interface.json.gz
2026-10-08T11:29:23+00:00,emerging,200,0.0001,1,880,data/raw/api/emerging_kw_digital-public-infrastructure.json.gz
2026-10-08T11:29:24+00:00,emerging,200,0.0001,1,879,data/raw/api/emerging_kw_digital-sovereignty.json.gz
2026-10-08T11:29:24+00:00,emerging,200,0.0001,1,878,data/raw/api/emerging_kw_participatory-governance.json.gz
2026-10-08T11:29:24+00:00,emerging,200,0.0001,1,877,data/raw/api/emerging_kw_land-use-regulation.json.gz
2026-10-08T11:29:25+00:00,emerging,200,0.0001,1,876,data/raw/api/emerging_kw_digital-personal-data-protection-act-2023.json.gz
2026-10-08T11:29:25+00:00,emerging,200,0.0001,1,875,data/raw/api/emerging_kw_last-mile-delivery.json.gz
2026-10-08T11:29:26+00:00,emerging,200,0.0001,1,874,data/raw/api/emerging_kw_state-capacity.json.gz
2026-10-08T11:29:26+00:00,emerging,200,0.0001,1,873,data/raw/api/emerging_kw_facial-recognition-technology.json.gz
2026-10-08T11:29:26+00:00,emerging,200,0.0001,1,872,data/raw/api/emerging_kw_social-security.json.gz
2026-10-08T11:29:27+00:00,emerging,200,0.0001,1,871,data/raw/api/emerging_kw_face-recognition.json.gz
2026-10-08T11:29:27+00:00,emerging,200,0.0001,1,870,data/raw/api/emerging_kw_night-time-economy.json.gz
2026-10-08T11:29:28+00:00,emerging,200,0.0001,1,869,data/raw/api/emerging_kw_henri-lefebvre.json.gz
2026-10-08T11:29:28+00:00,emerging,200,0.0001,1,868,data/raw/api/emerging_kw_gig-workers.json.gz
2026-10-08T11:29:28+00:00,emerging,200,0.0001,1,867,data/raw/api/emerging_kw_digital-literacy.json.gz
2026-10-08T11:29:29+00:00,emerging,200,0.0001,1,866,data/raw/api/emerging_kw_urban-morphology.json.gz
2026-10-08T11:29:29+00:00,emerging,200,0.0001,1,865,data/raw/api/emerging_kw_national-security.json.gz
2026-10-08T11:29:30+00:00,emerging,200,0.0001,1,864,data/raw/api/emerging_kw_placemaking.json.gz
2026-10-08T11:29:30+00:00,emerging,200,0.0001,1,863,data/raw/api/emerging_kw_southern-urbanism.json.gz
2026-10-08T11:29:30+00:00,emerging,200,0.0001,1,862,data/raw/api/emerging_kw_online-fraud.json.gz
2026-10-08T11:29:31+00:00,emerging,200,0.0001,1,861,data/raw/api/emerging_kw_social-capital.json.gz
2026-10-08T11:29:31+00:00,emerging,200,0.0001,1,860,data/raw/api/emerging_kw_online-harassment.json.gz
2026-10-08T11:29:32+00:00,emerging,200,0.0001,1,859,data/raw/api/emerging_kw_foundation-models.json.gz
2026-10-08T11:29:32+00:00,emerging,200,0.0001,1,858,data/raw/api/emerging_kw_urban-local-bodies.json.gz
2026-10-08T11:29:32+00:00,emerging,200,0.0001,1,857,data/raw/api/emerging_kw_transaction-costs.json.gz
2026-10-08T11:29:33+00:00,emerging,200,0.0001,1,856,data/raw/api/emerging_kw_slum-upgrading.json.gz
2026-10-08T11:29:33+00:00,emerging,200,0.0001,1,855,data/raw/api/emerging_kw_ai-regulation.json.gz
2026-10-08T11:29:34+00:00,emerging,200,0.0001,1,854,data/raw/api/emerging_kw_sustainable-urban-planning.json.gz
2026-10-08T11:29:34+00:00,emerging,200,0.0001,1,853,data/raw/api/emerging_kw_nigeria.json.gz
2026-10-08T11:29:34+00:00,emerging,200,0.0001,1,852,data/raw/api/emerging_kw_right-to-privacy.json.gz
2026-10-08T11:29:35+00:00,emerging,200,0.0001,1,851,data/raw/api/emerging_kw_urban-design.json.gz
2026-10-08T11:29:35+00:00,emerging,200,0.0001,1,850,data/raw/api/emerging_kw_urban-digital-twins.json.gz
2026-10-08T11:29:36+00:00,emerging,200,0.0001,1,849,data/raw/api/emerging_kw_ransomware.json.gz
2026-10-08T11:29:36+00:00,emerging,200,0.0001,1,848,data/raw/api/emerging_kw_digital-exclusion.json.gz
2026-10-08T11:29:36+00:00,emerging,200,0.0001,1,847,data/raw/api/emerging_kw_regional-disparities.json.gz
2026-10-08T11:29:37+00:00,emerging,200,0.0001,1,846,data/raw/api/emerging_kw_waste-management.json.gz
2026-10-08T11:29:37+00:00,emerging,200,0.0001,1,845,data/raw/api/emerging_kw_urban-theory.json.gz
2026-10-08T11:29:38+00:00,emerging,200,0.0001,1,844,data/raw/api/emerging_kw_community-engagement.json.gz
2026-10-08T11:29:38+00:00,emerging,200,0.0001,1,843,data/raw/api/emerging_kw_human-rights.json.gz
2026-10-08T11:29:38+00:00,emerging,200,0.0001,1,842,data/raw/api/emerging_kw_artificial-intelligence-in-education.json.gz
2026-10-08T11:29:39+00:00,emerging,200,0.0001,1,841,data/raw/api/emerging_kw_digital-colonialism.json.gz
2026-10-08T11:29:39+00:00,emerging,200,0.0001,1,840,data/raw/api/emerging_kw_e-governance.json.gz
2026-10-08T11:29:58+00:00,emerging,200,0.0001,1,839,data/raw/api/emerging_kw_ai-ethics.json.gz
2026-10-08T11:29:58+00:00,emerging,200,0.0001,1,838,data/raw/api/emerging_kw_publicness.json.gz
2026-10-08T11:29:59+00:00,emerging,200,0.0001,1,837,data/raw/api/emerging_kw_digital-activism.json.gz
2026-10-08T11:29:59+00:00,emerging,200,0.0001,1,836,data/raw/api/emerging_kw_food-delivery-workers.json.gz
2026-10-08T11:30:00+00:00,emerging,200,0.0001,1,835,data/raw/api/emerging_kw_land-use-planning.json.gz
2026-10-08T11:30:00+00:00,emerging,200,0.0001,1,834,data/raw/api/emerging_kw_environmental-justice.json.gz
2026-10-08T11:30:00+00:00,emerging,200,0.0001,1,833,data/raw/api/emerging_kw_social-cohesion.json.gz
2026-10-08T11:30:01+00:00,emerging,200,0.0001,1,832,data/raw/api/emerging_kw_artificial-intelligence-in-public-administration.json.gz
2026-10-08T11:30:01+00:00,emerging,200,0.0001,1,831,data/raw/api/emerging_kw_india-stack.json.gz
2026-10-08T11:30:02+00:00,emerging,200,0.0001,1,830,data/raw/api/emerging_kw_biometric-authentication.json.gz
2026-10-08T11:30:02+00:00,emerging,200,0.0001,1,829,data/raw/api/emerging_kw_gender-inequality.json.gz
2026-10-08T11:30:03+00:00,emerging,200,0.0001,1,828,data/raw/api/emerging_kw_computational-propaganda.json.gz
2026-10-08T11:30:03+00:00,emerging,200,0.0001,1,827,data/raw/api/emerging_kw_algorithmic-bias.json.gz
2026-10-08T11:30:04+00:00,emerging,200,0.0001,1,826,data/raw/api/emerging_kw_government-surveillance.json.gz
2026-10-08T11:30:04+00:00,emerging,200,0.0001,1,825,data/raw/api/emerging_kw_digital-infrastructure.json.gz
2026-10-08T11:30:05+00:00,emerging,200,0.0001,1,824,data/raw/api/emerging_kw_urban-regeneration.json.gz
2026-10-08T11:30:05+00:00,emerging,200,0.0001,1,823,data/raw/api/emerging_kw_urban-planning-policy.json.gz
2026-10-08T11:30:05+00:00,emerging,200,0.0001,1,822,data/raw/api/emerging_kw_municipal-governance.json.gz
2026-10-08T11:30:06+00:00,emerging,200,0.0001,1,821,data/raw/api/emerging_kw_stakeholder-engagement.json.gz
2026-10-08T11:30:06+00:00,emerging,200,0.0001,1,820,data/raw/api/emerging_kw_algorithmic-governance.json.gz
2026-10-08T11:30:07+00:00,emerging,200,0.0001,1,819,data/raw/api/emerging_kw_street-vendors.json.gz
2026-10-08T11:30:07+00:00,emerging,200,0.0001,1,818,data/raw/api/emerging_kw_digital-surveillance.json.gz
2026-10-08T11:30:07+00:00,emerging,200,0.0001,1,817,data/raw/api/emerging_kw_cyber-resilience.json.gz
2026-10-08T11:30:08+00:00,emerging,200,0.0001,1,816,data/raw/api/emerging_kw_south-asia.json.gz
2026-10-08T11:30:08+00:00,emerging,200,0.0001,1,815,data/raw/api/emerging_kw_urban-inequality.json.gz
2026-10-08T11:30:09+00:00,emerging,200,0.0001,1,814,data/raw/api/emerging_kw_transportation-equity.json.gz
2026-10-08T11:30:09+00:00,emerging,200,0.0001,1,813,data/raw/api/emerging_kw_urban-public-space.json.gz
2026-10-08T11:30:09+00:00,emerging,200,0.0001,1,812,data/raw/api/emerging_kw_intersectionality.json.gz
2026-10-08T11:30:10+00:00,emerging,200,0.0001,1,811,data/raw/api/emerging_kw_socioeconomic-inequality.json.gz
2026-10-08T11:30:10+00:00,emerging,200,0.0001,1,810,data/raw/api/emerging_kw_interoperability.json.gz
2026-10-09T00:16:29+00:00,A1,200,0.001,10,9990,data/raw/api/search_A1_india_q1_p2.json.gz
2026-10-09T00:16:31+00:00,A1,200,0.001,10,9980,data/raw/api/search_A1_india_q2_p2.json.gz
2026-10-09T00:16:32+00:00,A1,200,0.001,10,9970,data/raw/api/search_A1_india_q3_p2.json.gz
2026-10-09T00:16:33+00:00,A1,200,0.001,10,9960,data/raw/api/search_A1_india_q4_p2.json.gz
2026-10-09T00:16:43+00:00,A2,200,0.001,10,9950,data/raw/api/search_A2_india_q1_p2.json.gz
2026-10-09T00:16:45+00:00,A2,200,0.001,10,9940,data/raw/api/search_A2_india_q2_p2.json.gz
2026-10-09T00:16:46+00:00,A2,200,0.001,10,9930,data/raw/api/search_A2_india_q3_p2.json.gz
2026-10-09T00:16:46+00:00,A2,200,0.001,10,9920,data/raw/api/search_A2_india_q4_p2.json.gz
2026-10-09T00:16:48+00:00,A3,200,0.001,10,9910,data/raw/api/search_A3_india_q1_p2.json.gz
2026-10-09T00:16:49+00:00,A3,200,0.001,10,9900,data/raw/api/search_A3_india_q2_p2.json.gz
2026-10-09T00:16:50+00:00,A3,200,0.001,10,9890,data/raw/api/search_A3_india_q3_p2.json.gz
2026-10-09T00:16:51+00:00,A3,200,0.001,10,9880,data/raw/api/search_A3_india_q4_p2.json.gz
2026-10-09T00:16:52+00:00,A3,200,0.001,10,9870,data/raw/api/search_A3_india_q5_p2.json.gz
2026-10-09T00:16:53+00:00,A4,200,0.001,10,9860,data/raw/api/search_A4_india_q1_p2.json.gz
2026-10-09T00:16:54+00:00,A4,200,0.001,10,9850,data/raw/api/search_A4_india_q2_p2.json.gz
2026-10-09T00:16:54+00:00,A4,200,0.001,10,9840,data/raw/api/search_A4_india_q3_p2.json.gz
2026-10-09T00:16:55+00:00,A4,200,0.001,10,9830,data/raw/api/search_A4_india_q4_p2.json.gz
2026-10-09T00:16:56+00:00,A5,200,0.001,10,9820,data/raw/api/search_A5_india_q1_p2.json.gz
2026-10-09T00:16:57+00:00,A5,200,0.001,10,9810,data/raw/api/search_A5_india_q2_p2.json.gz
2026-10-09T00:16:57+00:00,A5,200,0.001,10,9800,data/raw/api/search_A5_india_q3_p2.json.gz
2026-10-09T00:16:58+00:00,A5,200,0.001,10,9790,data/raw/api/search_A5_india_q4_p2.json.gz
2026-10-09T00:16:59+00:00,A5,200,0.001,10,9780,data/raw/api/search_A5_india_q5_p2.json.gz
2026-10-09T00:16:59+00:00,A5,200,0.001,10,9770,data/raw/api/search_A5_india_q6_p2.json.gz
2026-10-09T00:17:01+00:00,A6,200,0.001,10,9760,data/raw/api/search_A6_india_q1_p2.json.gz
2026-10-09T00:17:01+00:00,A6,200,0.001,10,9750,data/raw/api/search_A6_india_q2_p2.json.gz
2026-10-09T00:17:02+00:00,A6,200,0.001,10,9740,data/raw/api/search_A6_india_q3_p2.json.gz
2026-10-09T00:17:03+00:00,A6,200,0.001,10,9730,data/raw/api/search_A6_india_q4_p2.json.gz
2026-10-09T00:17:03+00:00,A6,200,0.001,10,9720,data/raw/api/search_A6_india_q5_p2.json.gz
2026-10-09T00:17:05+00:00,A7,200,0.001,10,9710,data/raw/api/search_A7_india_q1_p2.json.gz
2026-10-09T00:17:05+00:00,A7,200,0.001,10,9700,data/raw/api/search_A7_india_q2_p2.json.gz
2026-10-09T00:17:08+00:00,A7,200,0.001,10,9690,data/raw/api/search_A7_india_q3_p2.json.gz
2026-10-09T00:17:10+00:00,A7,200,0.001,10,9680,data/raw/api/search_A7_india_q4_p2.json.gz
2026-10-09T00:17:10+00:00,A7,200,0.001,10,9670,data/raw/api/search_A7_india_q5_p2.json.gz
2026-10-09T00:17:12+00:00,A8,200,0.001,10,9660,data/raw/api/search_A8_india_q1_p2.json.gz
2026-10-09T00:17:12+00:00,A8,200,0.001,10,9650,data/raw/api/search_A8_india_q2_p2.json.gz
2026-10-09T00:17:13+00:00,A8,200,0.001,10,9640,data/raw/api/search_A8_india_q3_p2.json.gz
2026-10-09T00:17:14+00:00,A8,200,0.001,10,9630,data/raw/api/search_A8_india_q4_p2.json.gz
2026-10-09T00:17:14+00:00,A8,200,0.001,10,9620,data/raw/api/search_A8_india_q5_p2.json.gz
2026-10-09T00:17:15+00:00,A8,200,0.001,10,9610,data/raw/api/search_A8_india_q6_p2.json.gz
2026-10-09T00:17:16+00:00,A9,200,0.001,10,9600,data/raw/api/search_A9_india_q1_p2.json.gz
2026-10-09T00:17:17+00:00,A9,200,0.001,10,9590,data/raw/api/search_A9_india_q2_p2.json.gz
2026-10-09T00:17:17+00:00,A9,200,0.001,10,9580,data/raw/api/search_A9_india_q3_p2.json.gz
2026-10-09T00:17:18+00:00,A9,200,0.001,10,9570,data/raw/api/search_A9_india_q4_p2.json.gz
2026-10-09T00:17:18+00:00,A9,200,0.001,10,9560,data/raw/api/search_A9_india_q5_p2.json.gz
2026-10-09T00:17:19+00:00,A10,200,0.001,10,9550,data/raw/api/search_A10_india_q1_p2.json.gz
2026-10-09T00:17:20+00:00,A10,200,0.001,10,9540,data/raw/api/search_A10_india_q2_p2.json.gz
2026-10-09T00:17:20+00:00,A10,200,0.001,10,9530,data/raw/api/search_A10_india_q3_p2.json.gz
2026-10-09T00:17:21+00:00,A10,200,0.001,10,9520,data/raw/api/search_A10_india_q4_p2.json.gz
2026-10-09T00:17:21+00:00,A10,200,0.001,10,9510,data/raw/api/search_A10_india_q5_p2.json.gz
2026-10-09T00:17:23+00:00,A11,200,0.001,10,9500,data/raw/api/search_A11_india_q1_p2.json.gz
2026-10-09T00:17:23+00:00,A11,200,0.001,10,9490,data/raw/api/search_A11_india_q2_p2.json.gz
2026-10-09T00:17:24+00:00,A11,200,0.001,10,9480,data/raw/api/search_A11_india_q3_p2.json.gz
2026-10-09T00:17:24+00:00,A11,200,0.001,10,9470,data/raw/api/search_A11_india_q4_p2.json.gz
2026-10-09T00:17:26+00:00,A12,200,0.001,10,9460,data/raw/api/search_A12_india_q1_p2.json.gz
2026-10-09T00:17:26+00:00,A12,200,0.001,10,9450,data/raw/api/search_A12_india_q2_p2.json.gz
2026-10-09T00:17:27+00:00,A12,200,0.001,10,9440,data/raw/api/search_A12_india_q3_p2.json.gz
2026-10-09T00:17:28+00:00,A12,200,0.001,10,9430,data/raw/api/search_A12_india_q4_p2.json.gz
2026-10-09T00:17:28+00:00,A12,200,0.001,10,9420,data/raw/api/search_A12_india_q5_p2.json.gz
2026-10-09T00:17:29+00:00,A13,200,0.001,10,9410,data/raw/api/search_A13_india_q1_p2.json.gz
2026-10-09T00:17:30+00:00,A13,200,0.001,10,9400,data/raw/api/search_A13_india_q2_p2.json.gz
2026-10-09T00:17:30+00:00,A13,200,0.001,10,9390,data/raw/api/search_A13_india_q3_p2.json.gz
2026-10-09T00:17:31+00:00,A13,200,0.001,10,9380,data/raw/api/search_A13_india_q4_p2.json.gz
2026-10-09T00:17:32+00:00,A13,200,0.001,10,9370,data/raw/api/search_A13_india_q5_p2.json.gz
2026-10-09T00:17:33+00:00,A14,200,0.001,10,9360,data/raw/api/search_A14_india_q1_p2.json.gz
2026-10-09T00:17:33+00:00,A14,200,0.001,10,9350,data/raw/api/search_A14_india_q2_p2.json.gz
2026-10-09T00:17:34+00:00,A14,200,0.001,10,9340,data/raw/api/search_A14_india_q3_p2.json.gz
2026-10-09T00:17:34+00:00,A14,200,0.001,10,9330,data/raw/api/search_A14_india_q4_p2.json.gz
2026-10-09T00:17:35+00:00,A14,200,0.001,10,9320,data/raw/api/search_A14_india_q5_p2.json.gz
2026-10-09T00:17:36+00:00,A15,200,0.001,10,9310,data/raw/api/search_A15_india_q1_p2.json.gz
2026-10-09T00:17:37+00:00,A15,200,0.001,10,9300,data/raw/api/search_A15_india_q2_p2.json.gz
2026-10-09T00:17:37+00:00,A15,200,0.001,10,9290,data/raw/api/search_A15_india_q3_p2.json.gz
2026-10-09T00:17:38+00:00,A15,200,0.001,10,9280,data/raw/api/search_A15_india_q4_p2.json.gz
2026-10-09T00:17:39+00:00,A16,200,0.001,10,9270,data/raw/api/search_A16_india_q1_p2.json.gz
2026-10-09T00:17:40+00:00,A16,200,0.001,10,9260,data/raw/api/search_A16_india_q2_p2.json.gz
2026-10-09T00:17:40+00:00,A16,200,0.001,10,9250,data/raw/api/search_A16_india_q3_p2.json.gz
2026-10-09T00:17:42+00:00,B1,200,0.001,10,9240,data/raw/api/search_B1_india_q1_p2.json.gz
2026-10-09T00:17:42+00:00,B1,200,0.001,10,9230,data/raw/api/search_B1_india_q2_p2.json.gz
2026-10-09T00:17:43+00:00,B1,200,0.001,10,9220,data/raw/api/search_B1_india_q3_p2.json.gz
2026-10-09T00:17:44+00:00,B2,200,0.001,10,9210,data/raw/api/search_B2_india_q1_p2.json.gz
2026-10-09T00:17:45+00:00,B2,200,0.001,10,9200,data/raw/api/search_B2_india_q2_p2.json.gz
2026-10-09T00:17:45+00:00,B2,200,0.001,10,9190,data/raw/api/search_B2_india_q3_p2.json.gz
2026-10-09T00:17:46+00:00,B2,200,0.001,10,9180,data/raw/api/search_B2_india_q4_p2.json.gz
2026-10-09T00:17:48+00:00,B3,200,0.001,10,9170,data/raw/api/search_B3_india_q1_p2.json.gz
2026-10-09T00:17:48+00:00,B3,200,0.001,10,9160,data/raw/api/search_B3_india_q2_p2.json.gz
2026-10-09T00:17:49+00:00,B3,200,0.001,10,9150,data/raw/api/search_B3_india_q3_p2.json.gz
2026-10-09T00:17:50+00:00,B4,200,0.001,10,9140,data/raw/api/search_B4_india_q1_p2.json.gz
2026-10-09T00:17:51+00:00,B4,200,0.001,10,9130,data/raw/api/search_B4_india_q2_p2.json.gz
2026-10-09T00:17:51+00:00,B4,200,0.001,10,9120,data/raw/api/search_B4_india_q3_p2.json.gz
2026-10-09T00:17:52+00:00,B4,200,0.001,10,9110,data/raw/api/search_B4_india_q4_p2.json.gz
2026-10-09T00:17:53+00:00,B5,200,0.001,10,9100,data/raw/api/search_B5_india_q1_p2.json.gz
2026-10-09T00:17:54+00:00,B5,200,0.001,10,9090,data/raw/api/search_B5_india_q2_p2.json.gz
2026-10-09T00:17:55+00:00,B5,200,0.001,10,9080,data/raw/api/search_B5_india_q3_p2.json.gz
2026-10-09T00:17:56+00:00,B5,200,0.001,10,9070,data/raw/api/search_B5_india_q4_p2.json.gz
2026-10-09T00:17:57+00:00,B6,200,0.001,10,9060,data/raw/api/search_B6_india_q1_p2.json.gz
2026-10-09T00:17:57+00:00,B6,200,0.001,10,9050,data/raw/api/search_B6_india_q2_p2.json.gz
2026-10-09T00:17:58+00:00,B6,200,0.001,10,9040,data/raw/api/search_B6_india_q3_p2.json.gz
2026-10-09T00:17:58+00:00,B6,200,0.001,10,9030,data/raw/api/search_B6_india_q4_p2.json.gz
2026-10-09T00:18:02+00:00,B7,200,0.001,10,9020,data/raw/api/search_B7_india_q1_p2.json.gz
2026-10-09T00:18:02+00:00,B7,200,0.001,10,9010,data/raw/api/search_B7_india_q2_p2.json.gz
2026-10-09T00:18:03+00:00,B7,200,0.001,10,9000,data/raw/api/search_B7_india_q3_p2.json.gz
2026-10-09T00:18:04+00:00,B7,200,0.001,10,8990,data/raw/api/search_B7_india_q4_p2.json.gz
2026-10-09T00:18:05+00:00,B8,200,0.001,10,8980,data/raw/api/search_B8_india_q1_p2.json.gz
2026-10-09T00:18:05+00:00,B8,200,0.001,10,8970,data/raw/api/search_B8_india_q2_p2.json.gz
2026-10-09T00:18:06+00:00,B8,200,0.001,10,8960,data/raw/api/search_B8_india_q3_p2.json.gz
2026-10-09T00:18:07+00:00,B8,200,0.001,10,8950,data/raw/api/search_B8_india_q4_p2.json.gz
2026-10-09T00:18:07+00:00,B8,200,0.001,10,8940,data/raw/api/search_B8_india_q5_p2.json.gz
2026-10-09T00:18:08+00:00,B9,200,0.001,10,8930,data/raw/api/search_B9_india_q1_p2.json.gz
2026-10-09T00:18:09+00:00,B9,200,0.001,10,8920,data/raw/api/search_B9_india_q2_p2.json.gz
2026-10-09T00:18:10+00:00,B9,200,0.001,10,8910,data/raw/api/search_B9_india_q3_p2.json.gz
2026-10-09T00:18:10+00:00,B9,200,0.001,10,8900,data/raw/api/search_B9_india_q4_p2.json.gz
2026-10-09T00:18:11+00:00,B10,200,0.001,10,8890,data/raw/api/search_B10_india_q1_p2.json.gz
2026-10-09T00:18:12+00:00,B10,200,0.001,10,8880,data/raw/api/search_B10_india_q2_p2.json.gz
2026-10-09T00:18:13+00:00,B10,200,0.001,10,8870,data/raw/api/search_B10_india_q3_p2.json.gz
2026-10-09T00:18:13+00:00,B10,200,0.001,10,8860,data/raw/api/search_B10_india_q4_p2.json.gz
2026-10-09T00:18:14+00:00,B11,200,0.001,10,8850,data/raw/api/search_B11_india_q1_p2.json.gz
2026-10-09T00:18:15+00:00,B11,200,0.001,10,8840,data/raw/api/search_B11_india_q2_p2.json.gz
2026-10-09T00:18:16+00:00,B11,200,0.001,10,8830,data/raw/api/search_B11_india_q3_p2.json.gz
2026-10-09T00:18:16+00:00,B11,200,0.001,10,8820,data/raw/api/search_B11_india_q4_p2.json.gz
2026-10-09T00:18:17+00:00,B12,200,0.001,10,8810,data/raw/api/search_B12_india_q1_p2.json.gz
2026-10-09T00:18:18+00:00,B12,200,0.001,10,8800,data/raw/api/search_B12_india_q2_p2.json.gz
2026-10-09T00:18:19+00:00,B12,200,0.001,10,8790,data/raw/api/search_B12_india_q3_p2.json.gz
2026-10-09T00:18:19+00:00,B12,200,0.001,10,8780,data/raw/api/search_B12_india_q4_p2.json.gz
2026-10-09T00:18:21+00:00,B13,200,0.001,10,8770,data/raw/api/search_B13_india_q1_p2.json.gz
2026-10-09T00:18:21+00:00,B13,200,0.001,10,8760,data/raw/api/search_B13_india_q2_p2.json.gz
2026-10-09T00:18:22+00:00,B13,200,0.001,10,8750,data/raw/api/search_B13_india_q3_p2.json.gz
2026-10-09T00:18:23+00:00,B13,200,0.001,10,8740,data/raw/api/search_B13_india_q4_p2.json.gz
2026-10-09T00:18:25+00:00,B14,200,0.001,10,8730,data/raw/api/search_B14_india_q1_p2.json.gz
2026-10-09T00:18:25+00:00,B14,200,0.001,10,8720,data/raw/api/search_B14_india_q2_p2.json.gz
2026-10-09T00:18:26+00:00,B14,200,0.001,10,8710,data/raw/api/search_B14_india_q3_p2.json.gz
2026-10-09T00:18:27+00:00,C1,200,0.001,10,8700,data/raw/api/search_C1_india_q1_p2.json.gz
2026-10-09T00:18:28+00:00,C1,200,0.001,10,8690,data/raw/api/search_C1_india_q2_p2.json.gz
2026-10-09T00:18:29+00:00,C1,200,0.001,10,8680,data/raw/api/search_C1_india_q3_p2.json.gz
2026-10-09T00:18:30+00:00,C2,200,0.001,10,8670,data/raw/api/search_C2_india_q1_p2.json.gz
2026-10-09T00:18:30+00:00,C2,200,0.001,10,8660,data/raw/api/search_C2_india_q2_p2.json.gz
2026-10-09T00:18:31+00:00,C2,200,0.001,10,8650,data/raw/api/search_C2_india_q3_p2.json.gz
2026-10-09T00:18:32+00:00,C2,200,0.001,10,8640,data/raw/api/search_C2_india_q4_p2.json.gz
2026-10-09T00:18:33+00:00,C3,200,0.001,10,8630,data/raw/api/search_C3_india_q1_p2.json.gz
2026-10-09T00:18:33+00:00,C3,200,0.001,10,8620,data/raw/api/search_C3_india_q2_p2.json.gz
2026-10-09T00:18:34+00:00,C3,200,0.001,10,8610,data/raw/api/search_C3_india_q3_p2.json.gz
2026-10-09T00:18:34+00:00,C3,200,0.001,10,8600,data/raw/api/search_C3_india_q4_p2.json.gz
2026-10-09T00:18:36+00:00,C4,200,0.001,10,8590,data/raw/api/search_C4_india_q1_p2.json.gz
2026-10-09T00:18:36+00:00,C4,200,0.001,10,8580,data/raw/api/search_C4_india_q2_p2.json.gz
2026-10-09T00:18:37+00:00,C4,200,0.001,10,8570,data/raw/api/search_C4_india_q3_p2.json.gz
2026-10-09T00:18:37+00:00,C4,200,0.001,10,8560,data/raw/api/search_C4_india_q4_p2.json.gz
2026-10-09T00:18:38+00:00,C5,200,0.001,10,8550,data/raw/api/search_C5_india_q1_p2.json.gz
2026-10-09T00:18:39+00:00,C5,200,0.001,10,8540,data/raw/api/search_C5_india_q2_p2.json.gz
2026-10-09T00:18:39+00:00,C5,200,0.001,10,8530,data/raw/api/search_C5_india_q3_p2.json.gz
2026-10-09T00:18:40+00:00,C5,200,0.001,10,8520,data/raw/api/search_C5_india_q4_p2.json.gz
2026-10-09T00:18:40+00:00,C5,200,0.001,10,8510,data/raw/api/search_C5_india_q5_p2.json.gz
2026-10-09T00:18:42+00:00,C6,200,0.001,10,8500,data/raw/api/search_C6_india_q1_p2.json.gz
2026-10-09T00:18:42+00:00,C6,200,0.001,10,8490,data/raw/api/search_C6_india_q2_p2.json.gz
2026-10-09T00:18:43+00:00,C6,200,0.001,10,8480,data/raw/api/search_C6_india_q3_p2.json.gz
2026-10-09T00:18:43+00:00,C6,200,0.001,10,8470,data/raw/api/search_C6_india_q4_p2.json.gz
2026-10-09T00:18:44+00:00,C7,200,0.001,10,8460,data/raw/api/search_C7_india_q1_p2.json.gz
2026-10-09T00:18:45+00:00,C7,200,0.001,10,8450,data/raw/api/search_C7_india_q2_p2.json.gz
2026-10-09T00:18:45+00:00,C7,200,0.001,10,8440,data/raw/api/search_C7_india_q3_p2.json.gz
2026-10-09T00:18:46+00:00,C7,200,0.001,10,8430,data/raw/api/search_C7_india_q4_p2.json.gz
2026-10-09T00:18:47+00:00,C8,200,0.001,10,8420,data/raw/api/search_C8_india_q1_p2.json.gz
2026-10-09T00:18:48+00:00,C8,200,0.001,10,8410,data/raw/api/search_C8_india_q2_p2.json.gz
2026-10-09T00:18:48+00:00,C8,200,0.001,10,8400,data/raw/api/search_C8_india_q3_p2.json.gz
2026-10-09T00:18:49+00:00,C8,200,0.001,10,8390,data/raw/api/search_C8_india_q4_p2.json.gz
2026-10-09T00:18:50+00:00,C9,200,0.001,10,8380,data/raw/api/search_C9_india_q1_p2.json.gz
2026-10-09T00:18:50+00:00,C9,200,0.001,10,8370,data/raw/api/search_C9_india_q2_p2.json.gz
2026-10-09T00:18:51+00:00,C9,200,0.001,10,8360,data/raw/api/search_C9_india_q3_p2.json.gz
2026-10-09T00:18:51+00:00,C9,200,0.001,10,8350,data/raw/api/search_C9_india_q4_p2.json.gz
2026-10-09T00:18:52+00:00,C9,200,0.001,10,8340,data/raw/api/search_C9_india_q5_p2.json.gz
2026-10-09T00:18:53+00:00,C10,200,0.001,10,8330,data/raw/api/search_C10_india_q1_p2.json.gz
2026-10-09T00:18:54+00:00,C10,200,0.001,10,8320,data/raw/api/search_C10_india_q2_p2.json.gz
2026-10-09T00:18:54+00:00,C10,200,0.001,10,8310,data/raw/api/search_C10_india_q3_p2.json.gz
2026-10-09T00:18:55+00:00,C11,200,0.001,10,8300,data/raw/api/search_C11_india_q1_p2.json.gz
2026-10-09T00:18:56+00:00,C11,200,0.001,10,8290,data/raw/api/search_C11_india_q2_p2.json.gz
2026-10-09T00:18:57+00:00,C11,200,0.001,10,8280,data/raw/api/search_C11_india_q3_p2.json.gz
2026-10-09T00:18:57+00:00,C11,200,0.001,10,8270,data/raw/api/search_C11_india_q4_p2.json.gz
2026-10-09T00:18:58+00:00,C12,200,0.001,10,8260,data/raw/api/search_C12_india_q1_p2.json.gz
2026-10-09T00:18:59+00:00,C12,200,0.001,10,8250,data/raw/api/search_C12_india_q2_p2.json.gz
2026-10-09T00:18:59+00:00,C12,200,0.001,10,8240,data/raw/api/search_C12_india_q3_p2.json.gz
2026-10-09T00:19:00+00:00,C12,200,0.001,10,8230,data/raw/api/search_C12_india_q4_p2.json.gz
2026-10-09T00:19:01+00:00,C13,200,0.001,10,8220,data/raw/api/search_C13_india_q1_p2.json.gz
2026-10-09T00:19:01+00:00,C13,200,0.001,10,8210,data/raw/api/search_C13_india_q2_p2.json.gz
2026-10-09T00:19:02+00:00,C13,200,0.001,10,8200,data/raw/api/search_C13_india_q3_p2.json.gz
2026-10-09T00:19:03+00:00,C14,200,0.001,10,8190,data/raw/api/search_C14_india_q1_p2.json.gz
2026-10-09T00:19:03+00:00,C14,200,0.001,10,8180,data/raw/api/search_C14_india_q2_p2.json.gz
2026-10-09T00:19:04+00:00,C14,200,0.001,10,8170,data/raw/api/search_C14_india_q3_p2.json.gz
2026-10-09T00:19:05+00:00,C14,200,0.001,10,8160,data/raw/api/search_C14_india_q4_p2.json.gz
2026-10-09T00:19:06+00:00,C15,200,0.001,10,8150,data/raw/api/search_C15_india_q1_p2.json.gz
2026-10-09T00:19:06+00:00,C15,200,0.001,10,8140,data/raw/api/search_C15_india_q2_p2.json.gz
2026-10-09T00:19:07+00:00,C15,200,0.001,10,8130,data/raw/api/search_C15_india_q3_p2.json.gz
2026-10-09T00:19:08+00:00,C15,200,0.001,10,8120,data/raw/api/search_C15_india_q4_p2.json.gz
2026-10-09T00:19:09+00:00,C16,200,0.001,10,8110,data/raw/api/search_C16_india_q1_p2.json.gz
2026-10-09T00:19:09+00:00,C16,200,0.001,10,8100,data/raw/api/search_C16_india_q2_p2.json.gz
2026-10-09T00:19:10+00:00,C16,200,0.001,10,8090,data/raw/api/search_C16_india_q3_p2.json.gz
2026-10-09T00:19:11+00:00,C16,200,0.001,10,8080,data/raw/api/search_C16_india_q4_p2.json.gz
2026-10-09T00:19:12+00:00,C17,200,0.001,10,8070,data/raw/api/search_C17_india_q1_p2.json.gz
2026-10-09T00:19:12+00:00,C17,200,0.001,10,8060,data/raw/api/search_C17_india_q2_p2.json.gz
2026-10-09T00:19:13+00:00,C17,200,0.001,10,8050,data/raw/api/search_C17_india_q3_p2.json.gz
2026-10-09T00:19:13+00:00,C17,200,0.001,10,8040,data/raw/api/search_C17_india_q4_p2.json.gz
2026-10-09T00:19:14+00:00,C18,200,0.001,10,8030,data/raw/api/search_C18_india_q1_p2.json.gz
2026-10-09T00:19:15+00:00,C18,200,0.001,10,8020,data/raw/api/search_C18_india_q2_p2.json.gz
2026-10-09T00:19:16+00:00,C18,200,0.001,10,8010,data/raw/api/search_C18_india_q3_p2.json.gz
2026-10-09T00:19:16+00:00,C18,200,0.001,10,8000,data/raw/api/search_C18_india_q4_p2.json.gz
2026-10-09T00:19:18+00:00,S1,200,0.001,10,7990,data/raw/api/search_S1_india_p2.json.gz
2026-10-09T00:19:20+00:00,S2,200,0.001,10,7980,data/raw/api/search_S2_india_p2.json.gz
2026-10-09T00:19:21+00:00,S3,200,0.001,10,7970,data/raw/api/search_S3_india_p2.json.gz
2026-10-09T00:19:22+00:00,S4,200,0.001,10,7960,data/raw/api/search_S4_india_p2.json.gz
2026-10-09T00:19:24+00:00,S5,200,0.001,10,7950,data/raw/api/search_S5_india_p2.json.gz
2026-10-09T00:19:25+00:00,S6,200,0.001,10,7940,data/raw/api/search_S6_india_p2.json.gz
2026-10-09T00:19:27+00:00,S7,200,0.001,10,7930,data/raw/api/search_S7_india_p2.json.gz
2026-10-09T00:19:28+00:00,population,200,0.0001,1,7929,data/raw/api/pop_base_global_core.json.gz
2026-10-09T00:19:29+00:00,population,200,0.001,10,7919,data/raw/api/pop_base_sa_core.json.gz
2026-10-09T00:19:30+00:00,population,200,0.001,10,7909,data/raw/api/pop_base_india_core.json.gz
2026-10-09T00:19:31+00:00,population,200,0.001,10,7899,data/raw/api/pop_base_india_all.json.gz
2026-10-09T00:19:31+00:00,population,200,0.001,10,7889,data/raw/api/pop_base_delhi.json.gz
2026-10-09T00:19:32+00:00,population,200,0.001,10,7879,data/raw/api/pop_base_haryana.json.gz
2026-10-09T00:19:34+00:00,population,200,0.001,10,7869,data/raw/api/pop_base_gn.json.gz
2026-10-09T00:19:35+00:00,population,200,0.001,10,7859,data/raw/api/pop_base_ea.json.gz
2026-10-09T00:19:35+00:00,population,200,0.001,10,7849,data/raw/api/pop_base_sea.json.gz
2026-10-09T00:19:36+00:00,population,200,0.001,10,7839,data/raw/api/pop_base_af.json.gz
2026-10-09T00:19:37+00:00,population,200,0.001,10,7829,data/raw/api/pop_base_la.json.gz
2026-10-09T00:19:38+00:00,population,200,0.001,10,7819,data/raw/api/pop_base_me.json.gz
2026-10-09T00:19:39+00:00,population,200,0.0001,1,7818,data/raw/api/pop_base_global_split.json.gz
2026-10-09T00:19:39+00:00,population,200,0.001,10,7808,data/raw/api/pop_A1_global_core.json.gz
2026-10-09T00:19:40+00:00,population,200,0.001,10,7798,data/raw/api/pop_A1_sa_core.json.gz
2026-10-09T00:19:40+00:00,population,200,0.001,10,7788,data/raw/api/pop_A2_global_core.json.gz
2026-10-09T00:19:41+00:00,population,200,0.001,10,7778,data/raw/api/pop_A2_sa_core.json.gz
2026-10-09T00:19:42+00:00,population,200,0.001,10,7768,data/raw/api/pop_A3_global_core.json.gz
2026-10-09T00:19:42+00:00,population,200,0.001,10,7758,data/raw/api/pop_A3_sa_core.json.gz
2026-10-09T00:19:43+00:00,population,200,0.001,10,7748,data/raw/api/pop_A4_global_core.json.gz
2026-10-09T00:19:43+00:00,population,200,0.001,10,7738,data/raw/api/pop_A4_sa_core.json.gz
2026-10-09T00:19:44+00:00,population,200,0.001,10,7728,data/raw/api/pop_A5_global_core.json.gz
2026-10-09T00:19:44+00:00,population,200,0.001,10,7718,data/raw/api/pop_A5_sa_core.json.gz
2026-10-09T00:19:45+00:00,population,200,0.001,10,7708,data/raw/api/pop_A6_global_core.json.gz
2026-10-09T00:19:45+00:00,population,200,0.001,10,7698,data/raw/api/pop_A6_sa_core.json.gz
2026-10-09T00:19:46+00:00,population,200,0.001,10,7688,data/raw/api/pop_A7_global_core.json.gz
2026-10-09T00:19:46+00:00,population,200,0.001,10,7678,data/raw/api/pop_A7_sa_core.json.gz
2026-10-09T00:19:47+00:00,population,200,0.001,10,7668,data/raw/api/pop_A8_global_core.json.gz
2026-10-09T00:19:47+00:00,population,200,0.001,10,7658,data/raw/api/pop_A8_sa_core.json.gz
2026-10-09T00:19:48+00:00,population,200,0.001,10,7648,data/raw/api/pop_A9_global_core.json.gz
2026-10-09T00:19:48+00:00,population,200,0.001,10,7638,data/raw/api/pop_A9_sa_core.json.gz
2026-10-09T00:19:49+00:00,population,200,0.001,10,7628,data/raw/api/pop_A10_global_core.json.gz
2026-10-09T00:19:49+00:00,population,200,0.001,10,7618,data/raw/api/pop_A10_sa_core.json.gz
2026-10-09T00:19:50+00:00,population,200,0.001,10,7608,data/raw/api/pop_A11_global_core.json.gz
2026-10-09T00:19:50+00:00,population,200,0.001,10,7598,data/raw/api/pop_A11_sa_core.json.gz
2026-10-09T00:19:51+00:00,population,200,0.001,10,7588,data/raw/api/pop_A12_global_core.json.gz
2026-10-09T00:19:51+00:00,population,200,0.001,10,7578,data/raw/api/pop_A12_sa_core.json.gz
2026-10-09T00:19:52+00:00,population,200,0.001,10,7568,data/raw/api/pop_A13_global_core.json.gz
2026-10-09T00:19:53+00:00,population,200,0.001,10,7558,data/raw/api/pop_A13_sa_core.json.gz
2026-10-09T00:19:53+00:00,population,200,0.001,10,7548,data/raw/api/pop_A14_global_core.json.gz
2026-10-09T00:19:53+00:00,population,200,0.001,10,7538,data/raw/api/pop_A14_sa_core.json.gz
2026-10-09T00:19:54+00:00,population,200,0.001,10,7528,data/raw/api/pop_A15_global_core.json.gz
2026-10-09T00:19:54+00:00,population,200,0.001,10,7518,data/raw/api/pop_A15_sa_core.json.gz
2026-10-09T00:19:55+00:00,population,200,0.001,10,7508,data/raw/api/pop_A16_global_core.json.gz
2026-10-09T00:19:55+00:00,population,200,0.001,10,7498,data/raw/api/pop_A16_sa_core.json.gz
2026-10-09T00:19:56+00:00,population,200,0.001,10,7488,data/raw/api/pop_B1_global_core.json.gz
2026-10-09T00:19:56+00:00,population,200,0.001,10,7478,data/raw/api/pop_B1_sa_core.json.gz
2026-10-09T00:19:57+00:00,population,200,0.001,10,7468,data/raw/api/pop_B2_global_core.json.gz
2026-10-09T00:19:57+00:00,population,200,0.001,10,7458,data/raw/api/pop_B2_sa_core.json.gz
2026-10-09T00:19:58+00:00,population,200,0.001,10,7448,data/raw/api/pop_B3_global_core.json.gz
2026-10-09T00:19:58+00:00,population,200,0.001,10,7438,data/raw/api/pop_B3_sa_core.json.gz
2026-10-09T00:19:58+00:00,population,200,0.001,10,7428,data/raw/api/pop_B4_global_core.json.gz
2026-10-09T00:19:59+00:00,population,200,0.001,10,7418,data/raw/api/pop_B4_sa_core.json.gz
2026-10-09T00:20:00+00:00,population,200,0.001,10,7408,data/raw/api/pop_B5_global_core.json.gz
2026-10-09T00:20:00+00:00,population,200,0.001,10,7398,data/raw/api/pop_B5_sa_core.json.gz
2026-10-09T00:20:01+00:00,population,200,0.001,10,7388,data/raw/api/pop_B6_global_core.json.gz
2026-10-09T00:20:01+00:00,population,200,0.001,10,7378,data/raw/api/pop_B6_sa_core.json.gz
2026-10-09T00:20:02+00:00,population,200,0.001,10,7368,data/raw/api/pop_B7_global_core.json.gz
2026-10-09T00:20:02+00:00,population,200,0.001,10,7358,data/raw/api/pop_B7_sa_core.json.gz
2026-10-09T00:20:03+00:00,population,200,0.001,10,7348,data/raw/api/pop_B8_global_core.json.gz
2026-10-09T00:20:03+00:00,population,200,0.001,10,7338,data/raw/api/pop_B8_sa_core.json.gz
2026-10-09T00:20:04+00:00,population,200,0.001,10,7328,data/raw/api/pop_B9_global_core.json.gz
2026-10-09T00:20:04+00:00,population,200,0.001,10,7318,data/raw/api/pop_B9_sa_core.json.gz
2026-10-09T00:20:05+00:00,population,200,0.001,10,7308,data/raw/api/pop_B10_global_core.json.gz
2026-10-09T00:20:05+00:00,population,200,0.001,10,7298,data/raw/api/pop_B10_sa_core.json.gz
2026-10-09T00:20:06+00:00,population,200,0.001,10,7288,data/raw/api/pop_B11_global_core.json.gz
2026-10-09T00:20:06+00:00,population,200,0.001,10,7278,data/raw/api/pop_B11_sa_core.json.gz
2026-10-09T00:20:07+00:00,population,200,0.001,10,7268,data/raw/api/pop_B12_global_core.json.gz
2026-10-09T00:20:07+00:00,population,200,0.001,10,7258,data/raw/api/pop_B12_sa_core.json.gz
2026-10-09T00:20:08+00:00,population,200,0.001,10,7248,data/raw/api/pop_B13_global_core.json.gz
2026-10-09T00:20:08+00:00,population,200,0.001,10,7238,data/raw/api/pop_B13_sa_core.json.gz
2026-10-09T00:20:09+00:00,population,200,0.001,10,7228,data/raw/api/pop_B14_global_core.json.gz
2026-10-09T00:20:09+00:00,population,200,0.001,10,7218,data/raw/api/pop_B14_sa_core.json.gz
2026-10-09T00:20:09+00:00,population,200,0.001,10,7208,data/raw/api/pop_C1_global_core.json.gz
2026-10-09T00:20:10+00:00,population,200,0.001,10,7198,data/raw/api/pop_C1_sa_core.json.gz
2026-10-09T00:20:10+00:00,population,200,0.001,10,7188,data/raw/api/pop_C2_global_core.json.gz
2026-10-09T00:20:11+00:00,population,200,0.001,10,7178,data/raw/api/pop_C2_sa_core.json.gz
2026-10-09T00:20:11+00:00,population,200,0.001,10,7168,data/raw/api/pop_C3_global_core.json.gz
2026-10-09T00:20:12+00:00,population,200,0.001,10,7158,data/raw/api/pop_C3_sa_core.json.gz
2026-10-09T00:20:12+00:00,population,200,0.001,10,7148,data/raw/api/pop_C4_global_core.json.gz
2026-10-09T00:20:13+00:00,population,200,0.001,10,7138,data/raw/api/pop_C4_sa_core.json.gz
2026-10-09T00:20:13+00:00,population,200,0.001,10,7128,data/raw/api/pop_C5_global_core.json.gz
2026-10-09T00:20:14+00:00,population,200,0.001,10,7118,data/raw/api/pop_C5_sa_core.json.gz
2026-10-09T00:20:14+00:00,population,200,0.001,10,7108,data/raw/api/pop_C6_global_core.json.gz
2026-10-09T00:20:14+00:00,population,200,0.001,10,7098,data/raw/api/pop_C6_sa_core.json.gz
2026-10-09T00:20:15+00:00,population,200,0.001,10,7088,data/raw/api/pop_C7_global_core.json.gz
2026-10-09T00:20:15+00:00,population,200,0.001,10,7078,data/raw/api/pop_C7_sa_core.json.gz
2026-10-09T00:20:16+00:00,population,200,0.001,10,7068,data/raw/api/pop_C8_global_core.json.gz
2026-10-09T00:20:16+00:00,population,200,0.001,10,7058,data/raw/api/pop_C8_sa_core.json.gz
2026-10-09T00:20:17+00:00,population,200,0.001,10,7048,data/raw/api/pop_C9_global_core.json.gz
2026-10-09T00:20:18+00:00,population,200,0.001,10,7038,data/raw/api/pop_C9_sa_core.json.gz
2026-10-09T00:20:18+00:00,population,200,0.001,10,7028,data/raw/api/pop_C10_global_core.json.gz
2026-10-09T00:20:18+00:00,population,200,0.001,10,7018,data/raw/api/pop_C10_sa_core.json.gz
2026-10-09T00:20:19+00:00,population,200,0.001,10,7008,data/raw/api/pop_C11_global_core.json.gz
2026-10-09T00:20:19+00:00,population,200,0.001,10,6998,data/raw/api/pop_C11_sa_core.json.gz
2026-10-09T00:20:20+00:00,population,200,0.001,10,6988,data/raw/api/pop_C12_global_core.json.gz
2026-10-09T00:20:20+00:00,population,200,0.001,10,6978,data/raw/api/pop_C12_sa_core.json.gz
2026-10-09T00:20:21+00:00,population,200,0.001,10,6968,data/raw/api/pop_C13_global_core.json.gz
2026-10-09T00:20:21+00:00,population,200,0.001,10,6958,data/raw/api/pop_C13_sa_core.json.gz
2026-10-09T00:20:22+00:00,population,200,0.001,10,6948,data/raw/api/pop_C14_global_core.json.gz
2026-10-09T00:20:22+00:00,population,200,0.001,10,6938,data/raw/api/pop_C14_sa_core.json.gz
2026-10-09T00:20:22+00:00,population,200,0.001,10,6928,data/raw/api/pop_C15_global_core.json.gz
2026-10-09T00:20:23+00:00,population,200,0.001,10,6918,data/raw/api/pop_C15_sa_core.json.gz
2026-10-09T00:20:23+00:00,population,200,0.001,10,6908,data/raw/api/pop_C16_global_core.json.gz
2026-10-09T00:20:24+00:00,population,200,0.001,10,6898,data/raw/api/pop_C16_sa_core.json.gz
2026-10-09T00:20:24+00:00,population,200,0.001,10,6888,data/raw/api/pop_C17_global_core.json.gz
2026-10-09T00:20:25+00:00,population,200,0.001,10,6878,data/raw/api/pop_C17_sa_core.json.gz
2026-10-09T00:20:25+00:00,population,200,0.001,10,6868,data/raw/api/pop_C18_global_core.json.gz
2026-10-09T00:20:26+00:00,population,200,0.001,10,6858,data/raw/api/pop_C18_sa_core.json.gz
2026-10-09T00:20:27+00:00,population,200,0.001,10,6848,data/raw/api/pop_A1_india_all.json.gz
2026-10-09T00:20:27+00:00,population,200,0.001,10,6838,data/raw/api/pop_A1_india_core.json.gz
2026-10-09T00:20:28+00:00,population,200,0.001,10,6828,data/raw/api/pop_A2_india_all.json.gz
2026-10-09T00:20:28+00:00,population,200,0.001,10,6818,data/raw/api/pop_A2_india_core.json.gz
2026-10-09T00:20:29+00:00,population,200,0.001,10,6808,data/raw/api/pop_A3_india_all.json.gz
2026-10-09T00:20:29+00:00,population,200,0.001,10,6798,data/raw/api/pop_A3_india_core.json.gz
2026-10-09T00:20:30+00:00,population,200,0.001,10,6788,data/raw/api/pop_A4_india_all.json.gz
2026-10-09T00:20:30+00:00,population,200,0.001,10,6778,data/raw/api/pop_A4_india_core.json.gz
2026-10-09T00:20:31+00:00,population,200,0.001,10,6768,data/raw/api/pop_A5_india_all.json.gz
2026-10-09T00:20:32+00:00,population,200,0.001,10,6758,data/raw/api/pop_A5_india_core.json.gz
2026-10-09T00:20:32+00:00,population,200,0.001,10,6748,data/raw/api/pop_A6_india_all.json.gz
2026-10-09T00:20:33+00:00,population,200,0.001,10,6738,data/raw/api/pop_A6_india_core.json.gz
2026-10-09T00:20:33+00:00,population,200,0.001,10,6728,data/raw/api/pop_A7_india_all.json.gz
2026-10-09T00:20:34+00:00,population,200,0.001,10,6718,data/raw/api/pop_A7_india_core.json.gz
2026-10-09T00:20:34+00:00,population,200,0.001,10,6708,data/raw/api/pop_A8_india_all.json.gz
2026-10-09T00:20:35+00:00,population,200,0.001,10,6698,data/raw/api/pop_A8_india_core.json.gz
2026-10-09T00:20:35+00:00,population,200,0.001,10,6688,data/raw/api/pop_A9_india_all.json.gz
2026-10-09T00:20:36+00:00,population,200,0.001,10,6678,data/raw/api/pop_A9_india_core.json.gz
2026-10-09T00:20:36+00:00,population,200,0.001,10,6668,data/raw/api/pop_A10_india_all.json.gz
2026-10-09T00:20:37+00:00,population,200,0.001,10,6658,data/raw/api/pop_A10_india_core.json.gz
2026-10-09T00:20:37+00:00,population,200,0.001,10,6648,data/raw/api/pop_A11_india_all.json.gz
2026-10-09T00:20:37+00:00,population,200,0.001,10,6638,data/raw/api/pop_A11_india_core.json.gz
2026-10-09T00:20:38+00:00,population,200,0.001,10,6628,data/raw/api/pop_A12_india_all.json.gz
2026-10-09T00:20:39+00:00,population,200,0.001,10,6618,data/raw/api/pop_A12_india_core.json.gz
2026-10-09T00:20:39+00:00,population,200,0.001,10,6608,data/raw/api/pop_A13_india_all.json.gz
2026-10-09T00:20:40+00:00,population,200,0.001,10,6598,data/raw/api/pop_A13_india_core.json.gz
2026-10-09T00:20:40+00:00,population,200,0.001,10,6588,data/raw/api/pop_A14_india_all.json.gz
2026-10-09T00:20:41+00:00,population,200,0.001,10,6578,data/raw/api/pop_A14_india_core.json.gz
2026-10-09T00:20:41+00:00,population,200,0.001,10,6568,data/raw/api/pop_A15_india_all.json.gz
2026-10-09T00:20:42+00:00,population,200,0.001,10,6558,data/raw/api/pop_A15_india_core.json.gz
2026-10-09T00:20:42+00:00,population,200,0.001,10,6548,data/raw/api/pop_A16_india_all.json.gz
2026-10-09T00:20:43+00:00,population,200,0.001,10,6538,data/raw/api/pop_A16_india_core.json.gz
2026-10-09T00:20:43+00:00,population,200,0.001,10,6528,data/raw/api/pop_B1_india_all.json.gz
2026-10-09T00:20:44+00:00,population,200,0.001,10,6518,data/raw/api/pop_B1_india_core.json.gz
2026-10-09T00:20:44+00:00,population,200,0.001,10,6508,data/raw/api/pop_B2_india_all.json.gz
2026-10-09T00:20:45+00:00,population,200,0.001,10,6498,data/raw/api/pop_B2_india_core.json.gz
2026-10-09T00:20:45+00:00,population,200,0.001,10,6488,data/raw/api/pop_B3_india_all.json.gz
2026-10-09T00:20:45+00:00,population,200,0.001,10,6478,data/raw/api/pop_B3_india_core.json.gz
2026-10-09T00:20:46+00:00,population,200,0.001,10,6468,data/raw/api/pop_B4_india_all.json.gz
2026-10-09T00:20:46+00:00,population,200,0.001,10,6458,data/raw/api/pop_B4_india_core.json.gz
2026-10-09T00:20:47+00:00,population,200,0.001,10,6448,data/raw/api/pop_B5_india_all.json.gz
2026-10-09T00:20:48+00:00,population,200,0.001,10,6438,data/raw/api/pop_B5_india_core.json.gz
2026-10-09T00:20:48+00:00,population,200,0.001,10,6428,data/raw/api/pop_B6_india_all.json.gz
2026-10-09T00:20:49+00:00,population,200,0.001,10,6418,data/raw/api/pop_B6_india_core.json.gz
2026-10-09T00:20:50+00:00,population,200,0.001,10,6408,data/raw/api/pop_B7_india_all.json.gz
2026-10-09T00:20:50+00:00,population,200,0.001,10,6398,data/raw/api/pop_B7_india_core.json.gz
2026-10-09T00:20:51+00:00,population,200,0.001,10,6388,data/raw/api/pop_B8_india_all.json.gz
2026-10-09T00:20:51+00:00,population,200,0.001,10,6378,data/raw/api/pop_B8_india_core.json.gz
2026-10-09T00:20:52+00:00,population,200,0.001,10,6368,data/raw/api/pop_B9_india_all.json.gz
2026-10-09T00:20:52+00:00,population,200,0.001,10,6358,data/raw/api/pop_B9_india_core.json.gz
2026-10-09T00:20:53+00:00,population,200,0.001,10,6348,data/raw/api/pop_B10_india_all.json.gz
2026-10-09T00:20:53+00:00,population,200,0.001,10,6338,data/raw/api/pop_B10_india_core.json.gz
2026-10-09T00:20:54+00:00,population,200,0.001,10,6328,data/raw/api/pop_B11_india_all.json.gz
2026-10-09T00:20:55+00:00,population,200,0.001,10,6318,data/raw/api/pop_B11_india_core.json.gz
2026-10-09T00:20:55+00:00,population,200,0.001,10,6308,data/raw/api/pop_B12_india_all.json.gz
2026-10-09T00:20:56+00:00,population,200,0.001,10,6298,data/raw/api/pop_B12_india_core.json.gz
2026-10-09T00:20:56+00:00,population,200,0.001,10,6288,data/raw/api/pop_B13_india_all.json.gz
2026-10-09T00:20:57+00:00,population,200,0.001,10,6278,data/raw/api/pop_B13_india_core.json.gz
2026-10-09T00:20:57+00:00,population,200,0.001,10,6268,data/raw/api/pop_B14_india_all.json.gz
2026-10-09T00:20:58+00:00,population,200,0.001,10,6258,data/raw/api/pop_B14_india_core.json.gz
2026-10-09T00:20:58+00:00,population,200,0.001,10,6248,data/raw/api/pop_C1_india_all.json.gz
2026-10-09T00:20:59+00:00,population,200,0.001,10,6238,data/raw/api/pop_C1_india_core.json.gz
2026-10-09T00:20:59+00:00,population,200,0.001,10,6228,data/raw/api/pop_C2_india_all.json.gz
2026-10-09T00:21:00+00:00,population,200,0.001,10,6218,data/raw/api/pop_C2_india_core.json.gz
2026-10-09T00:21:00+00:00,population,200,0.001,10,6208,data/raw/api/pop_C3_india_all.json.gz
2026-10-09T00:21:01+00:00,population,200,0.001,10,6198,data/raw/api/pop_C3_india_core.json.gz
2026-10-09T00:21:02+00:00,population,200,0.001,10,6188,data/raw/api/pop_C4_india_all.json.gz
2026-10-09T00:21:02+00:00,population,200,0.001,10,6178,data/raw/api/pop_C4_india_core.json.gz
2026-10-09T00:21:03+00:00,population,200,0.001,10,6168,data/raw/api/pop_C5_india_all.json.gz
2026-10-09T00:21:03+00:00,population,200,0.001,10,6158,data/raw/api/pop_C5_india_core.json.gz
2026-10-09T00:21:04+00:00,population,200,0.001,10,6148,data/raw/api/pop_C6_india_all.json.gz
2026-10-09T00:21:04+00:00,population,200,0.001,10,6138,data/raw/api/pop_C6_india_core.json.gz
2026-10-09T00:21:05+00:00,population,200,0.001,10,6128,data/raw/api/pop_C7_india_all.json.gz
2026-10-09T00:21:05+00:00,population,200,0.001,10,6118,data/raw/api/pop_C7_india_core.json.gz
2026-10-09T00:21:06+00:00,population,200,0.001,10,6108,data/raw/api/pop_C8_india_all.json.gz
2026-10-09T00:21:06+00:00,population,200,0.001,10,6098,data/raw/api/pop_C8_india_core.json.gz
2026-10-09T00:21:07+00:00,population,200,0.001,10,6088,data/raw/api/pop_C9_india_all.json.gz
2026-10-09T00:21:07+00:00,population,200,0.001,10,6078,data/raw/api/pop_C9_india_core.json.gz
2026-10-09T00:21:08+00:00,population,200,0.001,10,6068,data/raw/api/pop_C10_india_all.json.gz
2026-10-09T00:21:08+00:00,population,200,0.001,10,6058,data/raw/api/pop_C10_india_core.json.gz
2026-10-09T00:21:09+00:00,population,200,0.001,10,6048,data/raw/api/pop_C11_india_all.json.gz
2026-10-09T00:21:09+00:00,population,200,0.001,10,6038,data/raw/api/pop_C11_india_core.json.gz
2026-10-09T00:21:10+00:00,population,200,0.001,10,6028,data/raw/api/pop_C12_india_all.json.gz
2026-10-09T00:21:10+00:00,population,200,0.001,10,6018,data/raw/api/pop_C12_india_core.json.gz
2026-10-09T00:21:11+00:00,population,200,0.001,10,6008,data/raw/api/pop_C13_india_all.json.gz
2026-10-09T00:21:11+00:00,population,200,0.001,10,5998,data/raw/api/pop_C13_india_core.json.gz
2026-10-09T00:21:12+00:00,population,200,0.001,10,5988,data/raw/api/pop_C14_india_all.json.gz
2026-10-09T00:21:12+00:00,population,200,0.001,10,5978,data/raw/api/pop_C14_india_core.json.gz
2026-10-09T00:21:13+00:00,population,200,0.001,10,5968,data/raw/api/pop_C15_india_all.json.gz
2026-10-09T00:21:13+00:00,population,200,0.001,10,5958,data/raw/api/pop_C15_india_core.json.gz
2026-10-09T00:21:14+00:00,population,200,0.001,10,5948,data/raw/api/pop_C16_india_all.json.gz
2026-10-09T00:21:14+00:00,population,200,0.001,10,5938,data/raw/api/pop_C16_india_core.json.gz
2026-10-09T00:21:15+00:00,population,200,0.001,10,5928,data/raw/api/pop_C17_india_all.json.gz
2026-10-09T00:21:15+00:00,population,200,0.001,10,5918,data/raw/api/pop_C17_india_core.json.gz
2026-10-09T00:21:16+00:00,population,200,0.001,10,5908,data/raw/api/pop_C18_india_all.json.gz
2026-10-09T00:21:16+00:00,population,200,0.001,10,5898,data/raw/api/pop_C18_india_core.json.gz
2026-10-09T00:21:17+00:00,population,200,0.001,10,5888,data/raw/api/pop_A1_delhi.json.gz
2026-10-09T00:21:18+00:00,population,200,0.001,10,5878,data/raw/api/pop_A1_haryana.json.gz
2026-10-09T00:21:19+00:00,population,200,0.001,10,5868,data/raw/api/pop_A2_delhi.json.gz
2026-10-09T00:21:19+00:00,population,200,0.001,10,5858,data/raw/api/pop_A2_haryana.json.gz
2026-10-09T00:21:20+00:00,population,200,0.001,10,5848,data/raw/api/pop_A3_delhi.json.gz
2026-10-09T00:21:20+00:00,population,200,0.001,10,5838,data/raw/api/pop_A3_haryana.json.gz
2026-10-09T00:21:21+00:00,population,200,0.001,10,5828,data/raw/api/pop_A4_delhi.json.gz
2026-10-09T00:21:21+00:00,population,200,0.001,10,5818,data/raw/api/pop_A4_haryana.json.gz
2026-10-09T00:21:22+00:00,population,200,0.001,10,5808,data/raw/api/pop_A5_delhi.json.gz
2026-10-09T00:21:22+00:00,population,200,0.001,10,5798,data/raw/api/pop_A5_haryana.json.gz
2026-10-09T00:21:23+00:00,population,200,0.001,10,5788,data/raw/api/pop_A6_delhi.json.gz
2026-10-09T00:21:23+00:00,population,200,0.001,10,5778,data/raw/api/pop_A6_haryana.json.gz
2026-10-09T00:21:24+00:00,population,200,0.001,10,5768,data/raw/api/pop_A7_delhi.json.gz
2026-10-09T00:21:24+00:00,population,200,0.001,10,5758,data/raw/api/pop_A7_haryana.json.gz
2026-10-09T00:21:25+00:00,population,200,0.001,10,5748,data/raw/api/pop_A8_delhi.json.gz
2026-10-09T00:21:25+00:00,population,200,0.001,10,5738,data/raw/api/pop_A8_haryana.json.gz
2026-10-09T00:21:26+00:00,population,200,0.001,10,5728,data/raw/api/pop_A9_delhi.json.gz
2026-10-09T00:21:26+00:00,population,200,0.001,10,5718,data/raw/api/pop_A9_haryana.json.gz
2026-10-09T00:21:27+00:00,population,200,0.001,10,5708,data/raw/api/pop_A10_delhi.json.gz
2026-10-09T00:21:27+00:00,population,200,0.001,10,5698,data/raw/api/pop_A10_haryana.json.gz
2026-10-09T00:21:28+00:00,population,200,0.001,10,5688,data/raw/api/pop_A11_delhi.json.gz
2026-10-09T00:21:28+00:00,population,200,0.001,10,5678,data/raw/api/pop_A11_haryana.json.gz
2026-10-09T00:21:29+00:00,population,200,0.001,10,5668,data/raw/api/pop_A12_delhi.json.gz
2026-10-09T00:21:29+00:00,population,200,0.001,10,5658,data/raw/api/pop_A12_haryana.json.gz
2026-10-09T00:21:30+00:00,population,200,0.001,10,5648,data/raw/api/pop_A13_delhi.json.gz
2026-10-09T00:21:30+00:00,population,200,0.001,10,5638,data/raw/api/pop_A13_haryana.json.gz
2026-10-09T00:21:30+00:00,population,200,0.001,10,5628,data/raw/api/pop_A14_delhi.json.gz
2026-10-09T00:21:31+00:00,population,200,0.001,10,5618,data/raw/api/pop_A14_haryana.json.gz
2026-10-09T00:21:31+00:00,population,200,0.001,10,5608,data/raw/api/pop_A15_delhi.json.gz
2026-10-09T00:21:32+00:00,population,200,0.001,10,5598,data/raw/api/pop_A15_haryana.json.gz
2026-10-09T00:21:32+00:00,population,200,0.001,10,5588,data/raw/api/pop_A16_delhi.json.gz
2026-10-09T00:21:33+00:00,population,200,0.001,10,5578,data/raw/api/pop_A16_haryana.json.gz
2026-10-09T00:21:33+00:00,population,200,0.001,10,5568,data/raw/api/pop_B1_delhi.json.gz
2026-10-09T00:21:34+00:00,population,200,0.001,10,5558,data/raw/api/pop_B1_haryana.json.gz
2026-10-09T00:21:34+00:00,population,200,0.001,10,5548,data/raw/api/pop_B2_delhi.json.gz
2026-10-09T00:21:34+00:00,population,200,0.001,10,5538,data/raw/api/pop_B2_haryana.json.gz
2026-10-09T00:21:35+00:00,population,200,0.001,10,5528,data/raw/api/pop_B3_delhi.json.gz
2026-10-09T00:21:35+00:00,population,200,0.001,10,5518,data/raw/api/pop_B3_haryana.json.gz
2026-10-09T00:21:36+00:00,population,200,0.001,10,5508,data/raw/api/pop_B4_delhi.json.gz
2026-10-09T00:21:36+00:00,population,200,0.001,10,5498,data/raw/api/pop_B4_haryana.json.gz
2026-10-09T00:21:37+00:00,population,200,0.001,10,5488,data/raw/api/pop_B5_delhi.json.gz
2026-10-09T00:21:37+00:00,population,200,0.001,10,5478,data/raw/api/pop_B5_haryana.json.gz
2026-10-09T00:21:38+00:00,population,200,0.001,10,5468,data/raw/api/pop_B6_delhi.json.gz
2026-10-09T00:21:38+00:00,population,200,0.001,10,5458,data/raw/api/pop_B6_haryana.json.gz
2026-10-09T00:21:39+00:00,population,200,0.001,10,5448,data/raw/api/pop_B7_delhi.json.gz
2026-10-09T00:21:39+00:00,population,200,0.001,10,5438,data/raw/api/pop_B7_haryana.json.gz
2026-10-09T00:21:40+00:00,population,200,0.001,10,5428,data/raw/api/pop_B8_delhi.json.gz
2026-10-09T00:21:40+00:00,population,200,0.001,10,5418,data/raw/api/pop_B8_haryana.json.gz
2026-10-09T00:21:41+00:00,population,200,0.001,10,5408,data/raw/api/pop_B9_delhi.json.gz
2026-10-09T00:21:41+00:00,population,200,0.001,10,5398,data/raw/api/pop_B9_haryana.json.gz
2026-10-09T00:21:42+00:00,population,200,0.001,10,5388,data/raw/api/pop_B10_delhi.json.gz
2026-10-09T00:21:42+00:00,population,200,0.001,10,5378,data/raw/api/pop_B10_haryana.json.gz
2026-10-09T00:21:42+00:00,population,200,0.001,10,5368,data/raw/api/pop_B11_delhi.json.gz
2026-10-09T00:21:43+00:00,population,200,0.001,10,5358,data/raw/api/pop_B11_haryana.json.gz
2026-10-09T00:21:43+00:00,population,200,0.001,10,5348,data/raw/api/pop_B12_delhi.json.gz
2026-10-09T00:21:44+00:00,population,200,0.001,10,5338,data/raw/api/pop_B12_haryana.json.gz
2026-10-09T00:21:44+00:00,population,200,0.001,10,5328,data/raw/api/pop_B13_delhi.json.gz
2026-10-09T00:21:45+00:00,population,200,0.001,10,5318,data/raw/api/pop_B13_haryana.json.gz
2026-10-09T00:21:45+00:00,population,200,0.001,10,5308,data/raw/api/pop_B14_delhi.json.gz
2026-10-09T00:21:46+00:00,population,200,0.001,10,5298,data/raw/api/pop_B14_haryana.json.gz
2026-10-09T00:21:46+00:00,population,200,0.001,10,5288,data/raw/api/pop_C1_delhi.json.gz
2026-10-09T00:21:47+00:00,population,200,0.001,10,5278,data/raw/api/pop_C1_haryana.json.gz
2026-10-09T00:21:47+00:00,population,200,0.001,10,5268,data/raw/api/pop_C2_delhi.json.gz
2026-10-09T00:21:48+00:00,population,200,0.001,10,5258,data/raw/api/pop_C2_haryana.json.gz
2026-10-09T00:21:48+00:00,population,200,0.001,10,5248,data/raw/api/pop_C3_delhi.json.gz
2026-10-09T00:21:48+00:00,population,200,0.001,10,5238,data/raw/api/pop_C3_haryana.json.gz
2026-10-09T00:21:49+00:00,population,200,0.001,10,5228,data/raw/api/pop_C4_delhi.json.gz
2026-10-09T00:21:49+00:00,population,200,0.001,10,5218,data/raw/api/pop_C4_haryana.json.gz
2026-10-09T00:21:50+00:00,population,200,0.001,10,5208,data/raw/api/pop_C5_delhi.json.gz
2026-10-09T00:21:50+00:00,population,200,0.001,10,5198,data/raw/api/pop_C5_haryana.json.gz
2026-10-09T00:21:51+00:00,population,200,0.001,10,5188,data/raw/api/pop_C6_delhi.json.gz
2026-10-09T00:21:51+00:00,population,200,0.001,10,5178,data/raw/api/pop_C6_haryana.json.gz
2026-10-09T00:21:52+00:00,population,200,0.001,10,5168,data/raw/api/pop_C7_delhi.json.gz
2026-10-09T00:21:52+00:00,population,200,0.001,10,5158,data/raw/api/pop_C7_haryana.json.gz
2026-10-09T00:21:52+00:00,population,200,0.001,10,5148,data/raw/api/pop_C8_delhi.json.gz
2026-10-09T00:21:53+00:00,population,200,0.001,10,5138,data/raw/api/pop_C8_haryana.json.gz
2026-10-09T00:21:54+00:00,population,200,0.001,10,5128,data/raw/api/pop_C9_delhi.json.gz
2026-10-09T00:21:54+00:00,population,200,0.001,10,5118,data/raw/api/pop_C9_haryana.json.gz
2026-10-09T00:21:55+00:00,population,200,0.001,10,5108,data/raw/api/pop_C10_delhi.json.gz
2026-10-09T00:21:55+00:00,population,200,0.001,10,5098,data/raw/api/pop_C10_haryana.json.gz
2026-10-09T00:21:55+00:00,population,200,0.001,10,5088,data/raw/api/pop_C11_delhi.json.gz
2026-10-09T00:21:56+00:00,population,200,0.001,10,5078,data/raw/api/pop_C11_haryana.json.gz
2026-10-09T00:21:56+00:00,population,200,0.001,10,5068,data/raw/api/pop_C12_delhi.json.gz
2026-10-09T00:21:57+00:00,population,200,0.001,10,5058,data/raw/api/pop_C12_haryana.json.gz
2026-10-09T00:21:57+00:00,population,200,0.001,10,5048,data/raw/api/pop_C13_delhi.json.gz
2026-10-09T00:21:58+00:00,population,200,0.001,10,5038,data/raw/api/pop_C13_haryana.json.gz
2026-10-09T00:21:58+00:00,population,200,0.001,10,5028,data/raw/api/pop_C14_delhi.json.gz
2026-10-09T00:21:58+00:00,population,200,0.001,10,5018,data/raw/api/pop_C14_haryana.json.gz
2026-10-09T00:21:59+00:00,population,200,0.001,10,5008,data/raw/api/pop_C15_delhi.json.gz
2026-10-09T00:21:59+00:00,population,200,0.001,10,4998,data/raw/api/pop_C15_haryana.json.gz
2026-10-09T00:22:00+00:00,population,200,0.001,10,4988,data/raw/api/pop_C16_delhi.json.gz
2026-10-09T00:22:00+00:00,population,200,0.001,10,4978,data/raw/api/pop_C16_haryana.json.gz
2026-10-09T00:22:01+00:00,population,200,0.001,10,4968,data/raw/api/pop_C17_delhi.json.gz
2026-10-09T00:22:01+00:00,population,200,0.001,10,4958,data/raw/api/pop_C17_haryana.json.gz
2026-10-09T00:22:02+00:00,population,200,0.001,10,4948,data/raw/api/pop_C18_delhi.json.gz
2026-10-09T00:22:02+00:00,population,200,0.001,10,4938,data/raw/api/pop_C18_haryana.json.gz
2026-10-09T00:22:05+00:00,population,200,0.001,10,4928,data/raw/api/pop_A1_reg_GN.json.gz
2026-10-09T00:22:05+00:00,population,200,0.001,10,4918,data/raw/api/pop_A1_reg_EA.json.gz
2026-10-09T00:22:06+00:00,population,200,0.001,10,4908,data/raw/api/pop_A1_reg_SEA.json.gz
2026-10-09T00:22:07+00:00,population,200,0.001,10,4898,data/raw/api/pop_A1_reg_AF.json.gz
2026-10-09T00:22:07+00:00,population,200,0.001,10,4888,data/raw/api/pop_A1_reg_LA.json.gz
2026-10-09T00:22:08+00:00,population,200,0.001,10,4878,data/raw/api/pop_A1_reg_ME.json.gz
2026-10-09T00:22:09+00:00,population,200,0.001,10,4868,data/raw/api/pop_A2_reg_GN.json.gz
2026-10-09T00:22:09+00:00,population,200,0.001,10,4858,data/raw/api/pop_A2_reg_EA.json.gz
2026-10-09T00:22:10+00:00,population,200,0.001,10,4848,data/raw/api/pop_A2_reg_SEA.json.gz
2026-10-09T00:22:10+00:00,population,200,0.001,10,4838,data/raw/api/pop_A2_reg_AF.json.gz
2026-10-09T00:22:11+00:00,population,200,0.001,10,4828,data/raw/api/pop_A2_reg_LA.json.gz
2026-10-09T00:22:11+00:00,population,200,0.001,10,4818,data/raw/api/pop_A2_reg_ME.json.gz
2026-10-09T00:22:12+00:00,population,200,0.001,10,4808,data/raw/api/pop_A3_reg_GN.json.gz
2026-10-09T00:22:12+00:00,population,200,0.001,10,4798,data/raw/api/pop_A3_reg_EA.json.gz
2026-10-09T00:22:13+00:00,population,200,0.001,10,4788,data/raw/api/pop_A3_reg_SEA.json.gz
2026-10-09T00:22:13+00:00,population,200,0.001,10,4778,data/raw/api/pop_A3_reg_AF.json.gz
2026-10-09T00:22:14+00:00,population,200,0.001,10,4768,data/raw/api/pop_A3_reg_LA.json.gz
2026-10-09T00:22:14+00:00,population,200,0.001,10,4758,data/raw/api/pop_A3_reg_ME.json.gz
2026-10-09T00:22:15+00:00,population,200,0.001,10,4748,data/raw/api/pop_A4_reg_GN.json.gz
2026-10-09T00:22:15+00:00,population,200,0.001,10,4738,data/raw/api/pop_A4_reg_EA.json.gz
2026-10-09T00:22:16+00:00,population,200,0.001,10,4728,data/raw/api/pop_A4_reg_SEA.json.gz
2026-10-09T00:22:16+00:00,population,200,0.001,10,4718,data/raw/api/pop_A4_reg_AF.json.gz
2026-10-09T00:22:17+00:00,population,200,0.001,10,4708,data/raw/api/pop_A4_reg_LA.json.gz
2026-10-09T00:22:17+00:00,population,200,0.001,10,4698,data/raw/api/pop_A4_reg_ME.json.gz
2026-10-09T00:22:18+00:00,population,200,0.001,10,4688,data/raw/api/pop_A5_reg_GN.json.gz
2026-10-09T00:22:18+00:00,population,200,0.001,10,4678,data/raw/api/pop_A5_reg_EA.json.gz
2026-10-09T00:22:19+00:00,population,200,0.001,10,4668,data/raw/api/pop_A5_reg_SEA.json.gz
2026-10-09T00:22:20+00:00,population,200,0.001,10,4658,data/raw/api/pop_A5_reg_AF.json.gz
2026-10-09T00:22:20+00:00,population,200,0.001,10,4648,data/raw/api/pop_A5_reg_LA.json.gz
2026-10-09T00:22:20+00:00,population,200,0.001,10,4638,data/raw/api/pop_A5_reg_ME.json.gz
2026-10-09T00:22:21+00:00,population,200,0.001,10,4628,data/raw/api/pop_A6_reg_GN.json.gz
2026-10-09T00:22:22+00:00,population,200,0.001,10,4618,data/raw/api/pop_A6_reg_EA.json.gz
2026-10-09T00:22:22+00:00,population,200,0.001,10,4608,data/raw/api/pop_A6_reg_SEA.json.gz
2026-10-09T00:22:23+00:00,population,200,0.001,10,4598,data/raw/api/pop_A6_reg_AF.json.gz
2026-10-09T00:22:23+00:00,population,200,0.001,10,4588,data/raw/api/pop_A6_reg_LA.json.gz
2026-10-09T00:22:24+00:00,population,200,0.001,10,4578,data/raw/api/pop_A6_reg_ME.json.gz
2026-10-09T00:22:24+00:00,population,200,0.001,10,4568,data/raw/api/pop_A7_reg_GN.json.gz
2026-10-09T00:22:25+00:00,population,200,0.001,10,4558,data/raw/api/pop_A7_reg_EA.json.gz
2026-10-09T00:22:25+00:00,population,200,0.001,10,4548,data/raw/api/pop_A7_reg_SEA.json.gz
2026-10-09T00:22:26+00:00,population,200,0.001,10,4538,data/raw/api/pop_A7_reg_AF.json.gz
2026-10-09T00:22:26+00:00,population,200,0.001,10,4528,data/raw/api/pop_A7_reg_LA.json.gz
2026-10-09T00:22:26+00:00,population,200,0.001,10,4518,data/raw/api/pop_A7_reg_ME.json.gz
2026-10-09T00:22:27+00:00,population,200,0.001,10,4508,data/raw/api/pop_A8_reg_GN.json.gz
2026-10-09T00:22:28+00:00,population,200,0.001,10,4498,data/raw/api/pop_A8_reg_EA.json.gz
2026-10-09T00:22:28+00:00,population,200,0.001,10,4488,data/raw/api/pop_A8_reg_SEA.json.gz
2026-10-09T00:22:29+00:00,population,200,0.001,10,4478,data/raw/api/pop_A8_reg_AF.json.gz
2026-10-09T00:22:29+00:00,population,200,0.001,10,4468,data/raw/api/pop_A8_reg_LA.json.gz
2026-10-09T00:22:30+00:00,population,200,0.001,10,4458,data/raw/api/pop_A8_reg_ME.json.gz
2026-10-09T00:22:31+00:00,population,200,0.001,10,4448,data/raw/api/pop_A9_reg_GN.json.gz
2026-10-09T00:22:31+00:00,population,200,0.001,10,4438,data/raw/api/pop_A9_reg_EA.json.gz
2026-10-09T00:22:32+00:00,population,200,0.001,10,4428,data/raw/api/pop_A9_reg_SEA.json.gz
2026-10-09T00:22:32+00:00,population,200,0.001,10,4418,data/raw/api/pop_A9_reg_AF.json.gz
2026-10-09T00:22:32+00:00,population,200,0.001,10,4408,data/raw/api/pop_A9_reg_LA.json.gz
2026-10-09T00:22:33+00:00,population,200,0.001,10,4398,data/raw/api/pop_A9_reg_ME.json.gz
2026-10-09T00:22:34+00:00,population,200,0.001,10,4388,data/raw/api/pop_A10_reg_GN.json.gz
2026-10-09T00:22:34+00:00,population,200,0.001,10,4378,data/raw/api/pop_A10_reg_EA.json.gz
2026-10-09T00:22:34+00:00,population,200,0.001,10,4368,data/raw/api/pop_A10_reg_SEA.json.gz
2026-10-09T00:22:35+00:00,population,200,0.001,10,4358,data/raw/api/pop_A10_reg_AF.json.gz
2026-10-09T00:22:35+00:00,population,200,0.001,10,4348,data/raw/api/pop_A10_reg_LA.json.gz
2026-10-09T00:22:36+00:00,population,200,0.001,10,4338,data/raw/api/pop_A10_reg_ME.json.gz
2026-10-09T00:22:36+00:00,population,200,0.001,10,4328,data/raw/api/pop_A11_reg_GN.json.gz
2026-10-09T00:22:37+00:00,population,200,0.001,10,4318,data/raw/api/pop_A11_reg_EA.json.gz
2026-10-09T00:22:37+00:00,population,200,0.001,10,4308,data/raw/api/pop_A11_reg_SEA.json.gz
2026-10-09T00:22:38+00:00,population,200,0.001,10,4298,data/raw/api/pop_A11_reg_AF.json.gz
2026-10-09T00:22:38+00:00,population,200,0.001,10,4288,data/raw/api/pop_A11_reg_LA.json.gz
2026-10-09T00:22:38+00:00,population,200,0.001,10,4278,data/raw/api/pop_A11_reg_ME.json.gz
2026-10-09T00:22:39+00:00,population,200,0.001,10,4268,data/raw/api/pop_A12_reg_GN.json.gz
2026-10-09T00:22:40+00:00,population,200,0.001,10,4258,data/raw/api/pop_A12_reg_EA.json.gz
2026-10-09T00:22:40+00:00,population,200,0.001,10,4248,data/raw/api/pop_A12_reg_SEA.json.gz
2026-10-09T00:22:41+00:00,population,200,0.001,10,4238,data/raw/api/pop_A12_reg_AF.json.gz
2026-10-09T00:22:41+00:00,population,200,0.001,10,4228,data/raw/api/pop_A12_reg_LA.json.gz
2026-10-09T00:22:42+00:00,population,200,0.001,10,4218,data/raw/api/pop_A12_reg_ME.json.gz
2026-10-09T00:22:43+00:00,population,200,0.001,10,4208,data/raw/api/pop_A13_reg_GN.json.gz
2026-10-09T00:22:43+00:00,population,200,0.001,10,4198,data/raw/api/pop_A13_reg_EA.json.gz
2026-10-09T00:22:43+00:00,population,200,0.001,10,4188,data/raw/api/pop_A13_reg_SEA.json.gz
2026-10-09T00:22:44+00:00,population,200,0.001,10,4178,data/raw/api/pop_A13_reg_AF.json.gz
2026-10-09T00:22:44+00:00,population,200,0.001,10,4168,data/raw/api/pop_A13_reg_LA.json.gz
2026-10-09T00:22:45+00:00,population,200,0.001,10,4158,data/raw/api/pop_A13_reg_ME.json.gz
2026-10-09T00:22:46+00:00,population,200,0.001,10,4148,data/raw/api/pop_A14_reg_GN.json.gz
2026-10-09T00:22:46+00:00,population,200,0.001,10,4138,data/raw/api/pop_A14_reg_EA.json.gz
2026-10-09T00:22:46+00:00,population,200,0.001,10,4128,data/raw/api/pop_A14_reg_SEA.json.gz
2026-10-09T00:22:47+00:00,population,200,0.001,10,4118,data/raw/api/pop_A14_reg_AF.json.gz
2026-10-09T00:22:47+00:00,population,200,0.001,10,4108,data/raw/api/pop_A14_reg_LA.json.gz
2026-10-09T00:22:48+00:00,population,200,0.001,10,4098,data/raw/api/pop_A14_reg_ME.json.gz
2026-10-09T00:22:49+00:00,population,200,0.001,10,4088,data/raw/api/pop_A15_reg_GN.json.gz
2026-10-09T00:22:49+00:00,population,200,0.001,10,4078,data/raw/api/pop_A15_reg_EA.json.gz
2026-10-09T00:22:49+00:00,population,200,0.001,10,4068,data/raw/api/pop_A15_reg_SEA.json.gz
2026-10-09T00:22:50+00:00,population,200,0.001,10,4058,data/raw/api/pop_A15_reg_AF.json.gz
2026-10-09T00:22:50+00:00,population,200,0.001,10,4048,data/raw/api/pop_A15_reg_LA.json.gz
2026-10-09T00:22:51+00:00,population,200,0.001,10,4038,data/raw/api/pop_A15_reg_ME.json.gz
2026-10-09T00:22:51+00:00,population,200,0.001,10,4028,data/raw/api/pop_A16_reg_GN.json.gz
2026-10-09T00:22:52+00:00,population,200,0.001,10,4018,data/raw/api/pop_A16_reg_EA.json.gz
2026-10-09T00:22:52+00:00,population,200,0.001,10,4008,data/raw/api/pop_A16_reg_SEA.json.gz
2026-10-09T00:22:53+00:00,population,200,0.001,10,3998,data/raw/api/pop_A16_reg_AF.json.gz
2026-10-09T00:22:53+00:00,population,200,0.001,10,3988,data/raw/api/pop_A16_reg_LA.json.gz
2026-10-09T00:22:54+00:00,population,200,0.001,10,3978,data/raw/api/pop_A16_reg_ME.json.gz
2026-10-09T00:22:54+00:00,population,200,0.001,10,3968,data/raw/api/pop_B1_reg_GN.json.gz
2026-10-09T00:22:55+00:00,population,200,0.001,10,3958,data/raw/api/pop_B1_reg_EA.json.gz
2026-10-09T00:22:55+00:00,population,200,0.001,10,3948,data/raw/api/pop_B1_reg_SEA.json.gz
2026-10-09T00:22:56+00:00,population,200,0.001,10,3938,data/raw/api/pop_B1_reg_AF.json.gz
2026-10-09T00:22:56+00:00,population,200,0.001,10,3928,data/raw/api/pop_B1_reg_LA.json.gz
2026-10-09T00:22:57+00:00,population,200,0.001,10,3918,data/raw/api/pop_B1_reg_ME.json.gz
2026-10-09T00:22:57+00:00,population,200,0.001,10,3908,data/raw/api/pop_B2_reg_GN.json.gz
2026-10-09T00:22:58+00:00,population,200,0.001,10,3898,data/raw/api/pop_B2_reg_EA.json.gz
2026-10-09T00:22:58+00:00,population,200,0.001,10,3888,data/raw/api/pop_B2_reg_SEA.json.gz
2026-10-09T00:22:59+00:00,population,200,0.001,10,3878,data/raw/api/pop_B2_reg_AF.json.gz
2026-10-09T00:22:59+00:00,population,200,0.001,10,3868,data/raw/api/pop_B2_reg_LA.json.gz
2026-10-09T00:23:00+00:00,population,200,0.001,10,3858,data/raw/api/pop_B2_reg_ME.json.gz
2026-10-09T00:23:00+00:00,population,200,0.001,10,3848,data/raw/api/pop_B3_reg_GN.json.gz
2026-10-09T00:23:01+00:00,population,200,0.001,10,3838,data/raw/api/pop_B3_reg_EA.json.gz
2026-10-09T00:23:01+00:00,population,200,0.001,10,3828,data/raw/api/pop_B3_reg_SEA.json.gz
2026-10-09T00:23:02+00:00,population,200,0.001,10,3818,data/raw/api/pop_B3_reg_AF.json.gz
2026-10-09T00:23:02+00:00,population,200,0.001,10,3808,data/raw/api/pop_B3_reg_LA.json.gz
2026-10-09T00:23:03+00:00,population,200,0.001,10,3798,data/raw/api/pop_B3_reg_ME.json.gz
2026-10-09T00:23:03+00:00,population,200,0.001,10,3788,data/raw/api/pop_B4_reg_GN.json.gz
2026-10-09T00:23:04+00:00,population,200,0.001,10,3778,data/raw/api/pop_B4_reg_EA.json.gz
2026-10-09T00:23:04+00:00,population,200,0.001,10,3768,data/raw/api/pop_B4_reg_SEA.json.gz
2026-10-09T00:23:05+00:00,population,200,0.001,10,3758,data/raw/api/pop_B4_reg_AF.json.gz
2026-10-09T00:23:05+00:00,population,200,0.001,10,3748,data/raw/api/pop_B4_reg_LA.json.gz
2026-10-09T00:23:06+00:00,population,200,0.001,10,3738,data/raw/api/pop_B4_reg_ME.json.gz
2026-10-09T00:23:07+00:00,population,200,0.001,10,3728,data/raw/api/pop_B5_reg_GN.json.gz
2026-10-09T00:23:07+00:00,population,200,0.001,10,3718,data/raw/api/pop_B5_reg_EA.json.gz
2026-10-09T00:23:08+00:00,population,200,0.001,10,3708,data/raw/api/pop_B5_reg_SEA.json.gz
2026-10-09T00:23:08+00:00,population,200,0.001,10,3698,data/raw/api/pop_B5_reg_AF.json.gz
2026-10-09T00:23:09+00:00,population,200,0.001,10,3688,data/raw/api/pop_B5_reg_LA.json.gz
2026-10-09T00:23:09+00:00,population,200,0.001,10,3678,data/raw/api/pop_B5_reg_ME.json.gz
2026-10-09T00:23:10+00:00,population,200,0.001,10,3668,data/raw/api/pop_B6_reg_GN.json.gz
2026-10-09T00:23:10+00:00,population,200,0.001,10,3658,data/raw/api/pop_B6_reg_EA.json.gz
2026-10-09T00:23:11+00:00,population,200,0.001,10,3648,data/raw/api/pop_B6_reg_SEA.json.gz
2026-10-09T00:23:11+00:00,population,200,0.001,10,3638,data/raw/api/pop_B6_reg_AF.json.gz
2026-10-09T00:23:12+00:00,population,200,0.001,10,3628,data/raw/api/pop_B6_reg_LA.json.gz
2026-10-09T00:23:12+00:00,population,200,0.001,10,3618,data/raw/api/pop_B6_reg_ME.json.gz
2026-10-09T00:23:13+00:00,population,200,0.001,10,3608,data/raw/api/pop_B7_reg_GN.json.gz
2026-10-09T00:23:13+00:00,population,200,0.001,10,3598,data/raw/api/pop_B7_reg_EA.json.gz
2026-10-09T00:23:14+00:00,population,200,0.001,10,3588,data/raw/api/pop_B7_reg_SEA.json.gz
2026-10-09T00:23:14+00:00,population,200,0.001,10,3578,data/raw/api/pop_B7_reg_AF.json.gz
2026-10-09T00:23:15+00:00,population,200,0.001,10,3568,data/raw/api/pop_B7_reg_LA.json.gz
2026-10-09T00:23:15+00:00,population,200,0.001,10,3558,data/raw/api/pop_B7_reg_ME.json.gz
2026-10-09T00:23:16+00:00,population,200,0.001,10,3548,data/raw/api/pop_B8_reg_GN.json.gz
2026-10-09T00:23:17+00:00,population,200,0.001,10,3538,data/raw/api/pop_B8_reg_EA.json.gz
2026-10-09T00:23:17+00:00,population,200,0.001,10,3528,data/raw/api/pop_B8_reg_SEA.json.gz
2026-10-09T00:23:18+00:00,population,200,0.001,10,3518,data/raw/api/pop_B8_reg_AF.json.gz
2026-10-09T00:23:18+00:00,population,200,0.001,10,3508,data/raw/api/pop_B8_reg_LA.json.gz
2026-10-09T00:23:19+00:00,population,200,0.001,10,3498,data/raw/api/pop_B8_reg_ME.json.gz
2026-10-09T00:23:20+00:00,population,200,0.001,10,3488,data/raw/api/pop_B9_reg_GN.json.gz
2026-10-09T00:23:20+00:00,population,200,0.001,10,3478,data/raw/api/pop_B9_reg_EA.json.gz
2026-10-09T00:23:20+00:00,population,200,0.001,10,3468,data/raw/api/pop_B9_reg_SEA.json.gz
2026-10-09T00:23:21+00:00,population,200,0.001,10,3458,data/raw/api/pop_B9_reg_AF.json.gz
2026-10-09T00:23:21+00:00,population,200,0.001,10,3448,data/raw/api/pop_B9_reg_LA.json.gz
2026-10-09T00:23:22+00:00,population,200,0.001,10,3438,data/raw/api/pop_B9_reg_ME.json.gz
2026-10-09T00:23:23+00:00,population,200,0.001,10,3428,data/raw/api/pop_B10_reg_GN.json.gz
2026-10-09T00:23:23+00:00,population,200,0.001,10,3418,data/raw/api/pop_B10_reg_EA.json.gz
2026-10-09T00:23:23+00:00,population,200,0.001,10,3408,data/raw/api/pop_B10_reg_SEA.json.gz
2026-10-09T00:23:24+00:00,population,200,0.001,10,3398,data/raw/api/pop_B10_reg_AF.json.gz
2026-10-09T00:23:24+00:00,population,200,0.001,10,3388,data/raw/api/pop_B10_reg_LA.json.gz
2026-10-09T00:23:25+00:00,population,200,0.001,10,3378,data/raw/api/pop_B10_reg_ME.json.gz
2026-10-09T00:23:26+00:00,population,200,0.001,10,3368,data/raw/api/pop_B11_reg_GN.json.gz
2026-10-09T00:23:26+00:00,population,200,0.001,10,3358,data/raw/api/pop_B11_reg_EA.json.gz
2026-10-09T00:23:26+00:00,population,200,0.001,10,3348,data/raw/api/pop_B11_reg_SEA.json.gz
2026-10-09T00:23:27+00:00,population,200,0.001,10,3338,data/raw/api/pop_B11_reg_AF.json.gz
2026-10-09T00:23:27+00:00,population,200,0.001,10,3328,data/raw/api/pop_B11_reg_LA.json.gz
2026-10-09T00:23:28+00:00,population,200,0.001,10,3318,data/raw/api/pop_B11_reg_ME.json.gz
2026-10-09T00:23:28+00:00,population,200,0.001,10,3308,data/raw/api/pop_B12_reg_GN.json.gz
2026-10-09T00:23:29+00:00,population,200,0.001,10,3298,data/raw/api/pop_B12_reg_EA.json.gz
2026-10-09T00:23:29+00:00,population,200,0.001,10,3288,data/raw/api/pop_B12_reg_SEA.json.gz
2026-10-09T00:23:30+00:00,population,200,0.001,10,3278,data/raw/api/pop_B12_reg_AF.json.gz
2026-10-09T00:23:30+00:00,population,200,0.001,10,3268,data/raw/api/pop_B12_reg_LA.json.gz
2026-10-09T00:23:31+00:00,population,200,0.001,10,3258,data/raw/api/pop_B12_reg_ME.json.gz
2026-10-09T00:23:32+00:00,population,200,0.001,10,3248,data/raw/api/pop_B13_reg_GN.json.gz
2026-10-09T00:23:32+00:00,population,200,0.001,10,3238,data/raw/api/pop_B13_reg_EA.json.gz
2026-10-09T00:23:32+00:00,population,200,0.001,10,3228,data/raw/api/pop_B13_reg_SEA.json.gz
2026-10-09T00:23:33+00:00,population,200,0.001,10,3218,data/raw/api/pop_B13_reg_AF.json.gz
2026-10-09T00:23:33+00:00,population,200,0.001,10,3208,data/raw/api/pop_B13_reg_LA.json.gz
2026-10-09T00:23:34+00:00,population,200,0.001,10,3198,data/raw/api/pop_B13_reg_ME.json.gz
2026-10-09T00:23:35+00:00,population,200,0.001,10,3188,data/raw/api/pop_B14_reg_GN.json.gz
2026-10-09T00:23:35+00:00,population,200,0.001,10,3178,data/raw/api/pop_B14_reg_EA.json.gz
2026-10-09T00:23:35+00:00,population,200,0.001,10,3168,data/raw/api/pop_B14_reg_SEA.json.gz
2026-10-09T00:23:36+00:00,population,200,0.001,10,3158,data/raw/api/pop_B14_reg_AF.json.gz
2026-10-09T00:23:36+00:00,population,200,0.001,10,3148,data/raw/api/pop_B14_reg_LA.json.gz
2026-10-09T00:23:37+00:00,population,200,0.001,10,3138,data/raw/api/pop_B14_reg_ME.json.gz
2026-10-09T00:23:37+00:00,population,200,0.001,10,3128,data/raw/api/pop_C1_reg_GN.json.gz
2026-10-09T00:23:38+00:00,population,200,0.001,10,3118,data/raw/api/pop_C1_reg_EA.json.gz
2026-10-09T00:23:38+00:00,population,200,0.001,10,3108,data/raw/api/pop_C1_reg_SEA.json.gz
2026-10-09T00:23:39+00:00,population,200,0.001,10,3098,data/raw/api/pop_C1_reg_AF.json.gz
2026-10-09T00:23:39+00:00,population,200,0.001,10,3088,data/raw/api/pop_C1_reg_LA.json.gz
2026-10-09T00:23:39+00:00,population,200,0.001,10,3078,data/raw/api/pop_C1_reg_ME.json.gz
2026-10-09T00:23:40+00:00,population,200,0.001,10,3068,data/raw/api/pop_C2_reg_GN.json.gz
2026-10-09T00:23:41+00:00,population,200,0.001,10,3058,data/raw/api/pop_C2_reg_EA.json.gz
2026-10-09T00:23:41+00:00,population,200,0.001,10,3048,data/raw/api/pop_C2_reg_SEA.json.gz
2026-10-09T00:23:42+00:00,population,200,0.001,10,3038,data/raw/api/pop_C2_reg_AF.json.gz
2026-10-09T00:23:42+00:00,population,200,0.001,10,3028,data/raw/api/pop_C2_reg_LA.json.gz
2026-10-09T00:23:42+00:00,population,200,0.001,10,3018,data/raw/api/pop_C2_reg_ME.json.gz
2026-10-09T00:23:43+00:00,population,200,0.001,10,3008,data/raw/api/pop_C3_reg_GN.json.gz
2026-10-09T00:23:43+00:00,population,200,0.001,10,2998,data/raw/api/pop_C3_reg_EA.json.gz
2026-10-09T00:23:44+00:00,population,200,0.001,10,2988,data/raw/api/pop_C3_reg_SEA.json.gz
2026-10-09T00:23:44+00:00,population,200,0.001,10,2978,data/raw/api/pop_C3_reg_AF.json.gz
2026-10-09T00:23:45+00:00,population,200,0.001,10,2968,data/raw/api/pop_C3_reg_LA.json.gz
2026-10-09T00:23:45+00:00,population,200,0.001,10,2958,data/raw/api/pop_C3_reg_ME.json.gz
2026-10-09T00:23:46+00:00,population,200,0.001,10,2948,data/raw/api/pop_C4_reg_GN.json.gz
2026-10-09T00:23:46+00:00,population,200,0.001,10,2938,data/raw/api/pop_C4_reg_EA.json.gz
2026-10-09T00:23:47+00:00,population,200,0.001,10,2928,data/raw/api/pop_C4_reg_SEA.json.gz
2026-10-09T00:23:47+00:00,population,200,0.001,10,2918,data/raw/api/pop_C4_reg_AF.json.gz
2026-10-09T00:23:48+00:00,population,200,0.001,10,2908,data/raw/api/pop_C4_reg_LA.json.gz
2026-10-09T00:23:48+00:00,population,200,0.001,10,2898,data/raw/api/pop_C4_reg_ME.json.gz
2026-10-09T00:23:49+00:00,population,200,0.001,10,2888,data/raw/api/pop_C5_reg_GN.json.gz
2026-10-09T00:23:49+00:00,population,200,0.001,10,2878,data/raw/api/pop_C5_reg_EA.json.gz
2026-10-09T00:23:50+00:00,population,200,0.001,10,2868,data/raw/api/pop_C5_reg_SEA.json.gz
2026-10-09T00:23:50+00:00,population,200,0.001,10,2858,data/raw/api/pop_C5_reg_AF.json.gz
2026-10-09T00:23:51+00:00,population,200,0.001,10,2848,data/raw/api/pop_C5_reg_LA.json.gz
2026-10-09T00:23:52+00:00,population,200,0.001,10,2838,data/raw/api/pop_C5_reg_ME.json.gz
2026-10-09T00:23:52+00:00,population,200,0.001,10,2828,data/raw/api/pop_C6_reg_GN.json.gz
2026-10-09T00:23:53+00:00,population,200,0.001,10,2818,data/raw/api/pop_C6_reg_EA.json.gz
2026-10-09T00:23:53+00:00,population,200,0.001,10,2808,data/raw/api/pop_C6_reg_SEA.json.gz
2026-10-09T00:23:54+00:00,population,200,0.001,10,2798,data/raw/api/pop_C6_reg_AF.json.gz
2026-10-09T00:23:54+00:00,population,200,0.001,10,2788,data/raw/api/pop_C6_reg_LA.json.gz
2026-10-09T00:23:55+00:00,population,200,0.001,10,2778,data/raw/api/pop_C6_reg_ME.json.gz
2026-10-09T00:23:57+00:00,population,200,0.001,10,2768,data/raw/api/pop_C7_reg_GN.json.gz
2026-10-09T00:23:58+00:00,population,200,0.001,10,2758,data/raw/api/pop_C7_reg_EA.json.gz
2026-10-09T00:23:58+00:00,population,200,0.001,10,2748,data/raw/api/pop_C7_reg_SEA.json.gz
2026-10-09T00:23:59+00:00,population,200,0.001,10,2738,data/raw/api/pop_C7_reg_AF.json.gz
2026-10-09T00:23:59+00:00,population,200,0.001,10,2728,data/raw/api/pop_C7_reg_LA.json.gz
2026-10-09T00:24:00+00:00,population,200,0.001,10,2718,data/raw/api/pop_C7_reg_ME.json.gz
2026-10-09T00:24:00+00:00,population,200,0.001,10,2708,data/raw/api/pop_C8_reg_GN.json.gz
2026-10-09T00:24:01+00:00,population,200,0.001,10,2698,data/raw/api/pop_C8_reg_EA.json.gz
2026-10-09T00:24:01+00:00,population,200,0.001,10,2688,data/raw/api/pop_C8_reg_SEA.json.gz
2026-10-09T00:24:02+00:00,population,200,0.001,10,2678,data/raw/api/pop_C8_reg_AF.json.gz
2026-10-09T00:24:03+00:00,population,200,0.001,10,2668,data/raw/api/pop_C8_reg_LA.json.gz
2026-10-09T00:24:03+00:00,population,200,0.001,10,2658,data/raw/api/pop_C8_reg_ME.json.gz
2026-10-09T00:24:04+00:00,population,200,0.001,10,2648,data/raw/api/pop_C9_reg_GN.json.gz
2026-10-09T00:24:05+00:00,population,200,0.001,10,2638,data/raw/api/pop_C9_reg_EA.json.gz
2026-10-09T00:24:06+00:00,population,200,0.001,10,2628,data/raw/api/pop_C9_reg_SEA.json.gz
2026-10-09T00:24:06+00:00,population,200,0.001,10,2618,data/raw/api/pop_C9_reg_AF.json.gz
2026-10-09T00:24:07+00:00,population,200,0.001,10,2608,data/raw/api/pop_C9_reg_LA.json.gz
2026-10-09T00:24:07+00:00,population,200,0.001,10,2598,data/raw/api/pop_C9_reg_ME.json.gz
2026-10-09T00:24:08+00:00,population,200,0.001,10,2588,data/raw/api/pop_C10_reg_GN.json.gz
2026-10-09T00:24:08+00:00,population,200,0.001,10,2578,data/raw/api/pop_C10_reg_EA.json.gz
2026-10-09T00:24:09+00:00,population,200,0.001,10,2568,data/raw/api/pop_C10_reg_SEA.json.gz
2026-10-09T00:24:09+00:00,population,200,0.001,10,2558,data/raw/api/pop_C10_reg_AF.json.gz
2026-10-09T00:24:10+00:00,population,200,0.001,10,2548,data/raw/api/pop_C10_reg_LA.json.gz
2026-10-09T00:24:10+00:00,population,200,0.001,10,2538,data/raw/api/pop_C10_reg_ME.json.gz
2026-10-09T00:24:11+00:00,population,200,0.001,10,2528,data/raw/api/pop_C11_reg_GN.json.gz
2026-10-09T00:24:11+00:00,population,200,0.001,10,2518,data/raw/api/pop_C11_reg_EA.json.gz
2026-10-09T00:24:12+00:00,population,200,0.001,10,2508,data/raw/api/pop_C11_reg_SEA.json.gz
2026-10-09T00:24:12+00:00,population,200,0.001,10,2498,data/raw/api/pop_C11_reg_AF.json.gz
2026-10-09T00:24:13+00:00,population,200,0.001,10,2488,data/raw/api/pop_C11_reg_LA.json.gz
2026-10-09T00:24:14+00:00,population,200,0.001,10,2478,data/raw/api/pop_C11_reg_ME.json.gz
2026-10-09T00:24:15+00:00,population,200,0.001,10,2468,data/raw/api/pop_C12_reg_GN.json.gz
2026-10-09T00:24:15+00:00,population,200,0.001,10,2458,data/raw/api/pop_C12_reg_EA.json.gz
2026-10-09T00:24:16+00:00,population,200,0.001,10,2448,data/raw/api/pop_C12_reg_SEA.json.gz
2026-10-09T00:24:16+00:00,population,200,0.001,10,2438,data/raw/api/pop_C12_reg_AF.json.gz
2026-10-09T00:24:17+00:00,population,200,0.001,10,2428,data/raw/api/pop_C12_reg_LA.json.gz
2026-10-09T00:24:17+00:00,population,200,0.001,10,2418,data/raw/api/pop_C12_reg_ME.json.gz
2026-10-09T00:24:18+00:00,population,200,0.001,10,2408,data/raw/api/pop_C13_reg_GN.json.gz
2026-10-09T00:24:19+00:00,population,200,0.001,10,2398,data/raw/api/pop_C13_reg_EA.json.gz
2026-10-09T00:24:19+00:00,population,200,0.001,10,2388,data/raw/api/pop_C13_reg_SEA.json.gz
2026-10-09T00:24:20+00:00,population,200,0.001,10,2378,data/raw/api/pop_C13_reg_AF.json.gz
2026-10-09T00:24:20+00:00,population,200,0.001,10,2368,data/raw/api/pop_C13_reg_LA.json.gz
2026-10-09T00:24:20+00:00,population,200,0.001,10,2358,data/raw/api/pop_C13_reg_ME.json.gz
2026-10-09T00:24:21+00:00,population,200,0.001,10,2348,data/raw/api/pop_C14_reg_GN.json.gz
2026-10-09T00:24:21+00:00,population,200,0.001,10,2338,data/raw/api/pop_C14_reg_EA.json.gz
2026-10-09T00:24:22+00:00,population,200,0.001,10,2328,data/raw/api/pop_C14_reg_SEA.json.gz
2026-10-09T00:24:22+00:00,population,200,0.001,10,2318,data/raw/api/pop_C14_reg_AF.json.gz
2026-10-09T00:24:23+00:00,population,200,0.001,10,2308,data/raw/api/pop_C14_reg_LA.json.gz
2026-10-09T00:24:23+00:00,population,200,0.001,10,2298,data/raw/api/pop_C14_reg_ME.json.gz
2026-10-09T00:24:24+00:00,population,200,0.001,10,2288,data/raw/api/pop_C15_reg_GN.json.gz
2026-10-09T00:24:24+00:00,population,200,0.001,10,2278,data/raw/api/pop_C15_reg_EA.json.gz
2026-10-09T00:24:25+00:00,population,200,0.001,10,2268,data/raw/api/pop_C15_reg_SEA.json.gz
2026-10-09T00:24:25+00:00,population,200,0.001,10,2258,data/raw/api/pop_C15_reg_AF.json.gz
2026-10-09T00:24:26+00:00,population,200,0.001,10,2248,data/raw/api/pop_C15_reg_LA.json.gz
2026-10-09T00:24:26+00:00,population,200,0.001,10,2238,data/raw/api/pop_C15_reg_ME.json.gz
2026-10-09T00:24:27+00:00,population,200,0.001,10,2228,data/raw/api/pop_C16_reg_GN.json.gz
2026-10-09T00:24:27+00:00,population,200,0.001,10,2218,data/raw/api/pop_C16_reg_EA.json.gz
2026-10-09T00:24:28+00:00,population,200,0.001,10,2208,data/raw/api/pop_C16_reg_SEA.json.gz
2026-10-09T00:24:28+00:00,population,200,0.001,10,2198,data/raw/api/pop_C16_reg_AF.json.gz
2026-10-09T00:24:29+00:00,population,200,0.001,10,2188,data/raw/api/pop_C16_reg_LA.json.gz
2026-10-09T00:24:29+00:00,population,200,0.001,10,2178,data/raw/api/pop_C16_reg_ME.json.gz
2026-10-09T00:24:30+00:00,population,200,0.001,10,2168,data/raw/api/pop_C17_reg_GN.json.gz
2026-10-09T00:24:30+00:00,population,200,0.001,10,2158,data/raw/api/pop_C17_reg_EA.json.gz
2026-10-09T00:24:31+00:00,population,200,0.001,10,2148,data/raw/api/pop_C17_reg_SEA.json.gz
2026-10-09T00:24:31+00:00,population,200,0.001,10,2138,data/raw/api/pop_C17_reg_AF.json.gz
2026-10-09T00:24:32+00:00,population,200,0.001,10,2128,data/raw/api/pop_C17_reg_LA.json.gz
2026-10-09T00:24:32+00:00,population,200,0.001,10,2118,data/raw/api/pop_C17_reg_ME.json.gz
2026-10-09T00:24:33+00:00,population,200,0.001,10,2108,data/raw/api/pop_C18_reg_GN.json.gz
2026-10-09T00:24:33+00:00,population,200,0.001,10,2098,data/raw/api/pop_C18_reg_EA.json.gz
2026-10-09T00:24:34+00:00,population,200,0.001,10,2088,data/raw/api/pop_C18_reg_SEA.json.gz
2026-10-09T00:24:34+00:00,population,200,0.001,10,2078,data/raw/api/pop_C18_reg_AF.json.gz
2026-10-09T00:24:35+00:00,population,200,0.001,10,2068,data/raw/api/pop_C18_reg_LA.json.gz
2026-10-09T00:24:35+00:00,population,200,0.001,10,2058,data/raw/api/pop_C18_reg_ME.json.gz
2026-10-09T00:24:36+00:00,population,200,0.001,10,2048,data/raw/api/pop_A1_sa_sample.json.gz
2026-10-09T00:24:37+00:00,population,200,0.001,10,2038,data/raw/api/pop_A2_sa_sample.json.gz
2026-10-09T00:24:37+00:00,population,200,0.001,10,2028,data/raw/api/pop_A3_sa_sample.json.gz
2026-10-09T00:24:38+00:00,population,200,0.001,10,2018,data/raw/api/pop_A4_sa_sample.json.gz
2026-10-09T00:24:39+00:00,population,200,0.001,10,2008,data/raw/api/pop_A5_sa_sample.json.gz
2026-10-09T00:24:39+00:00,population,200,0.001,10,1998,data/raw/api/pop_A6_sa_sample.json.gz
2026-10-09T00:24:40+00:00,population,200,0.001,10,1988,data/raw/api/pop_A7_sa_sample.json.gz
2026-10-09T00:24:40+00:00,population,200,0.001,10,1978,data/raw/api/pop_A8_sa_sample.json.gz
2026-10-09T00:24:41+00:00,population,200,0.001,10,1968,data/raw/api/pop_A9_sa_sample.json.gz
2026-10-09T00:24:42+00:00,population,200,0.001,10,1958,data/raw/api/pop_A10_sa_sample.json.gz
2026-10-09T00:24:42+00:00,population,200,0.001,10,1948,data/raw/api/pop_A11_sa_sample.json.gz
2026-10-09T00:24:43+00:00,population,200,0.001,10,1938,data/raw/api/pop_A12_sa_sample.json.gz
2026-10-09T00:24:43+00:00,population,200,0.001,10,1928,data/raw/api/pop_A13_sa_sample.json.gz
2026-10-09T00:24:44+00:00,population,200,0.001,10,1918,data/raw/api/pop_A14_sa_sample.json.gz
2026-10-09T00:24:44+00:00,population,200,0.001,10,1908,data/raw/api/pop_A15_sa_sample.json.gz
2026-10-09T00:24:45+00:00,population,200,0.001,10,1898,data/raw/api/pop_A16_sa_sample.json.gz
2026-10-09T00:24:46+00:00,population,200,0.001,10,1888,data/raw/api/pop_B1_sa_sample.json.gz
2026-10-09T00:24:46+00:00,population,200,0.001,10,1878,data/raw/api/pop_B2_sa_sample.json.gz
2026-10-09T00:24:47+00:00,population,200,0.001,10,1868,data/raw/api/pop_B3_sa_sample.json.gz
2026-10-09T00:24:48+00:00,population,200,0.001,10,1858,data/raw/api/pop_B4_sa_sample.json.gz
2026-10-09T00:24:48+00:00,population,200,0.001,10,1848,data/raw/api/pop_B5_sa_sample.json.gz
2026-10-09T00:24:49+00:00,population,200,0.001,10,1838,data/raw/api/pop_B6_sa_sample.json.gz
2026-10-09T00:24:49+00:00,population,200,0.001,10,1828,data/raw/api/pop_B7_sa_sample.json.gz
2026-10-09T00:24:50+00:00,population,200,0.001,10,1818,data/raw/api/pop_B8_sa_sample.json.gz
2026-10-09T00:24:51+00:00,population,200,0.001,10,1808,data/raw/api/pop_B9_sa_sample.json.gz
2026-10-09T00:24:51+00:00,population,200,0.001,10,1798,data/raw/api/pop_B10_sa_sample.json.gz
2026-10-09T00:24:52+00:00,population,200,0.001,10,1788,data/raw/api/pop_B11_sa_sample.json.gz
2026-10-09T00:24:52+00:00,population,200,0.001,10,1778,data/raw/api/pop_B12_sa_sample.json.gz
2026-10-09T00:24:53+00:00,population,200,0.001,10,1768,data/raw/api/pop_B13_sa_sample.json.gz
2026-10-09T00:24:53+00:00,population,200,0.001,10,1758,data/raw/api/pop_B14_sa_sample.json.gz
2026-10-09T00:24:54+00:00,population,200,0.001,10,1748,data/raw/api/pop_C1_sa_sample.json.gz
2026-10-09T00:24:55+00:00,population,200,0.001,10,1738,data/raw/api/pop_C2_sa_sample.json.gz
2026-10-09T00:24:55+00:00,population,200,0.001,10,1728,data/raw/api/pop_C3_sa_sample.json.gz
2026-10-09T00:24:56+00:00,population,200,0.001,10,1718,data/raw/api/pop_C4_sa_sample.json.gz
2026-10-09T00:24:57+00:00,population,200,0.001,10,1708,data/raw/api/pop_C5_sa_sample.json.gz
2026-10-09T00:24:57+00:00,population,200,0.001,10,1698,data/raw/api/pop_C6_sa_sample.json.gz
2026-10-09T00:24:58+00:00,population,200,0.001,10,1688,data/raw/api/pop_C7_sa_sample.json.gz
2026-10-09T00:24:58+00:00,population,200,0.001,10,1678,data/raw/api/pop_C8_sa_sample.json.gz
2026-10-09T00:24:59+00:00,population,200,0.001,10,1668,data/raw/api/pop_C9_sa_sample.json.gz
2026-10-09T00:24:59+00:00,population,200,0.001,10,1658,data/raw/api/pop_C10_sa_sample.json.gz
2026-10-09T00:25:00+00:00,population,200,0.001,10,1648,data/raw/api/pop_C11_sa_sample.json.gz
2026-10-09T00:25:01+00:00,population,200,0.001,10,1638,data/raw/api/pop_C12_sa_sample.json.gz
2026-10-09T00:25:01+00:00,population,200,0.001,10,1628,data/raw/api/pop_C13_sa_sample.json.gz
2026-10-09T00:25:02+00:00,population,200,0.001,10,1618,data/raw/api/pop_C14_sa_sample.json.gz
2026-10-09T00:25:03+00:00,population,200,0.001,10,1608,data/raw/api/pop_C15_sa_sample.json.gz
2026-10-09T00:25:03+00:00,population,200,0.001,10,1598,data/raw/api/pop_C16_sa_sample.json.gz
2026-10-09T00:25:04+00:00,population,200,0.001,10,1588,data/raw/api/pop_C17_sa_sample.json.gz
2026-10-09T00:25:05+00:00,population,200,0.001,10,1578,data/raw/api/pop_C18_sa_sample.json.gz
2026-10-09T00:26:23+00:00,shortlist,200,0.001,10,1568,data/raw/api/sl_S1_global.json.gz
2026-10-09T00:26:24+00:00,shortlist,200,0.001,10,1558,data/raw/api/sl_S1_india.json.gz
2026-10-09T00:26:25+00:00,shortlist,200,0.001,10,1548,data/raw/api/sl_S1_haryana.json.gz
2026-10-09T00:26:25+00:00,shortlist,200,0.001,10,1538,data/raw/api/sl_S1_sample.json.gz
2026-10-09T00:26:26+00:00,shortlist,200,0.001,10,1528,data/raw/api/sl_S2_global.json.gz
2026-10-09T00:26:26+00:00,shortlist,200,0.001,10,1518,data/raw/api/sl_S2_india.json.gz
2026-10-09T00:26:27+00:00,shortlist,200,0.001,10,1508,data/raw/api/sl_S2_haryana.json.gz
2026-10-09T00:26:27+00:00,shortlist,200,0.001,10,1498,data/raw/api/sl_S2_sample.json.gz
2026-10-09T00:26:28+00:00,shortlist,200,0.001,10,1488,data/raw/api/sl_S3_global.json.gz
2026-10-09T00:26:28+00:00,shortlist,200,0.001,10,1478,data/raw/api/sl_S3_india.json.gz
2026-10-09T00:26:29+00:00,shortlist,200,0.001,10,1468,data/raw/api/sl_S3_haryana.json.gz
2026-10-09T00:26:29+00:00,shortlist,200,0.001,10,1458,data/raw/api/sl_S3_sample.json.gz
2026-10-09T00:26:30+00:00,shortlist,200,0.001,10,1448,data/raw/api/sl_S4_global.json.gz
2026-10-09T00:26:30+00:00,shortlist,200,0.001,10,1438,data/raw/api/sl_S4_india.json.gz
2026-10-09T00:26:30+00:00,shortlist,200,0.001,10,1428,data/raw/api/sl_S4_haryana.json.gz
2026-10-09T00:26:31+00:00,shortlist,200,0.001,10,1418,data/raw/api/sl_S4_sample.json.gz
2026-10-09T00:26:31+00:00,shortlist,200,0.001,10,1408,data/raw/api/sl_S5_global.json.gz
2026-10-09T00:26:32+00:00,shortlist,200,0.001,10,1398,data/raw/api/sl_S5_india.json.gz
2026-10-09T00:26:32+00:00,shortlist,200,0.001,10,1388,data/raw/api/sl_S5_haryana.json.gz
2026-10-09T00:26:33+00:00,shortlist,200,0.001,10,1378,data/raw/api/sl_S5_sample.json.gz
2026-10-09T00:26:33+00:00,shortlist,200,0.001,10,1368,data/raw/api/sl_S6_global.json.gz
2026-10-09T00:26:34+00:00,shortlist,200,0.001,10,1358,data/raw/api/sl_S6_india.json.gz
2026-10-09T00:26:34+00:00,shortlist,200,0.001,10,1348,data/raw/api/sl_S6_haryana.json.gz
2026-10-09T00:26:35+00:00,shortlist,200,0.001,10,1338,data/raw/api/sl_S6_sample.json.gz
2026-10-09T00:26:35+00:00,shortlist,200,0.001,10,1328,data/raw/api/sl_S7_global.json.gz
2026-10-09T00:26:36+00:00,shortlist,200,0.001,10,1318,data/raw/api/sl_S7_sample.json.gz
2026-10-09T00:27:01+00:00,emerging,200,0.0001,1,1317,data/raw/api/emerging_kw_proportionality.json.gz
2026-10-09T00:27:02+00:00,emerging,200,0.0001,1,1316,data/raw/api/emerging_kw_higher-education.json.gz
2026-10-09T00:27:02+00:00,emerging,200,0.0001,1,1315,data/raw/api/emerging_kw_city-logistics.json.gz
2026-10-09T00:27:02+00:00,emerging,200,0.0001,1,1314,data/raw/api/emerging_kw_upi.json.gz
2026-10-09T00:27:03+00:00,emerging,200,0.0001,1,1313,data/raw/api/emerging_kw_mlops.json.gz
2026-10-09T00:27:03+00:00,emerging,200,0.0001,1,1312,data/raw/api/emerging_kw_causal-inference.json.gz
2026-10-09T00:27:04+00:00,emerging,200,0.0001,1,1311,data/raw/api/emerging_kw_k-s-puttaswamy-v-union-of-india.json.gz
2026-10-09T00:27:04+00:00,emerging,200,0.0001,1,1310,data/raw/api/emerging_kw_eu-ai-act.json.gz
2026-10-09T00:27:04+00:00,emerging,200,0.0001,1,1309,data/raw/api/emerging_kw_information-technology-act-2000.json.gz
2026-10-09T00:27:05+00:00,emerging,200,0.0001,1,1308,data/raw/api/emerging_kw_responsible-ai.json.gz
2026-10-09T00:27:05+00:00,emerging,200,0.0001,1,1307,data/raw/api/emerging_kw_direct-benefit-transfer.json.gz
2026-10-09T00:27:06+00:00,emerging,200,0.0001,1,1306,data/raw/api/emerging_kw_data-breaches.json.gz
2026-10-09T00:27:06+00:00,emerging,200,0.0001,1,1305,data/raw/api/emerging_kw_critical-thinking.json.gz
2026-10-09T00:27:06+00:00,emerging,200,0.0001,1,1304,data/raw/api/emerging_kw_medium-sized-cities.json.gz
2026-10-09T00:27:07+00:00,emerging,200,0.0001,1,1303,data/raw/api/emerging_kw_regulatory-compliance.json.gz
2026-10-09T00:27:07+00:00,emerging,200,0.0001,1,1302,data/raw/api/emerging_kw_automation.json.gz
2026-10-09T00:27:08+00:00,emerging,200,0.0001,1,1301,data/raw/api/emerging_kw_privacy-concerns.json.gz
2026-10-09T00:27:08+00:00,emerging,200,0.0001,1,1300,data/raw/api/emerging_kw_cybercrime-legislation.json.gz
2026-10-09T00:27:08+00:00,emerging,200,0.0001,1,1299,data/raw/api/emerging_kw_labour-law.json.gz
2026-10-09T00:27:09+00:00,emerging,200,0.0001,1,1298,data/raw/api/emerging_kw_fintech-adoption.json.gz
2026-10-09T00:27:09+00:00,emerging,200,0.0001,1,1297,data/raw/api/emerging_kw_phishing.json.gz
2026-10-09T00:27:10+00:00,emerging,200,0.0001,1,1296,data/raw/api/emerging_kw_customer-satisfaction.json.gz
2026-10-09T00:27:10+00:00,emerging,200,0.0001,1,1295,data/raw/api/emerging_kw_fundamental-rights.json.gz
2026-10-09T00:27:10+00:00,emerging,200,0.0001,1,1294,data/raw/api/emerging_kw_mobile-wallets.json.gz
2026-10-09T00:27:11+00:00,emerging,200,0.0001,1,1293,data/raw/api/emerging_kw_personal-data-protection.json.gz
2026-10-09T00:27:11+00:00,emerging,200,0.0001,1,1292,data/raw/api/emerging_kw_identity-theft.json.gz
2026-10-09T00:27:12+00:00,emerging,200,0.0001,1,1291,data/raw/api/emerging_kw_mobile-banking.json.gz
2026-10-09T00:27:12+00:00,emerging,200,0.0001,1,1290,data/raw/api/emerging_kw_occupational-safety.json.gz
2026-10-09T00:27:12+00:00,emerging,200,0.0001,1,1289,data/raw/api/emerging_kw_migrant-workers.json.gz
2026-10-09T00:27:13+00:00,emerging,200,0.0001,1,1288,data/raw/api/emerging_kw_cyberbullying.json.gz
2026-10-09T00:27:13+00:00,emerging,200,0.0001,1,1287,data/raw/api/emerging_kw_digital-rights.json.gz
2026-10-09T00:28:49+00:00,recall,200,0.001,10,1277,data/raw/api/recall_query_stage2_gb05a2baa6011.json.gz
2026-10-09T00:28:51+00:00,recall,200,0.001,10,1267,data/raw/api/recall_query_stage2_g9870c4e55f81.json.gz
2026-10-09T00:28:53+00:00,recall,200,0.001,10,1257,data/raw/api/recall_query_stage2_ga8e35cf217e8.json.gz
2026-10-09T00:28:54+00:00,recall,200,0.001,10,1247,data/raw/api/recall_query_stage2_g4b2635afb5da.json.gz
2026-10-09T00:28:55+00:00,recall,200,0.001,10,1237,data/raw/api/recall_query_stage2_g49cfb2ad0b12.json.gz
2026-10-09T00:28:55+00:00,recall,200,0.001,10,1227,data/raw/api/recall_query_stage2_gc08a93289962.json.gz
2026-10-09T00:28:56+00:00,recall,200,0.001,10,1217,data/raw/api/recall_query_stage2_gf7e1ac95c4d6.json.gz
2026-10-09T00:28:57+00:00,recall,200,0.001,10,1207,data/raw/api/recall_query_stage2_g830312be03a4.json.gz
2026-10-09T00:28:58+00:00,recall,200,0.001,10,1197,data/raw/api/recall_query_stage2_g7588420030a3.json.gz
2026-10-09T00:28:58+00:00,recall,200,0.001,10,1187,data/raw/api/recall_query_stage2_g08d5359806db.json.gz
2026-10-09T00:39:15+00:00,emerging,200,0.0001,1,1186,data/raw/api/emerging_kw_technology-acceptance-model.json.gz
